-- The C compiler identification is GNU 11.4.0
-- The CXX compiler identification is GNU 11.4.0
-- Detecting C compiler ABI info
-- Detecting C compiler ABI info - done
-- Check for working C compiler: /usr/bin/cc - skipped
-- Detecting C compile features
-- Detecting C compile features - done
-- Detecting CXX compiler ABI info
-- Detecting CXX compiler ABI info - done
-- Check for working CXX compiler: /usr/bin/c++ - skipped
-- Detecting CXX compile features
-- Detecting CXX compile features - done
-- Found ament_cmake: 1.3.14 (/opt/ros/humble/share/ament_cmake/cmake)
-- Found Python3: /usr/bin/python3 (found version "3.10.12") found components: Interpreter 
-- Found builtin_interfaces: 1.2.2 (/opt/ros/humble/share/builtin_interfaces/cmake)
-- Found rosidl_generator_c: 3.1.8 (/opt/ros/humble/share/rosidl_generator_c/cmake)
-- Found rosidl_adapter: 3.1.8 (/opt/ros/humble/share/rosidl_adapter/cmake)
-- Found rosidl_generator_cpp: 3.1.8 (/opt/ros/humble/share/rosidl_generator_cpp/cmake)
-- Using all available rosidl_typesupport_c: rosidl_typesupport_fastrtps_c;rosidl_typesupport_introspection_c
-- Using all available rosidl_typesupport_cpp: rosidl_typesupport_fastrtps_cpp;rosidl_typesupport_introspection_cpp
-- Found rosidl_default_generators: 1.2.1 (/opt/ros/humble/share/rosidl_default_generators/cmake)
-- Found geometry_msgs: 4.9.1 (/opt/ros/humble/share/geometry_msgs/cmake)
-- Found ament_cmake_ros: 0.10.0 (/opt/ros/humble/share/ament_cmake_ros/cmake)
-- Using all available rosidl_typesupport_c: rosidl_typesupport_fastrtps_c;rosidl_typesupport_introspection_c
-- Using all available rosidl_typesupport_cpp: rosidl_typesupport_fastrtps_cpp;rosidl_typesupport_introspection_cpp
-- Found PythonInterp: /usr/bin/python3 (found suitable version "3.10.12", minimum required is "3.6") 
-- Found python_cmake_module: 0.10.0 (/opt/ros/humble/share/python_cmake_module/cmake)
-- Found PythonLibs: /usr/lib/x86_64-linux-gnu/libpython3.10.so (found suitable version "3.10.12", minimum required is "3.5") 
-- Using PYTHON_EXECUTABLE: /usr/bin/python3
-- Using PYTHON_INCLUDE_DIRS: /usr/include/python3.10
-- Using PYTHON_LIBRARIES: /usr/lib/x86_64-linux-gnu/libpython3.10.so
-- Found PythonExtra: .so  
-- Configuring done
-- Generating done
-- Build files have been written to: /home/basmala/mir250_ws/src/MiR250/MIR_250/build/mir_msgs
[  0%] [34m[1mGenerating C code for ROS interfaces[0m
[  1%] [34m[1mGenerating Rust code for ROS interfaces[0m
[  1%] [34m[1mGenerating C++ code for ROS interfaces[0m
[  1%] Built target ament_cmake_python_copy_mir_msgs
running egg_info
creating mir_msgs.egg-info
writing mir_msgs.egg-info/PKG-INFO
writing dependency_links to mir_msgs.egg-info/dependency_links.txt
writing top-level names to mir_msgs.egg-info/top_level.txt
writing manifest file 'mir_msgs.egg-info/SOURCES.txt'
reading manifest file 'mir_msgs.egg-info/SOURCES.txt'
writing manifest file 'mir_msgs.egg-info/SOURCES.txt'
[  1%] Built target ament_cmake_python_build_mir_msgs_egg
[  1%] Built target mir_msgs__rs
[  1%] Built target mir_msgs__cpp
[  1%] [34m[1mGenerating C++ type support dispatch for ROS interfaces[0m
[  1%] [34m[1mGenerating C++ introspection for ROS interfaces[0m
[  1%] [34m[1mGenerating C++ type support for eProsima Fast-RTPS[0m
[  1%] [32mBuilding C object CMakeFiles/mir_msgs__rosidl_generator_c.dir/rosidl_generator_c/mir_msgs/msg/detail/bms_data__functions.c.o[0m
[  1%] [32mBuilding C object CMakeFiles/mir_msgs__rosidl_generator_c.dir/rosidl_generator_c/mir_msgs/msg/detail/brake_state__functions.c.o[0m
[  1%] [32mBuilding C object CMakeFiles/mir_msgs__rosidl_generator_c.dir/rosidl_generator_c/mir_msgs/msg/detail/charging_state__functions.c.o[0m
[  1%] [32mBuilding C object CMakeFiles/mir_msgs__rosidl_generator_c.dir/rosidl_generator_c/mir_msgs/msg/detail/devices__functions.c.o[0m
[  1%] [32mBuilding C object CMakeFiles/mir_msgs__rosidl_generator_c.dir/rosidl_generator_c/mir_msgs/msg/detail/error__functions.c.o[0m
[  2%] [32mBuilding C object CMakeFiles/mir_msgs__rosidl_generator_c.dir/rosidl_generator_c/mir_msgs/msg/detail/event__functions.c.o[0m
[  2%] [32mBuilding C object CMakeFiles/mir_msgs__rosidl_generator_c.dir/rosidl_generator_c/mir_msgs/msg/detail/events__functions.c.o[0m
[  3%] [32mBuilding C object CMakeFiles/mir_msgs__rosidl_generator_c.dir/rosidl_generator_c/mir_msgs/msg/detail/battery_currents__functions.c.o[0m
[  4%] [32mBuilding C object CMakeFiles/mir_msgs__rosidl_generator_c.dir/rosidl_generator_c/mir_msgs/msg/detail/device__functions.c.o[0m
[  4%] [32mBuilding C object CMakeFiles/mir_msgs__rosidl_generator_c.dir/rosidl_generator_c/mir_msgs/msg/detail/external_robot__functions.c.o[0m
[  4%] [32mBuilding C object CMakeFiles/mir_msgs__rosidl_generator_c.dir/rosidl_generator_c/mir_msgs/msg/detail/encoders__functions.c.o[0m
[  4%] [32mBuilding C object CMakeFiles/mir_msgs__rosidl_generator_c.dir/rosidl_generator_c/mir_msgs/msg/detail/external_robots__functions.c.o[0m
[  4%] [32mBuilding C object CMakeFiles/mir_msgs__rosidl_generator_c.dir/rosidl_generator_c/mir_msgs/msg/detail/hook_extended_status__functions.c.o[0m
[  5%] [32mBuilding C object CMakeFiles/mir_msgs__rosidl_generator_c.dir/rosidl_generator_c/mir_msgs/msg/detail/hook_status__functions.c.o[0m
[  5%] [32mBuilding C object CMakeFiles/mir_msgs__rosidl_generator_c.dir/rosidl_generator_c/mir_msgs/msg/detail/height_state__functions.c.o[0m
[  6%] [32mBuilding C object CMakeFiles/mir_msgs__rosidl_generator_c.dir/rosidl_generator_c/mir_msgs/msg/detail/gpio__functions.c.o[0m
[  6%] [32mBuilding C object CMakeFiles/mir_msgs__rosidl_generator_c.dir/rosidl_generator_c/mir_msgs/msg/detail/gripper_state__functions.c.o[0m
[  6%] [32mBuilding C object CMakeFiles/mir_msgs__rosidl_generator_c.dir/rosidl_generator_c/mir_msgs/msg/detail/joystick_vel__functions.c.o[0m
[  6%] [32mBuilding C object CMakeFiles/mir_msgs__rosidl_generator_c.dir/rosidl_generator_c/mir_msgs/msg/detail/i_os__functions.c.o[0m
[  6%] [32mBuilding C object CMakeFiles/mir_msgs__rosidl_generator_c.dir/rosidl_generator_c/mir_msgs/msg/detail/local_map_stat__functions.c.o[0m
[  6%] [32mBuilding C object CMakeFiles/mir_msgs__rosidl_generator_c.dir/rosidl_generator_c/mir_msgs/msg/detail/mission_ctrl_command__functions.c.o[0m
[  7%] [32mBuilding C object CMakeFiles/mir_msgs__rosidl_generator_c.dir/rosidl_generator_c/mir_msgs/msg/detail/mir_extra__functions.c.o[0m
[  7%] [32mBuilding C object CMakeFiles/mir_msgs__rosidl_generator_c.dir/rosidl_generator_c/mir_msgs/msg/detail/pallet_lifter_status__functions.c.o[0m
[  7%] [32mBuilding C object CMakeFiles/mir_msgs__rosidl_generator_c.dir/rosidl_generator_c/mir_msgs/msg/detail/pendant__functions.c.o[0m
[  8%] [32mBuilding C object CMakeFiles/mir_msgs__rosidl_generator_c.dir/rosidl_generator_c/mir_msgs/msg/detail/path__functions.c.o[0m
[  8%] [32mBuilding C object CMakeFiles/mir_msgs__rosidl_generator_c.dir/rosidl_generator_c/mir_msgs/msg/detail/mission_ctrl_state__functions.c.o[0m
[  8%] [32mBuilding C object CMakeFiles/mir_msgs__rosidl_generator_c.dir/rosidl_generator_c/mir_msgs/msg/detail/plan_segment__functions.c.o[0m
[  8%] [32mBuilding C object CMakeFiles/mir_msgs__rosidl_generator_c.dir/rosidl_generator_c/mir_msgs/msg/detail/power_board_motor_status__functions.c.o[0m
[  8%] [32mBuilding C object CMakeFiles/mir_msgs__rosidl_generator_c.dir/rosidl_generator_c/mir_msgs/msg/detail/plan_segments__functions.c.o[0m
[  9%] [32mBuilding C object CMakeFiles/mir_msgs__rosidl_generator_c.dir/rosidl_generator_c/mir_msgs/msg/detail/pose2_d__functions.c.o[0m
[  9%] [32mBuilding C object CMakeFiles/mir_msgs__rosidl_generator_c.dir/rosidl_generator_c/mir_msgs/msg/detail/proximity__functions.c.o[0m
[  9%] [32mBuilding C object CMakeFiles/mir_msgs__rosidl_generator_c.dir/rosidl_generator_c/mir_msgs/msg/detail/resources_state__functions.c.o[0m
[ 10%] [32mBuilding C object CMakeFiles/mir_msgs__rosidl_generator_c.dir/rosidl_generator_c/mir_msgs/msg/detail/resource_state__functions.c.o[0m
[ 10%] [32mBuilding C object CMakeFiles/mir_msgs__rosidl_generator_c.dir/rosidl_generator_c/mir_msgs/msg/detail/robot_mode__functions.c.o[0m
[ 10%] [32mBuilding C object CMakeFiles/mir_msgs__rosidl_generator_c.dir/rosidl_generator_c/mir_msgs/msg/detail/robot_state__functions.c.o[0m
[ 10%] [32mBuilding C object CMakeFiles/mir_msgs__rosidl_generator_c.dir/rosidl_generator_c/mir_msgs/msg/detail/robot_status__functions.c.o[0m
[ 10%] [32mBuilding C object CMakeFiles/mir_msgs__rosidl_generator_c.dir/rosidl_generator_c/mir_msgs/msg/detail/serial__functions.c.o[0m
[ 11%] [32mBuilding C object CMakeFiles/mir_msgs__rosidl_generator_c.dir/rosidl_generator_c/mir_msgs/msg/detail/safety_status__functions.c.o[0m
[ 11%] [32mBuilding C object CMakeFiles/mir_msgs__rosidl_generator_c.dir/rosidl_generator_c/mir_msgs/msg/detail/stamped_encoders__functions.c.o[0m
[ 12%] [32mBuilding C object CMakeFiles/mir_msgs__rosidl_generator_c.dir/rosidl_generator_c/mir_msgs/msg/detail/twist2_d__functions.c.o[0m
[ 12%] [32mBuilding C object CMakeFiles/mir_msgs__rosidl_generator_c.dir/rosidl_generator_c/mir_msgs/msg/detail/trolley__functions.c.o[0m
[ 12%] [32mBuilding C object CMakeFiles/mir_msgs__rosidl_generator_c.dir/rosidl_generator_c/mir_msgs/msg/detail/web_path__functions.c.o[0m
[ 12%] [32mBuilding C object CMakeFiles/mir_msgs__rosidl_generator_c.dir/rosidl_generator_c/mir_msgs/msg/detail/user_prompt__functions.c.o[0m
[ 12%] [32mBuilding C object CMakeFiles/mir_msgs__rosidl_generator_c.dir/rosidl_generator_c/mir_msgs/msg/detail/world_map__functions.c.o[0m
[ 12%] [32mBuilding C object CMakeFiles/mir_msgs__rosidl_generator_c.dir/rosidl_generator_c/mir_msgs/srv/detail/exec_mission__functions.c.o[0m
[ 13%] [32mBuilding C object CMakeFiles/mir_msgs__rosidl_generator_c.dir/rosidl_generator_c/mir_msgs/msg/detail/world_model__functions.c.o[0m
[ 13%] [32m[1mLinking C shared library libmir_msgs__rosidl_generator_c.so[0m
[ 13%] Built target mir_msgs__rosidl_generator_c
[ 14%] [34m[1mGenerating C type support for eProsima Fast-RTPS[0m
[ 15%] [34m[1mGenerating C introspection for ROS interfaces[0m
[ 16%] [34m[1mGenerating C type support dispatch for ROS interfaces[0m
[ 16%] [32mBuilding CXX object CMakeFiles/mir_msgs__rosidl_typesupport_c.dir/rosidl_typesupport_c/mir_msgs/msg/brake_state__type_support.cpp.o[0m
[ 16%] [32mBuilding CXX object CMakeFiles/mir_msgs__rosidl_typesupport_c.dir/rosidl_typesupport_c/mir_msgs/msg/battery_currents__type_support.cpp.o[0m
[ 16%] [32mBuilding CXX object CMakeFiles/mir_msgs__rosidl_typesupport_c.dir/rosidl_typesupport_c/mir_msgs/msg/encoders__type_support.cpp.o[0m
[ 17%] [32mBuilding CXX object CMakeFiles/mir_msgs__rosidl_typesupport_c.dir/rosidl_typesupport_c/mir_msgs/msg/events__type_support.cpp.o[0m
[ 17%] [32mBuilding CXX object CMakeFiles/mir_msgs__rosidl_typesupport_c.dir/rosidl_typesupport_c/mir_msgs/msg/devices__type_support.cpp.o[0m
[ 18%] [32mBuilding CXX object CMakeFiles/mir_msgs__rosidl_typesupport_c.dir/rosidl_typesupport_c/mir_msgs/msg/charging_state__type_support.cpp.o[0m
[ 18%] [32mBuilding CXX object CMakeFiles/mir_msgs__rosidl_typesupport_c.dir/rosidl_typesupport_c/mir_msgs/msg/event__type_support.cpp.o[0m
[ 18%] [32mBuilding CXX object CMakeFiles/mir_msgs__rosidl_typesupport_c.dir/rosidl_typesupport_c/mir_msgs/msg/error__type_support.cpp.o[0m
[ 18%] [32mBuilding CXX object CMakeFiles/mir_msgs__rosidl_typesupport_c.dir/rosidl_typesupport_c/mir_msgs/msg/device__type_support.cpp.o[0m
[ 19%] [32mBuilding CXX object CMakeFiles/mir_msgs__rosidl_typesupport_c.dir/rosidl_typesupport_c/mir_msgs/msg/external_robots__type_support.cpp.o[0m
[ 19%] [32mBuilding CXX object CMakeFiles/mir_msgs__rosidl_typesupport_c.dir/rosidl_typesupport_c/mir_msgs/msg/bms_data__type_support.cpp.o[0m
[ 19%] [32mBuilding CXX object CMakeFiles/mir_msgs__rosidl_typesupport_c.dir/rosidl_typesupport_c/mir_msgs/msg/gpio__type_support.cpp.o[0m
[ 19%] [32mBuilding CXX object CMakeFiles/mir_msgs__rosidl_typesupport_c.dir/rosidl_typesupport_c/mir_msgs/msg/external_robot__type_support.cpp.o[0m
[ 19%] [32mBuilding CXX object CMakeFiles/mir_msgs__rosidl_typesupport_c.dir/rosidl_typesupport_c/mir_msgs/msg/gripper_state__type_support.cpp.o[0m
[ 19%] [32mBuilding CXX object CMakeFiles/mir_msgs__rosidl_typesupport_c.dir/rosidl_typesupport_c/mir_msgs/msg/height_state__type_support.cpp.o[0m
[ 19%] [32mBuilding CXX object CMakeFiles/mir_msgs__rosidl_typesupport_c.dir/rosidl_typesupport_c/mir_msgs/msg/hook_status__type_support.cpp.o[0m
[ 19%] [32mBuilding CXX object CMakeFiles/mir_msgs__rosidl_typesupport_c.dir/rosidl_typesupport_c/mir_msgs/msg/i_os__type_support.cpp.o[0m
[ 19%] [32mBuilding CXX object CMakeFiles/mir_msgs__rosidl_typesupport_c.dir/rosidl_typesupport_c/mir_msgs/msg/joystick_vel__type_support.cpp.o[0m
[ 20%] [32mBuilding CXX object CMakeFiles/mir_msgs__rosidl_typesupport_c.dir/rosidl_typesupport_c/mir_msgs/msg/local_map_stat__type_support.cpp.o[0m
[ 21%] [32mBuilding CXX object CMakeFiles/mir_msgs__rosidl_typesupport_c.dir/rosidl_typesupport_c/mir_msgs/msg/hook_extended_status__type_support.cpp.o[0m
[ 21%] [32mBuilding CXX object CMakeFiles/mir_msgs__rosidl_typesupport_c.dir/rosidl_typesupport_c/mir_msgs/msg/mir_extra__type_support.cpp.o[0m
[ 21%] [32mBuilding CXX object CMakeFiles/mir_msgs__rosidl_typesupport_c.dir/rosidl_typesupport_c/mir_msgs/msg/mission_ctrl_command__type_support.cpp.o[0m
[ 21%] [32mBuilding CXX object CMakeFiles/mir_msgs__rosidl_typesupport_c.dir/rosidl_typesupport_c/mir_msgs/msg/mission_ctrl_state__type_support.cpp.o[0m
[ 21%] [32mBuilding CXX object CMakeFiles/mir_msgs__rosidl_typesupport_c.dir/rosidl_typesupport_c/mir_msgs/msg/path__type_support.cpp.o[0m
[ 22%] [32mBuilding CXX object CMakeFiles/mir_msgs__rosidl_typesupport_c.dir/rosidl_typesupport_c/mir_msgs/msg/pallet_lifter_status__type_support.cpp.o[0m
[ 22%] [32mBuilding CXX object CMakeFiles/mir_msgs__rosidl_typesupport_c.dir/rosidl_typesupport_c/mir_msgs/msg/plan_segment__type_support.cpp.o[0m
[ 22%] [32mBuilding CXX object CMakeFiles/mir_msgs__rosidl_typesupport_c.dir/rosidl_typesupport_c/mir_msgs/msg/pendant__type_support.cpp.o[0m
[ 23%] [32mBuilding CXX object CMakeFiles/mir_msgs__rosidl_typesupport_c.dir/rosidl_typesupport_c/mir_msgs/msg/plan_segments__type_support.cpp.o[0m
[ 23%] [32mBuilding CXX object CMakeFiles/mir_msgs__rosidl_typesupport_c.dir/rosidl_typesupport_c/mir_msgs/msg/pose2_d__type_support.cpp.o[0m
[ 23%] [32mBuilding CXX object CMakeFiles/mir_msgs__rosidl_typesupport_c.dir/rosidl_typesupport_c/mir_msgs/msg/power_board_motor_status__type_support.cpp.o[0m
[ 23%] [32mBuilding CXX object CMakeFiles/mir_msgs__rosidl_typesupport_c.dir/rosidl_typesupport_c/mir_msgs/msg/proximity__type_support.cpp.o[0m
[ 24%] [32mBuilding CXX object CMakeFiles/mir_msgs__rosidl_typesupport_c.dir/rosidl_typesupport_c/mir_msgs/msg/resources_state__type_support.cpp.o[0m
[ 24%] [32mBuilding CXX object CMakeFiles/mir_msgs__rosidl_typesupport_c.dir/rosidl_typesupport_c/mir_msgs/msg/resource_state__type_support.cpp.o[0m
[ 24%] [32mBuilding CXX object CMakeFiles/mir_msgs__rosidl_typesupport_c.dir/rosidl_typesupport_c/mir_msgs/msg/robot_mode__type_support.cpp.o[0m
[ 24%] [32mBuilding CXX object CMakeFiles/mir_msgs__rosidl_typesupport_c.dir/rosidl_typesupport_c/mir_msgs/msg/robot_state__type_support.cpp.o[0m
[ 24%] [32mBuilding CXX object CMakeFiles/mir_msgs__rosidl_typesupport_c.dir/rosidl_typesupport_c/mir_msgs/msg/safety_status__type_support.cpp.o[0m
[ 25%] [32mBuilding CXX object CMakeFiles/mir_msgs__rosidl_typesupport_c.dir/rosidl_typesupport_c/mir_msgs/msg/robot_status__type_support.cpp.o[0m
[ 25%] [32mBuilding CXX object CMakeFiles/mir_msgs__rosidl_typesupport_c.dir/rosidl_typesupport_c/mir_msgs/msg/stamped_encoders__type_support.cpp.o[0m
[ 26%] [32mBuilding CXX object CMakeFiles/mir_msgs__rosidl_typesupport_c.dir/rosidl_typesupport_c/mir_msgs/msg/trolley__type_support.cpp.o[0m
[ 26%] [32mBuilding CXX object CMakeFiles/mir_msgs__rosidl_typesupport_c.dir/rosidl_typesupport_c/mir_msgs/msg/twist2_d__type_support.cpp.o[0m
[ 26%] [32mBuilding CXX object CMakeFiles/mir_msgs__rosidl_typesupport_c.dir/rosidl_typesupport_c/mir_msgs/msg/serial__type_support.cpp.o[0m
[ 26%] [32mBuilding CXX object CMakeFiles/mir_msgs__rosidl_typesupport_c.dir/rosidl_typesupport_c/mir_msgs/msg/user_prompt__type_support.cpp.o[0m
[ 27%] [32mBuilding CXX object CMakeFiles/mir_msgs__rosidl_typesupport_c.dir/rosidl_typesupport_c/mir_msgs/msg/world_map__type_support.cpp.o[0m
[ 27%] [32mBuilding CXX object CMakeFiles/mir_msgs__rosidl_typesupport_c.dir/rosidl_typesupport_c/mir_msgs/msg/web_path__type_support.cpp.o[0m
[ 27%] [32mBuilding CXX object CMakeFiles/mir_msgs__rosidl_typesupport_c.dir/rosidl_typesupport_c/mir_msgs/msg/world_model__type_support.cpp.o[0m
[ 27%] [32mBuilding CXX object CMakeFiles/mir_msgs__rosidl_typesupport_c.dir/rosidl_typesupport_c/mir_msgs/srv/exec_mission__type_support.cpp.o[0m
[ 27%] [32m[1mLinking CXX shared library libmir_msgs__rosidl_typesupport_c.so[0m
[ 28%] [32mBuilding CXX object CMakeFiles/mir_msgs__rosidl_typesupport_cpp.dir/rosidl_typesupport_cpp/mir_msgs/msg/battery_currents__type_support.cpp.o[0m
[ 28%] [32mBuilding CXX object CMakeFiles/mir_msgs__rosidl_typesupport_cpp.dir/rosidl_typesupport_cpp/mir_msgs/msg/bms_data__type_support.cpp.o[0m
[ 29%] [32mBuilding CXX object CMakeFiles/mir_msgs__rosidl_typesupport_cpp.dir/rosidl_typesupport_cpp/mir_msgs/msg/device__type_support.cpp.o[0m
[ 29%] [32mBuilding CXX object CMakeFiles/mir_msgs__rosidl_typesupport_cpp.dir/rosidl_typesupport_cpp/mir_msgs/msg/charging_state__type_support.cpp.o[0m
[ 29%] [32mBuilding CXX object CMakeFiles/mir_msgs__rosidl_typesupport_cpp.dir/rosidl_typesupport_cpp/mir_msgs/msg/devices__type_support.cpp.o[0m
[ 29%] [32mBuilding CXX object CMakeFiles/mir_msgs__rosidl_typesupport_cpp.dir/rosidl_typesupport_cpp/mir_msgs/msg/encoders__type_support.cpp.o[0m
[ 29%] [32mBuilding CXX object CMakeFiles/mir_msgs__rosidl_typesupport_cpp.dir/rosidl_typesupport_cpp/mir_msgs/msg/error__type_support.cpp.o[0m
[ 30%] [32mBuilding CXX object CMakeFiles/mir_msgs__rosidl_typesupport_cpp.dir/rosidl_typesupport_cpp/mir_msgs/msg/event__type_support.cpp.o[0m
[ 30%] [32mBuilding CXX object CMakeFiles/mir_msgs__rosidl_typesupport_cpp.dir/rosidl_typesupport_cpp/mir_msgs/msg/brake_state__type_support.cpp.o[0m
[ 30%] [32mBuilding CXX object CMakeFiles/mir_msgs__rosidl_typesupport_cpp.dir/rosidl_typesupport_cpp/mir_msgs/msg/events__type_support.cpp.o[0m
[ 30%] [32mBuilding CXX object CMakeFiles/mir_msgs__rosidl_typesupport_cpp.dir/rosidl_typesupport_cpp/mir_msgs/msg/external_robots__type_support.cpp.o[0m
[ 30%] [32mBuilding CXX object CMakeFiles/mir_msgs__rosidl_typesupport_cpp.dir/rosidl_typesupport_cpp/mir_msgs/msg/gripper_state__type_support.cpp.o[0m
[ 30%] [32mBuilding CXX object CMakeFiles/mir_msgs__rosidl_typesupport_cpp.dir/rosidl_typesupport_cpp/mir_msgs/msg/external_robot__type_support.cpp.o[0m
[ 30%] [32mBuilding CXX object CMakeFiles/mir_msgs__rosidl_typesupport_cpp.dir/rosidl_typesupport_cpp/mir_msgs/msg/height_state__type_support.cpp.o[0m
[ 31%] [32mBuilding CXX object CMakeFiles/mir_msgs__rosidl_typesupport_cpp.dir/rosidl_typesupport_cpp/mir_msgs/msg/gpio__type_support.cpp.o[0m
[ 32%] [32mBuilding CXX object CMakeFiles/mir_msgs__rosidl_typesupport_introspection_cpp.dir/rosidl_typesupport_introspection_cpp/mir_msgs/msg/detail/battery_currents__type_support.cpp.o[0m
[ 32%] Built target mir_msgs__rosidl_typesupport_c
[ 32%] [32mBuilding CXX object CMakeFiles/mir_msgs__rosidl_typesupport_cpp.dir/rosidl_typesupport_cpp/mir_msgs/msg/hook_extended_status__type_support.cpp.o[0m
[ 33%] [32mBuilding CXX object CMakeFiles/mir_msgs__rosidl_typesupport_cpp.dir/rosidl_typesupport_cpp/mir_msgs/msg/hook_status__type_support.cpp.o[0m
[ 33%] [32mBuilding CXX object CMakeFiles/mir_msgs__rosidl_typesupport_introspection_cpp.dir/rosidl_typesupport_introspection_cpp/mir_msgs/msg/detail/bms_data__type_support.cpp.o[0m
[ 33%] [32mBuilding CXX object CMakeFiles/mir_msgs__rosidl_typesupport_cpp.dir/rosidl_typesupport_cpp/mir_msgs/msg/i_os__type_support.cpp.o[0m
[ 33%] [32mBuilding CXX object CMakeFiles/mir_msgs__rosidl_typesupport_introspection_cpp.dir/rosidl_typesupport_introspection_cpp/mir_msgs/msg/detail/brake_state__type_support.cpp.o[0m
[ 33%] [32mBuilding CXX object CMakeFiles/mir_msgs__rosidl_typesupport_cpp.dir/rosidl_typesupport_cpp/mir_msgs/msg/joystick_vel__type_support.cpp.o[0m
[ 33%] [32mBuilding CXX object CMakeFiles/mir_msgs__rosidl_typesupport_cpp.dir/rosidl_typesupport_cpp/mir_msgs/msg/local_map_stat__type_support.cpp.o[0m
[ 33%] [32mBuilding CXX object CMakeFiles/mir_msgs__rosidl_typesupport_introspection_cpp.dir/rosidl_typesupport_introspection_cpp/mir_msgs/msg/detail/charging_state__type_support.cpp.o[0m
[ 34%] [32mBuilding CXX object CMakeFiles/mir_msgs__rosidl_typesupport_cpp.dir/rosidl_typesupport_cpp/mir_msgs/msg/mir_extra__type_support.cpp.o[0m
[ 35%] [32mBuilding CXX object CMakeFiles/mir_msgs__rosidl_typesupport_introspection_cpp.dir/rosidl_typesupport_introspection_cpp/mir_msgs/msg/detail/device__type_support.cpp.o[0m
[ 35%] [32mBuilding CXX object CMakeFiles/mir_msgs__rosidl_typesupport_introspection_cpp.dir/rosidl_typesupport_introspection_cpp/mir_msgs/msg/detail/devices__type_support.cpp.o[0m
[ 35%] [32mBuilding CXX object CMakeFiles/mir_msgs__rosidl_typesupport_cpp.dir/rosidl_typesupport_cpp/mir_msgs/msg/mission_ctrl_command__type_support.cpp.o[0m
[ 35%] [32mBuilding CXX object CMakeFiles/mir_msgs__rosidl_typesupport_cpp.dir/rosidl_typesupport_cpp/mir_msgs/msg/mission_ctrl_state__type_support.cpp.o[0m
[ 35%] [32mBuilding CXX object CMakeFiles/mir_msgs__rosidl_typesupport_introspection_cpp.dir/rosidl_typesupport_introspection_cpp/mir_msgs/msg/detail/encoders__type_support.cpp.o[0m
[ 35%] [32mBuilding CXX object CMakeFiles/mir_msgs__rosidl_typesupport_introspection_cpp.dir/rosidl_typesupport_introspection_cpp/mir_msgs/msg/detail/error__type_support.cpp.o[0m
[ 35%] [32mBuilding CXX object CMakeFiles/mir_msgs__rosidl_typesupport_cpp.dir/rosidl_typesupport_cpp/mir_msgs/msg/pallet_lifter_status__type_support.cpp.o[0m
[ 36%] [32mBuilding CXX object CMakeFiles/mir_msgs__rosidl_typesupport_introspection_cpp.dir/rosidl_typesupport_introspection_cpp/mir_msgs/msg/detail/event__type_support.cpp.o[0m
[ 37%] [32mBuilding CXX object CMakeFiles/mir_msgs__rosidl_typesupport_cpp.dir/rosidl_typesupport_cpp/mir_msgs/msg/path__type_support.cpp.o[0m
[ 37%] [32mBuilding CXX object CMakeFiles/mir_msgs__rosidl_typesupport_introspection_cpp.dir/rosidl_typesupport_introspection_cpp/mir_msgs/msg/detail/events__type_support.cpp.o[0m
[ 37%] [32mBuilding CXX object CMakeFiles/mir_msgs__rosidl_typesupport_introspection_cpp.dir/rosidl_typesupport_introspection_cpp/mir_msgs/msg/detail/external_robot__type_support.cpp.o[0m
[ 37%] [32mBuilding CXX object CMakeFiles/mir_msgs__rosidl_typesupport_introspection_cpp.dir/rosidl_typesupport_introspection_cpp/mir_msgs/msg/detail/external_robots__type_support.cpp.o[0m
[ 37%] [32mBuilding CXX object CMakeFiles/mir_msgs__rosidl_typesupport_cpp.dir/rosidl_typesupport_cpp/mir_msgs/msg/pendant__type_support.cpp.o[0m
[ 38%] [32mBuilding CXX object CMakeFiles/mir_msgs__rosidl_typesupport_introspection_cpp.dir/rosidl_typesupport_introspection_cpp/mir_msgs/msg/detail/gpio__type_support.cpp.o[0m
[ 38%] [32mBuilding CXX object CMakeFiles/mir_msgs__rosidl_typesupport_cpp.dir/rosidl_typesupport_cpp/mir_msgs/msg/plan_segment__type_support.cpp.o[0m
[ 38%] [32mBuilding CXX object CMakeFiles/mir_msgs__rosidl_typesupport_introspection_cpp.dir/rosidl_typesupport_introspection_cpp/mir_msgs/msg/detail/gripper_state__type_support.cpp.o[0m
[ 39%] [32mBuilding CXX object CMakeFiles/mir_msgs__rosidl_typesupport_cpp.dir/rosidl_typesupport_cpp/mir_msgs/msg/pose2_d__type_support.cpp.o[0m
[ 39%] [32mBuilding CXX object CMakeFiles/mir_msgs__rosidl_typesupport_cpp.dir/rosidl_typesupport_cpp/mir_msgs/msg/plan_segments__type_support.cpp.o[0m
[ 39%] [32mBuilding CXX object CMakeFiles/mir_msgs__rosidl_typesupport_cpp.dir/rosidl_typesupport_cpp/mir_msgs/msg/power_board_motor_status__type_support.cpp.o[0m
[ 39%] [32mBuilding CXX object CMakeFiles/mir_msgs__rosidl_typesupport_cpp.dir/rosidl_typesupport_cpp/mir_msgs/msg/proximity__type_support.cpp.o[0m
[ 39%] [32mBuilding CXX object CMakeFiles/mir_msgs__rosidl_typesupport_cpp.dir/rosidl_typesupport_cpp/mir_msgs/msg/resources_state__type_support.cpp.o[0m
[ 39%] [32mBuilding CXX object CMakeFiles/mir_msgs__rosidl_typesupport_introspection_cpp.dir/rosidl_typesupport_introspection_cpp/mir_msgs/msg/detail/height_state__type_support.cpp.o[0m
[ 40%] [32mBuilding CXX object CMakeFiles/mir_msgs__rosidl_typesupport_introspection_cpp.dir/rosidl_typesupport_introspection_cpp/mir_msgs/msg/detail/hook_status__type_support.cpp.o[0m
[ 40%] [32mBuilding CXX object CMakeFiles/mir_msgs__rosidl_typesupport_introspection_cpp.dir/rosidl_typesupport_introspection_cpp/mir_msgs/msg/detail/hook_extended_status__type_support.cpp.o[0m
[ 41%] [32mBuilding CXX object CMakeFiles/mir_msgs__rosidl_typesupport_cpp.dir/rosidl_typesupport_cpp/mir_msgs/msg/resource_state__type_support.cpp.o[0m
[ 41%] [32mBuilding CXX object CMakeFiles/mir_msgs__rosidl_typesupport_cpp.dir/rosidl_typesupport_cpp/mir_msgs/msg/robot_mode__type_support.cpp.o[0m
[ 41%] [32mBuilding CXX object CMakeFiles/mir_msgs__rosidl_typesupport_introspection_cpp.dir/rosidl_typesupport_introspection_cpp/mir_msgs/msg/detail/i_os__type_support.cpp.o[0m
[ 41%] [32mBuilding CXX object CMakeFiles/mir_msgs__rosidl_typesupport_cpp.dir/rosidl_typesupport_cpp/mir_msgs/msg/robot_state__type_support.cpp.o[0m
[ 41%] [32mBuilding CXX object CMakeFiles/mir_msgs__rosidl_typesupport_introspection_cpp.dir/rosidl_typesupport_introspection_cpp/mir_msgs/msg/detail/joystick_vel__type_support.cpp.o[0m
[ 41%] [32mBuilding CXX object CMakeFiles/mir_msgs__rosidl_typesupport_introspection_cpp.dir/rosidl_typesupport_introspection_cpp/mir_msgs/msg/detail/local_map_stat__type_support.cpp.o[0m
[ 42%] [32mBuilding CXX object CMakeFiles/mir_msgs__rosidl_typesupport_introspection_cpp.dir/rosidl_typesupport_introspection_cpp/mir_msgs/msg/detail/mir_extra__type_support.cpp.o[0m
[ 42%] [32mBuilding CXX object CMakeFiles/mir_msgs__rosidl_typesupport_cpp.dir/rosidl_typesupport_cpp/mir_msgs/msg/robot_status__type_support.cpp.o[0m
[ 43%] [32mBuilding CXX object CMakeFiles/mir_msgs__rosidl_typesupport_cpp.dir/rosidl_typesupport_cpp/mir_msgs/msg/safety_status__type_support.cpp.o[0m
[ 43%] [32mBuilding CXX object CMakeFiles/mir_msgs__rosidl_typesupport_cpp.dir/rosidl_typesupport_cpp/mir_msgs/msg/serial__type_support.cpp.o[0m
[ 43%] [32mBuilding CXX object CMakeFiles/mir_msgs__rosidl_typesupport_introspection_cpp.dir/rosidl_typesupport_introspection_cpp/mir_msgs/msg/detail/mission_ctrl_command__type_support.cpp.o[0m
[ 43%] [32mBuilding CXX object CMakeFiles/mir_msgs__rosidl_typesupport_cpp.dir/rosidl_typesupport_cpp/mir_msgs/msg/stamped_encoders__type_support.cpp.o[0m
[ 43%] [32mBuilding CXX object CMakeFiles/mir_msgs__rosidl_typesupport_cpp.dir/rosidl_typesupport_cpp/mir_msgs/msg/trolley__type_support.cpp.o[0m
[ 43%] [32mBuilding CXX object CMakeFiles/mir_msgs__rosidl_typesupport_introspection_cpp.dir/rosidl_typesupport_introspection_cpp/mir_msgs/msg/detail/mission_ctrl_state__type_support.cpp.o[0m
[ 44%] [32mBuilding CXX object CMakeFiles/mir_msgs__rosidl_typesupport_cpp.dir/rosidl_typesupport_cpp/mir_msgs/msg/twist2_d__type_support.cpp.o[0m
[ 44%] [32mBuilding CXX object CMakeFiles/mir_msgs__rosidl_typesupport_cpp.dir/rosidl_typesupport_cpp/mir_msgs/msg/user_prompt__type_support.cpp.o[0m
[ 44%] [32mBuilding CXX object CMakeFiles/mir_msgs__rosidl_typesupport_introspection_cpp.dir/rosidl_typesupport_introspection_cpp/mir_msgs/msg/detail/pallet_lifter_status__type_support.cpp.o[0m
[ 44%] [32mBuilding CXX object CMakeFiles/mir_msgs__rosidl_typesupport_cpp.dir/rosidl_typesupport_cpp/mir_msgs/msg/web_path__type_support.cpp.o[0m
[ 45%] [32mBuilding CXX object CMakeFiles/mir_msgs__rosidl_typesupport_introspection_cpp.dir/rosidl_typesupport_introspection_cpp/mir_msgs/msg/detail/path__type_support.cpp.o[0m
[ 45%] [32mBuilding CXX object CMakeFiles/mir_msgs__rosidl_typesupport_cpp.dir/rosidl_typesupport_cpp/mir_msgs/msg/world_map__type_support.cpp.o[0m
[ 46%] [32mBuilding CXX object CMakeFiles/mir_msgs__rosidl_typesupport_cpp.dir/rosidl_typesupport_cpp/mir_msgs/msg/world_model__type_support.cpp.o[0m
[ 46%] [32mBuilding CXX object CMakeFiles/mir_msgs__rosidl_typesupport_introspection_cpp.dir/rosidl_typesupport_introspection_cpp/mir_msgs/msg/detail/pendant__type_support.cpp.o[0m
[ 46%] [32mBuilding C object CMakeFiles/mir_msgs__rosidl_typesupport_introspection_c.dir/rosidl_typesupport_introspection_c/mir_msgs/msg/detail/battery_currents__type_support.c.o[0m
[ 46%] [32mBuilding C object CMakeFiles/mir_msgs__rosidl_typesupport_introspection_c.dir/rosidl_typesupport_introspection_c/mir_msgs/msg/detail/bms_data__type_support.c.o[0m
[ 46%] [32mBuilding CXX object CMakeFiles/mir_msgs__rosidl_typesupport_introspection_cpp.dir/rosidl_typesupport_introspection_cpp/mir_msgs/msg/detail/plan_segment__type_support.cpp.o[0m
[ 46%] [32mBuilding C object CMakeFiles/mir_msgs__rosidl_typesupport_introspection_c.dir/rosidl_typesupport_introspection_c/mir_msgs/msg/detail/brake_state__type_support.c.o[0m
[ 46%] [32mBuilding C object CMakeFiles/mir_msgs__rosidl_typesupport_introspection_c.dir/rosidl_typesupport_introspection_c/mir_msgs/msg/detail/device__type_support.c.o[0m
[ 47%] [32mBuilding C object CMakeFiles/mir_msgs__rosidl_typesupport_introspection_c.dir/rosidl_typesupport_introspection_c/mir_msgs/msg/detail/charging_state__type_support.c.o[0m
[ 47%] [32mBuilding CXX object CMakeFiles/mir_msgs__rosidl_typesupport_cpp.dir/rosidl_typesupport_cpp/mir_msgs/srv/exec_mission__type_support.cpp.o[0m
[ 47%] [32mBuilding C object CMakeFiles/mir_msgs__rosidl_typesupport_introspection_c.dir/rosidl_typesupport_introspection_c/mir_msgs/msg/detail/devices__type_support.c.o[0m
[ 47%] [32mBuilding C object CMakeFiles/mir_msgs__rosidl_typesupport_introspection_c.dir/rosidl_typesupport_introspection_c/mir_msgs/msg/detail/encoders__type_support.c.o[0m
[ 47%] [32mBuilding CXX object CMakeFiles/mir_msgs__rosidl_typesupport_introspection_cpp.dir/rosidl_typesupport_introspection_cpp/mir_msgs/msg/detail/plan_segments__type_support.cpp.o[0m
[ 48%] [32mBuilding C object CMakeFiles/mir_msgs__rosidl_typesupport_introspection_c.dir/rosidl_typesupport_introspection_c/mir_msgs/msg/detail/error__type_support.c.o[0m
[ 48%] [32mBuilding C object CMakeFiles/mir_msgs__rosidl_typesupport_introspection_c.dir/rosidl_typesupport_introspection_c/mir_msgs/msg/detail/event__type_support.c.o[0m
[ 48%] [32mBuilding CXX object CMakeFiles/mir_msgs__rosidl_typesupport_fastrtps_c.dir/rosidl_typesupport_fastrtps_c/mir_msgs/msg/detail/battery_currents__type_support_c.cpp.o[0m
[ 49%] [32mBuilding CXX object CMakeFiles/mir_msgs__rosidl_typesupport_introspection_cpp.dir/rosidl_typesupport_introspection_cpp/mir_msgs/msg/detail/pose2_d__type_support.cpp.o[0m
[ 49%] [32mBuilding CXX object CMakeFiles/mir_msgs__rosidl_typesupport_fastrtps_c.dir/rosidl_typesupport_fastrtps_c/mir_msgs/msg/detail/bms_data__type_support_c.cpp.o[0m
[ 49%] [32mBuilding CXX object CMakeFiles/mir_msgs__rosidl_typesupport_fastrtps_c.dir/rosidl_typesupport_fastrtps_c/mir_msgs/msg/detail/brake_state__type_support_c.cpp.o[0m
[ 50%] [32mBuilding CXX object CMakeFiles/mir_msgs__rosidl_typesupport_fastrtps_c.dir/rosidl_typesupport_fastrtps_c/mir_msgs/msg/detail/charging_state__type_support_c.cpp.o[0m
[ 50%] [32mBuilding CXX object CMakeFiles/mir_msgs__rosidl_typesupport_introspection_cpp.dir/rosidl_typesupport_introspection_cpp/mir_msgs/msg/detail/power_board_motor_status__type_support.cpp.o[0m
[ 50%] [32mBuilding C object CMakeFiles/mir_msgs__rosidl_typesupport_introspection_c.dir/rosidl_typesupport_introspection_c/mir_msgs/msg/detail/events__type_support.c.o[0m
[ 50%] [32mBuilding CXX object CMakeFiles/mir_msgs__rosidl_typesupport_introspection_cpp.dir/rosidl_typesupport_introspection_cpp/mir_msgs/msg/detail/proximity__type_support.cpp.o[0m
[ 50%] [32mBuilding CXX object CMakeFiles/mir_msgs__rosidl_typesupport_fastrtps_c.dir/rosidl_typesupport_fastrtps_c/mir_msgs/msg/detail/device__type_support_c.cpp.o[0m
[ 50%] [32mBuilding C object CMakeFiles/mir_msgs__rosidl_typesupport_introspection_c.dir/rosidl_typesupport_introspection_c/mir_msgs/msg/detail/external_robot__type_support.c.o[0m
[ 50%] [32mBuilding CXX object CMakeFiles/mir_msgs__rosidl_typesupport_fastrtps_c.dir/rosidl_typesupport_fastrtps_c/mir_msgs/msg/detail/devices__type_support_c.cpp.o[0m
[ 51%] [32mBuilding C object CMakeFiles/mir_msgs__rosidl_typesupport_introspection_c.dir/rosidl_typesupport_introspection_c/mir_msgs/msg/detail/external_robots__type_support.c.o[0m
[ 52%] [32mBuilding CXX object CMakeFiles/mir_msgs__rosidl_typesupport_fastrtps_cpp.dir/rosidl_typesupport_fastrtps_cpp/mir_msgs/msg/detail/dds_fastrtps/battery_currents__type_support.cpp.o[0m
[ 52%] [32mBuilding CXX object CMakeFiles/mir_msgs__rosidl_typesupport_fastrtps_cpp.dir/rosidl_typesupport_fastrtps_cpp/mir_msgs/msg/detail/dds_fastrtps/bms_data__type_support.cpp.o[0m
[ 52%] [32mBuilding CXX object CMakeFiles/mir_msgs__rosidl_typesupport_fastrtps_c.dir/rosidl_typesupport_fastrtps_c/mir_msgs/msg/detail/encoders__type_support_c.cpp.o[0m
[ 52%] [32mBuilding CXX object CMakeFiles/mir_msgs__rosidl_typesupport_introspection_cpp.dir/rosidl_typesupport_introspection_cpp/mir_msgs/msg/detail/resources_state__type_support.cpp.o[0m
[ 53%] [32mBuilding CXX object CMakeFiles/mir_msgs__rosidl_typesupport_fastrtps_c.dir/rosidl_typesupport_fastrtps_c/mir_msgs/msg/detail/error__type_support_c.cpp.o[0m
[ 53%] [32mBuilding C object CMakeFiles/mir_msgs__rosidl_typesupport_introspection_c.dir/rosidl_typesupport_introspection_c/mir_msgs/msg/detail/gpio__type_support.c.o[0m
[ 53%] [32mBuilding CXX object CMakeFiles/mir_msgs__rosidl_typesupport_fastrtps_c.dir/rosidl_typesupport_fastrtps_c/mir_msgs/msg/detail/event__type_support_c.cpp.o[0m
[ 53%] [32m[1mLinking CXX shared library libmir_msgs__rosidl_typesupport_cpp.so[0m
[ 53%] [32mBuilding C object CMakeFiles/mir_msgs__rosidl_typesupport_introspection_c.dir/rosidl_typesupport_introspection_c/mir_msgs/msg/detail/gripper_state__type_support.c.o[0m
[ 53%] [32mBuilding C object CMakeFiles/mir_msgs__rosidl_typesupport_introspection_c.dir/rosidl_typesupport_introspection_c/mir_msgs/msg/detail/height_state__type_support.c.o[0m
[ 53%] Built target mir_msgs__rosidl_typesupport_cpp
[ 53%] [32mBuilding CXX object CMakeFiles/mir_msgs__rosidl_typesupport_fastrtps_cpp.dir/rosidl_typesupport_fastrtps_cpp/mir_msgs/msg/detail/dds_fastrtps/brake_state__type_support.cpp.o[0m
[ 54%] [32mBuilding C object CMakeFiles/mir_msgs__rosidl_typesupport_introspection_c.dir/rosidl_typesupport_introspection_c/mir_msgs/msg/detail/hook_extended_status__type_support.c.o[0m
[ 54%] [32mBuilding CXX object CMakeFiles/mir_msgs__rosidl_typesupport_fastrtps_c.dir/rosidl_typesupport_fastrtps_c/mir_msgs/msg/detail/events__type_support_c.cpp.o[0m
[ 54%] [32mBuilding CXX object CMakeFiles/mir_msgs__rosidl_typesupport_fastrtps_cpp.dir/rosidl_typesupport_fastrtps_cpp/mir_msgs/msg/detail/dds_fastrtps/charging_state__type_support.cpp.o[0m
[ 54%] [32mBuilding C object CMakeFiles/mir_msgs__rosidl_typesupport_introspection_c.dir/rosidl_typesupport_introspection_c/mir_msgs/msg/detail/hook_status__type_support.c.o[0m
[ 54%] [32mBuilding C object CMakeFiles/mir_msgs__rosidl_typesupport_introspection_c.dir/rosidl_typesupport_introspection_c/mir_msgs/msg/detail/i_os__type_support.c.o[0m
[ 55%] [32mBuilding CXX object CMakeFiles/mir_msgs__rosidl_typesupport_introspection_cpp.dir/rosidl_typesupport_introspection_cpp/mir_msgs/msg/detail/resource_state__type_support.cpp.o[0m
[ 55%] [32mBuilding CXX object CMakeFiles/mir_msgs__rosidl_typesupport_introspection_cpp.dir/rosidl_typesupport_introspection_cpp/mir_msgs/msg/detail/robot_mode__type_support.cpp.o[0m
[ 56%] [32mBuilding CXX object CMakeFiles/mir_msgs__rosidl_typesupport_fastrtps_cpp.dir/rosidl_typesupport_fastrtps_cpp/mir_msgs/msg/detail/dds_fastrtps/device__type_support.cpp.o[0m
[ 56%] [32mBuilding C object CMakeFiles/mir_msgs__rosidl_typesupport_introspection_c.dir/rosidl_typesupport_introspection_c/mir_msgs/msg/detail/joystick_vel__type_support.c.o[0m
[ 56%] [32mBuilding CXX object CMakeFiles/mir_msgs__rosidl_typesupport_fastrtps_cpp.dir/rosidl_typesupport_fastrtps_cpp/mir_msgs/msg/detail/dds_fastrtps/devices__type_support.cpp.o[0m
[ 57%] [32mBuilding C object CMakeFiles/mir_msgs__rosidl_typesupport_introspection_c.dir/rosidl_typesupport_introspection_c/mir_msgs/msg/detail/local_map_stat__type_support.c.o[0m
[ 57%] [32mBuilding CXX object CMakeFiles/mir_msgs__rosidl_typesupport_introspection_cpp.dir/rosidl_typesupport_introspection_cpp/mir_msgs/msg/detail/robot_state__type_support.cpp.o[0m
[ 57%] [32mBuilding CXX object CMakeFiles/mir_msgs__rosidl_typesupport_fastrtps_cpp.dir/rosidl_typesupport_fastrtps_cpp/mir_msgs/msg/detail/dds_fastrtps/encoders__type_support.cpp.o[0m
[ 57%] [32mBuilding CXX object CMakeFiles/mir_msgs__rosidl_typesupport_fastrtps_cpp.dir/rosidl_typesupport_fastrtps_cpp/mir_msgs/msg/detail/dds_fastrtps/error__type_support.cpp.o[0m
[ 57%] [32mBuilding CXX object CMakeFiles/mir_msgs__rosidl_typesupport_introspection_cpp.dir/rosidl_typesupport_introspection_cpp/mir_msgs/msg/detail/robot_status__type_support.cpp.o[0m
[ 57%] [32mBuilding C object CMakeFiles/mir_msgs__rosidl_typesupport_introspection_c.dir/rosidl_typesupport_introspection_c/mir_msgs/msg/detail/mir_extra__type_support.c.o[0m
[ 58%] [32mBuilding CXX object CMakeFiles/mir_msgs__rosidl_typesupport_introspection_cpp.dir/rosidl_typesupport_introspection_cpp/mir_msgs/msg/detail/safety_status__type_support.cpp.o[0m
[ 58%] [32mBuilding CXX object CMakeFiles/mir_msgs__rosidl_typesupport_introspection_cpp.dir/rosidl_typesupport_introspection_cpp/mir_msgs/msg/detail/serial__type_support.cpp.o[0m
[ 58%] [32mBuilding C object CMakeFiles/mir_msgs__rosidl_typesupport_introspection_c.dir/rosidl_typesupport_introspection_c/mir_msgs/msg/detail/mission_ctrl_command__type_support.c.o[0m
[ 58%] [32mBuilding CXX object CMakeFiles/mir_msgs__rosidl_typesupport_fastrtps_c.dir/rosidl_typesupport_fastrtps_c/mir_msgs/msg/detail/external_robot__type_support_c.cpp.o[0m
[ 58%] [32mBuilding CXX object CMakeFiles/mir_msgs__rosidl_typesupport_introspection_cpp.dir/rosidl_typesupport_introspection_cpp/mir_msgs/msg/detail/stamped_encoders__type_support.cpp.o[0m
[ 58%] [32mBuilding C object CMakeFiles/mir_msgs__rosidl_typesupport_introspection_c.dir/rosidl_typesupport_introspection_c/mir_msgs/msg/detail/mission_ctrl_state__type_support.c.o[0m
[ 59%] [32mBuilding CXX object CMakeFiles/mir_msgs__rosidl_typesupport_fastrtps_cpp.dir/rosidl_typesupport_fastrtps_cpp/mir_msgs/msg/detail/dds_fastrtps/event__type_support.cpp.o[0m
[ 60%] [32mBuilding CXX object CMakeFiles/mir_msgs__rosidl_typesupport_fastrtps_c.dir/rosidl_typesupport_fastrtps_c/mir_msgs/msg/detail/external_robots__type_support_c.cpp.o[0m
[ 61%] [32mBuilding C object CMakeFiles/mir_msgs__rosidl_typesupport_introspection_c.dir/rosidl_typesupport_introspection_c/mir_msgs/msg/detail/pallet_lifter_status__type_support.c.o[0m
[ 61%] [32mBuilding CXX object CMakeFiles/mir_msgs__rosidl_typesupport_introspection_cpp.dir/rosidl_typesupport_introspection_cpp/mir_msgs/msg/detail/trolley__type_support.cpp.o[0m
[ 61%] [32mBuilding C object CMakeFiles/mir_msgs__rosidl_typesupport_introspection_c.dir/rosidl_typesupport_introspection_c/mir_msgs/msg/detail/pendant__type_support.c.o[0m
[ 61%] [32mBuilding C object CMakeFiles/mir_msgs__rosidl_typesupport_introspection_c.dir/rosidl_typesupport_introspection_c/mir_msgs/msg/detail/path__type_support.c.o[0m
[ 61%] [32mBuilding CXX object CMakeFiles/mir_msgs__rosidl_typesupport_fastrtps_cpp.dir/rosidl_typesupport_fastrtps_cpp/mir_msgs/msg/detail/dds_fastrtps/events__type_support.cpp.o[0m
[ 61%] [32mBuilding C object CMakeFiles/mir_msgs__rosidl_typesupport_introspection_c.dir/rosidl_typesupport_introspection_c/mir_msgs/msg/detail/plan_segment__type_support.c.o[0m
[ 61%] [32mBuilding CXX object CMakeFiles/mir_msgs__rosidl_typesupport_fastrtps_c.dir/rosidl_typesupport_fastrtps_c/mir_msgs/msg/detail/gpio__type_support_c.cpp.o[0m
[ 61%] [32mBuilding CXX object CMakeFiles/mir_msgs__rosidl_typesupport_fastrtps_cpp.dir/rosidl_typesupport_fastrtps_cpp/mir_msgs/msg/detail/dds_fastrtps/external_robot__type_support.cpp.o[0m
[ 61%] [32mBuilding CXX object CMakeFiles/mir_msgs__rosidl_typesupport_fastrtps_c.dir/rosidl_typesupport_fastrtps_c/mir_msgs/msg/detail/gripper_state__type_support_c.cpp.o[0m
[ 62%] [32mBuilding C object CMakeFiles/mir_msgs__rosidl_typesupport_introspection_c.dir/rosidl_typesupport_introspection_c/mir_msgs/msg/detail/plan_segments__type_support.c.o[0m
[ 62%] [32mBuilding CXX object CMakeFiles/mir_msgs__rosidl_typesupport_fastrtps_cpp.dir/rosidl_typesupport_fastrtps_cpp/mir_msgs/msg/detail/dds_fastrtps/external_robots__type_support.cpp.o[0m
[ 63%] [32mBuilding CXX object CMakeFiles/mir_msgs__rosidl_typesupport_introspection_cpp.dir/rosidl_typesupport_introspection_cpp/mir_msgs/msg/detail/twist2_d__type_support.cpp.o[0m
[ 63%] [32mBuilding CXX object CMakeFiles/mir_msgs__rosidl_typesupport_fastrtps_c.dir/rosidl_typesupport_fastrtps_c/mir_msgs/msg/detail/height_state__type_support_c.cpp.o[0m
[ 63%] [32mBuilding C object CMakeFiles/mir_msgs__rosidl_typesupport_introspection_c.dir/rosidl_typesupport_introspection_c/mir_msgs/msg/detail/pose2_d__type_support.c.o[0m
[ 64%] [32mBuilding CXX object CMakeFiles/mir_msgs__rosidl_typesupport_fastrtps_c.dir/rosidl_typesupport_fastrtps_c/mir_msgs/msg/detail/hook_extended_status__type_support_c.cpp.o[0m
[ 64%] [32mBuilding C object CMakeFiles/mir_msgs__rosidl_typesupport_introspection_c.dir/rosidl_typesupport_introspection_c/mir_msgs/msg/detail/power_board_motor_status__type_support.c.o[0m
[ 65%] [32mBuilding CXX object CMakeFiles/mir_msgs__rosidl_typesupport_fastrtps_cpp.dir/rosidl_typesupport_fastrtps_cpp/mir_msgs/msg/detail/dds_fastrtps/gpio__type_support.cpp.o[0m
[ 65%] [32mBuilding CXX object CMakeFiles/mir_msgs__rosidl_typesupport_fastrtps_c.dir/rosidl_typesupport_fastrtps_c/mir_msgs/msg/detail/hook_status__type_support_c.cpp.o[0m
[ 65%] [32mBuilding CXX object CMakeFiles/mir_msgs__rosidl_typesupport_introspection_cpp.dir/rosidl_typesupport_introspection_cpp/mir_msgs/msg/detail/user_prompt__type_support.cpp.o[0m
[ 65%] [32mBuilding CXX object CMakeFiles/mir_msgs__rosidl_typesupport_introspection_cpp.dir/rosidl_typesupport_introspection_cpp/mir_msgs/msg/detail/web_path__type_support.cpp.o[0m
[ 65%] [32mBuilding CXX object CMakeFiles/mir_msgs__rosidl_typesupport_fastrtps_c.dir/rosidl_typesupport_fastrtps_c/mir_msgs/msg/detail/i_os__type_support_c.cpp.o[0m
[ 65%] [32mBuilding CXX object CMakeFiles/mir_msgs__rosidl_typesupport_fastrtps_cpp.dir/rosidl_typesupport_fastrtps_cpp/mir_msgs/msg/detail/dds_fastrtps/gripper_state__type_support.cpp.o[0m
[ 65%] [32mBuilding C object CMakeFiles/mir_msgs__rosidl_typesupport_introspection_c.dir/rosidl_typesupport_introspection_c/mir_msgs/msg/detail/proximity__type_support.c.o[0m
[ 66%] [32mBuilding C object CMakeFiles/mir_msgs__rosidl_typesupport_introspection_c.dir/rosidl_typesupport_introspection_c/mir_msgs/msg/detail/resources_state__type_support.c.o[0m
[ 66%] [32mBuilding CXX object CMakeFiles/mir_msgs__rosidl_typesupport_fastrtps_cpp.dir/rosidl_typesupport_fastrtps_cpp/mir_msgs/msg/detail/dds_fastrtps/height_state__type_support.cpp.o[0m
[ 66%] [32mBuilding CXX object CMakeFiles/mir_msgs__rosidl_typesupport_fastrtps_cpp.dir/rosidl_typesupport_fastrtps_cpp/mir_msgs/msg/detail/dds_fastrtps/hook_extended_status__type_support.cpp.o[0m
[ 66%] [32mBuilding C object CMakeFiles/mir_msgs__rosidl_typesupport_introspection_c.dir/rosidl_typesupport_introspection_c/mir_msgs/msg/detail/resource_state__type_support.c.o[0m
[ 66%] [32mBuilding CXX object CMakeFiles/mir_msgs__rosidl_typesupport_fastrtps_c.dir/rosidl_typesupport_fastrtps_c/mir_msgs/msg/detail/joystick_vel__type_support_c.cpp.o[0m
[ 66%] [32mBuilding CXX object CMakeFiles/mir_msgs__rosidl_typesupport_introspection_cpp.dir/rosidl_typesupport_introspection_cpp/mir_msgs/msg/detail/world_map__type_support.cpp.o[0m
[ 66%] [32mBuilding C object CMakeFiles/mir_msgs__rosidl_typesupport_introspection_c.dir/rosidl_typesupport_introspection_c/mir_msgs/msg/detail/robot_mode__type_support.c.o[0m
[ 67%] [32mBuilding CXX object CMakeFiles/mir_msgs__rosidl_typesupport_fastrtps_c.dir/rosidl_typesupport_fastrtps_c/mir_msgs/msg/detail/local_map_stat__type_support_c.cpp.o[0m
[ 67%] [32mBuilding C object CMakeFiles/mir_msgs__rosidl_typesupport_introspection_c.dir/rosidl_typesupport_introspection_c/mir_msgs/msg/detail/robot_state__type_support.c.o[0m
[ 68%] [32mBuilding C object CMakeFiles/mir_msgs__rosidl_typesupport_introspection_c.dir/rosidl_typesupport_introspection_c/mir_msgs/msg/detail/robot_status__type_support.c.o[0m
[ 69%] [32mBuilding CXX object CMakeFiles/mir_msgs__rosidl_typesupport_introspection_cpp.dir/rosidl_typesupport_introspection_cpp/mir_msgs/msg/detail/world_model__type_support.cpp.o[0m
[ 69%] [32mBuilding C object CMakeFiles/mir_msgs__rosidl_typesupport_introspection_c.dir/rosidl_typesupport_introspection_c/mir_msgs/msg/detail/safety_status__type_support.c.o[0m
[ 70%] [32mBuilding CXX object CMakeFiles/mir_msgs__rosidl_typesupport_fastrtps_cpp.dir/rosidl_typesupport_fastrtps_cpp/mir_msgs/msg/detail/dds_fastrtps/hook_status__type_support.cpp.o[0m
[ 70%] [32mBuilding CXX object CMakeFiles/mir_msgs__rosidl_typesupport_fastrtps_cpp.dir/rosidl_typesupport_fastrtps_cpp/mir_msgs/msg/detail/dds_fastrtps/i_os__type_support.cpp.o[0m
[ 70%] [32mBuilding C object CMakeFiles/mir_msgs__rosidl_typesupport_introspection_c.dir/rosidl_typesupport_introspection_c/mir_msgs/msg/detail/serial__type_support.c.o[0m
[ 70%] [32mBuilding CXX object CMakeFiles/mir_msgs__rosidl_typesupport_fastrtps_cpp.dir/rosidl_typesupport_fastrtps_cpp/mir_msgs/msg/detail/dds_fastrtps/joystick_vel__type_support.cpp.o[0m
[ 70%] [32mBuilding C object CMakeFiles/mir_msgs__rosidl_typesupport_introspection_c.dir/rosidl_typesupport_introspection_c/mir_msgs/msg/detail/stamped_encoders__type_support.c.o[0m
[ 71%] [32mBuilding C object CMakeFiles/mir_msgs__rosidl_typesupport_introspection_c.dir/rosidl_typesupport_introspection_c/mir_msgs/msg/detail/trolley__type_support.c.o[0m
[ 71%] [32mBuilding C object CMakeFiles/mir_msgs__rosidl_typesupport_introspection_c.dir/rosidl_typesupport_introspection_c/mir_msgs/msg/detail/twist2_d__type_support.c.o[0m
[ 71%] [32mBuilding CXX object CMakeFiles/mir_msgs__rosidl_typesupport_introspection_cpp.dir/rosidl_typesupport_introspection_cpp/mir_msgs/srv/detail/exec_mission__type_support.cpp.o[0m
[ 71%] [32mBuilding CXX object CMakeFiles/mir_msgs__rosidl_typesupport_fastrtps_c.dir/rosidl_typesupport_fastrtps_c/mir_msgs/msg/detail/mir_extra__type_support_c.cpp.o[0m
[ 71%] [32mBuilding CXX object CMakeFiles/mir_msgs__rosidl_typesupport_fastrtps_c.dir/rosidl_typesupport_fastrtps_c/mir_msgs/msg/detail/mission_ctrl_command__type_support_c.cpp.o[0m
[ 71%] [32mBuilding C object CMakeFiles/mir_msgs__rosidl_typesupport_introspection_c.dir/rosidl_typesupport_introspection_c/mir_msgs/msg/detail/user_prompt__type_support.c.o[0m
[ 71%] [32mBuilding C object CMakeFiles/mir_msgs__rosidl_typesupport_introspection_c.dir/rosidl_typesupport_introspection_c/mir_msgs/msg/detail/web_path__type_support.c.o[0m
[ 71%] [32mBuilding CXX object CMakeFiles/mir_msgs__rosidl_typesupport_fastrtps_cpp.dir/rosidl_typesupport_fastrtps_cpp/mir_msgs/msg/detail/dds_fastrtps/local_map_stat__type_support.cpp.o[0m
[ 72%] [32mBuilding C object CMakeFiles/mir_msgs__rosidl_typesupport_introspection_c.dir/rosidl_typesupport_introspection_c/mir_msgs/msg/detail/world_map__type_support.c.o[0m
[ 72%] [32mBuilding CXX object CMakeFiles/mir_msgs__rosidl_typesupport_fastrtps_c.dir/rosidl_typesupport_fastrtps_c/mir_msgs/msg/detail/mission_ctrl_state__type_support_c.cpp.o[0m
[ 73%] [32mBuilding CXX object CMakeFiles/mir_msgs__rosidl_typesupport_fastrtps_c.dir/rosidl_typesupport_fastrtps_c/mir_msgs/msg/detail/pallet_lifter_status__type_support_c.cpp.o[0m
[ 73%] [32mBuilding C object CMakeFiles/mir_msgs__rosidl_typesupport_introspection_c.dir/rosidl_typesupport_introspection_c/mir_msgs/msg/detail/world_model__type_support.c.o[0m
[ 73%] [32mBuilding CXX object CMakeFiles/mir_msgs__rosidl_typesupport_fastrtps_c.dir/rosidl_typesupport_fastrtps_c/mir_msgs/msg/detail/path__type_support_c.cpp.o[0m
[ 73%] [32mBuilding C object CMakeFiles/mir_msgs__rosidl_typesupport_introspection_c.dir/rosidl_typesupport_introspection_c/mir_msgs/srv/detail/exec_mission__type_support.c.o[0m
[ 73%] [32mBuilding CXX object CMakeFiles/mir_msgs__rosidl_typesupport_fastrtps_c.dir/rosidl_typesupport_fastrtps_c/mir_msgs/msg/detail/pendant__type_support_c.cpp.o[0m
[ 73%] [32mBuilding CXX object CMakeFiles/mir_msgs__rosidl_typesupport_fastrtps_cpp.dir/rosidl_typesupport_fastrtps_cpp/mir_msgs/msg/detail/dds_fastrtps/mission_ctrl_command__type_support.cpp.o[0m
[ 74%] [32mBuilding CXX object CMakeFiles/mir_msgs__rosidl_typesupport_fastrtps_cpp.dir/rosidl_typesupport_fastrtps_cpp/mir_msgs/msg/detail/dds_fastrtps/mir_extra__type_support.cpp.o[0m
[ 74%] [32mBuilding CXX object CMakeFiles/mir_msgs__rosidl_typesupport_fastrtps_cpp.dir/rosidl_typesupport_fastrtps_cpp/mir_msgs/msg/detail/dds_fastrtps/mission_ctrl_state__type_support.cpp.o[0m
[ 74%] [32mBuilding CXX object CMakeFiles/mir_msgs__rosidl_typesupport_fastrtps_c.dir/rosidl_typesupport_fastrtps_c/mir_msgs/msg/detail/plan_segment__type_support_c.cpp.o[0m
[ 74%] [32mBuilding CXX object CMakeFiles/mir_msgs__rosidl_typesupport_fastrtps_cpp.dir/rosidl_typesupport_fastrtps_cpp/mir_msgs/msg/detail/dds_fastrtps/pallet_lifter_status__type_support.cpp.o[0m
[ 74%] [32m[1mLinking C shared library libmir_msgs__rosidl_typesupport_introspection_c.so[0m
[ 75%] [32mBuilding CXX object CMakeFiles/mir_msgs__rosidl_typesupport_fastrtps_cpp.dir/rosidl_typesupport_fastrtps_cpp/mir_msgs/msg/detail/dds_fastrtps/path__type_support.cpp.o[0m
[ 75%] Built target mir_msgs__rosidl_typesupport_introspection_c
[ 76%] [32mBuilding CXX object CMakeFiles/mir_msgs__rosidl_typesupport_fastrtps_c.dir/rosidl_typesupport_fastrtps_c/mir_msgs/msg/detail/plan_segments__type_support_c.cpp.o[0m
[ 76%] [32mBuilding CXX object CMakeFiles/mir_msgs__rosidl_typesupport_fastrtps_c.dir/rosidl_typesupport_fastrtps_c/mir_msgs/msg/detail/pose2_d__type_support_c.cpp.o[0m
[ 76%] [32mBuilding CXX object CMakeFiles/mir_msgs__rosidl_typesupport_fastrtps_c.dir/rosidl_typesupport_fastrtps_c/mir_msgs/msg/detail/power_board_motor_status__type_support_c.cpp.o[0m
[ 76%] [32mBuilding CXX object CMakeFiles/mir_msgs__rosidl_typesupport_fastrtps_cpp.dir/rosidl_typesupport_fastrtps_cpp/mir_msgs/msg/detail/dds_fastrtps/pendant__type_support.cpp.o[0m
[ 76%] [32mBuilding CXX object CMakeFiles/mir_msgs__rosidl_typesupport_fastrtps_c.dir/rosidl_typesupport_fastrtps_c/mir_msgs/msg/detail/proximity__type_support_c.cpp.o[0m
[ 77%] [32mBuilding CXX object CMakeFiles/mir_msgs__rosidl_typesupport_fastrtps_c.dir/rosidl_typesupport_fastrtps_c/mir_msgs/msg/detail/resources_state__type_support_c.cpp.o[0m
[ 77%] [32mBuilding CXX object CMakeFiles/mir_msgs__rosidl_typesupport_fastrtps_c.dir/rosidl_typesupport_fastrtps_c/mir_msgs/msg/detail/resource_state__type_support_c.cpp.o[0m
[ 77%] [32mBuilding CXX object CMakeFiles/mir_msgs__rosidl_typesupport_fastrtps_cpp.dir/rosidl_typesupport_fastrtps_cpp/mir_msgs/msg/detail/dds_fastrtps/plan_segment__type_support.cpp.o[0m
[ 77%] [32mBuilding CXX object CMakeFiles/mir_msgs__rosidl_typesupport_fastrtps_cpp.dir/rosidl_typesupport_fastrtps_cpp/mir_msgs/msg/detail/dds_fastrtps/plan_segments__type_support.cpp.o[0m
[ 77%] [32mBuilding CXX object CMakeFiles/mir_msgs__rosidl_typesupport_fastrtps_c.dir/rosidl_typesupport_fastrtps_c/mir_msgs/msg/detail/robot_mode__type_support_c.cpp.o[0m
[ 77%] [32mBuilding CXX object CMakeFiles/mir_msgs__rosidl_typesupport_fastrtps_c.dir/rosidl_typesupport_fastrtps_c/mir_msgs/msg/detail/robot_state__type_support_c.cpp.o[0m
[ 77%] [32m[1mLinking CXX shared library libmir_msgs__rosidl_typesupport_introspection_cpp.so[0m
[ 78%] [32mBuilding CXX object CMakeFiles/mir_msgs__rosidl_typesupport_fastrtps_cpp.dir/rosidl_typesupport_fastrtps_cpp/mir_msgs/msg/detail/dds_fastrtps/pose2_d__type_support.cpp.o[0m
[ 79%] [32mBuilding CXX object CMakeFiles/mir_msgs__rosidl_typesupport_fastrtps_c.dir/rosidl_typesupport_fastrtps_c/mir_msgs/msg/detail/robot_status__type_support_c.cpp.o[0m
[ 79%] [32mBuilding CXX object CMakeFiles/mir_msgs__rosidl_typesupport_fastrtps_c.dir/rosidl_typesupport_fastrtps_c/mir_msgs/msg/detail/safety_status__type_support_c.cpp.o[0m
[ 79%] [32mBuilding CXX object CMakeFiles/mir_msgs__rosidl_typesupport_fastrtps_c.dir/rosidl_typesupport_fastrtps_c/mir_msgs/msg/detail/serial__type_support_c.cpp.o[0m
[ 79%] [32mBuilding CXX object CMakeFiles/mir_msgs__rosidl_typesupport_fastrtps_c.dir/rosidl_typesupport_fastrtps_c/mir_msgs/msg/detail/stamped_encoders__type_support_c.cpp.o[0m
[ 80%] [32mBuilding CXX object CMakeFiles/mir_msgs__rosidl_typesupport_fastrtps_c.dir/rosidl_typesupport_fastrtps_c/mir_msgs/msg/detail/trolley__type_support_c.cpp.o[0m
[ 80%] [32mBuilding CXX object CMakeFiles/mir_msgs__rosidl_typesupport_fastrtps_cpp.dir/rosidl_typesupport_fastrtps_cpp/mir_msgs/msg/detail/dds_fastrtps/power_board_motor_status__type_support.cpp.o[0m
[ 80%] Built target mir_msgs__rosidl_typesupport_introspection_cpp
[ 80%] [32mBuilding CXX object CMakeFiles/mir_msgs__rosidl_typesupport_fastrtps_c.dir/rosidl_typesupport_fastrtps_c/mir_msgs/msg/detail/twist2_d__type_support_c.cpp.o[0m
[ 80%] [32mBuilding CXX object CMakeFiles/mir_msgs__rosidl_typesupport_fastrtps_cpp.dir/rosidl_typesupport_fastrtps_cpp/mir_msgs/msg/detail/dds_fastrtps/proximity__type_support.cpp.o[0m
[ 80%] [32mBuilding CXX object CMakeFiles/mir_msgs__rosidl_typesupport_fastrtps_c.dir/rosidl_typesupport_fastrtps_c/mir_msgs/msg/detail/user_prompt__type_support_c.cpp.o[0m
[ 80%] [32mBuilding CXX object CMakeFiles/mir_msgs__rosidl_typesupport_fastrtps_c.dir/rosidl_typesupport_fastrtps_c/mir_msgs/msg/detail/web_path__type_support_c.cpp.o[0m
[ 81%] [32mBuilding CXX object CMakeFiles/mir_msgs__rosidl_typesupport_fastrtps_c.dir/rosidl_typesupport_fastrtps_c/mir_msgs/msg/detail/world_map__type_support_c.cpp.o[0m
[ 81%] [32mBuilding CXX object CMakeFiles/mir_msgs__rosidl_typesupport_fastrtps_c.dir/rosidl_typesupport_fastrtps_c/mir_msgs/msg/detail/world_model__type_support_c.cpp.o[0m
[ 81%] [32mBuilding CXX object CMakeFiles/mir_msgs__rosidl_typesupport_fastrtps_cpp.dir/rosidl_typesupport_fastrtps_cpp/mir_msgs/msg/detail/dds_fastrtps/resources_state__type_support.cpp.o[0m
[ 82%] [32mBuilding CXX object CMakeFiles/mir_msgs__rosidl_typesupport_fastrtps_cpp.dir/rosidl_typesupport_fastrtps_cpp/mir_msgs/msg/detail/dds_fastrtps/resource_state__type_support.cpp.o[0m
[ 82%] [32mBuilding CXX object CMakeFiles/mir_msgs__rosidl_typesupport_fastrtps_cpp.dir/rosidl_typesupport_fastrtps_cpp/mir_msgs/msg/detail/dds_fastrtps/robot_mode__type_support.cpp.o[0m
[ 82%] [32mBuilding CXX object CMakeFiles/mir_msgs__rosidl_typesupport_fastrtps_cpp.dir/rosidl_typesupport_fastrtps_cpp/mir_msgs/msg/detail/dds_fastrtps/robot_state__type_support.cpp.o[0m
[ 82%] [32mBuilding CXX object CMakeFiles/mir_msgs__rosidl_typesupport_fastrtps_c.dir/rosidl_typesupport_fastrtps_c/mir_msgs/srv/detail/exec_mission__type_support_c.cpp.o[0m
[ 82%] [32mBuilding CXX object CMakeFiles/mir_msgs__rosidl_typesupport_fastrtps_cpp.dir/rosidl_typesupport_fastrtps_cpp/mir_msgs/msg/detail/dds_fastrtps/robot_status__type_support.cpp.o[0m
[ 83%] [32mBuilding CXX object CMakeFiles/mir_msgs__rosidl_typesupport_fastrtps_cpp.dir/rosidl_typesupport_fastrtps_cpp/mir_msgs/msg/detail/dds_fastrtps/safety_status__type_support.cpp.o[0m
[ 83%] [32mBuilding CXX object CMakeFiles/mir_msgs__rosidl_typesupport_fastrtps_cpp.dir/rosidl_typesupport_fastrtps_cpp/mir_msgs/msg/detail/dds_fastrtps/serial__type_support.cpp.o[0m
[ 83%] [32mBuilding CXX object CMakeFiles/mir_msgs__rosidl_typesupport_fastrtps_cpp.dir/rosidl_typesupport_fastrtps_cpp/mir_msgs/msg/detail/dds_fastrtps/stamped_encoders__type_support.cpp.o[0m
[ 83%] [32mBuilding CXX object CMakeFiles/mir_msgs__rosidl_typesupport_fastrtps_cpp.dir/rosidl_typesupport_fastrtps_cpp/mir_msgs/msg/detail/dds_fastrtps/trolley__type_support.cpp.o[0m
[ 84%] [32mBuilding CXX object CMakeFiles/mir_msgs__rosidl_typesupport_fastrtps_cpp.dir/rosidl_typesupport_fastrtps_cpp/mir_msgs/msg/detail/dds_fastrtps/twist2_d__type_support.cpp.o[0m
[ 84%] [32mBuilding CXX object CMakeFiles/mir_msgs__rosidl_typesupport_fastrtps_cpp.dir/rosidl_typesupport_fastrtps_cpp/mir_msgs/msg/detail/dds_fastrtps/user_prompt__type_support.cpp.o[0m
[ 84%] [32mBuilding CXX object CMakeFiles/mir_msgs__rosidl_typesupport_fastrtps_cpp.dir/rosidl_typesupport_fastrtps_cpp/mir_msgs/msg/detail/dds_fastrtps/web_path__type_support.cpp.o[0m
[ 84%] [32mBuilding CXX object CMakeFiles/mir_msgs__rosidl_typesupport_fastrtps_cpp.dir/rosidl_typesupport_fastrtps_cpp/mir_msgs/msg/detail/dds_fastrtps/world_map__type_support.cpp.o[0m
[ 85%] [32mBuilding CXX object CMakeFiles/mir_msgs__rosidl_typesupport_fastrtps_cpp.dir/rosidl_typesupport_fastrtps_cpp/mir_msgs/msg/detail/dds_fastrtps/world_model__type_support.cpp.o[0m
[ 85%] [32mBuilding CXX object CMakeFiles/mir_msgs__rosidl_typesupport_fastrtps_cpp.dir/rosidl_typesupport_fastrtps_cpp/mir_msgs/srv/detail/dds_fastrtps/exec_mission__type_support.cpp.o[0m
[ 85%] [32m[1mLinking CXX shared library libmir_msgs__rosidl_typesupport_fastrtps_c.so[0m
[ 85%] Built target mir_msgs__rosidl_typesupport_fastrtps_c
[ 85%] [32m[1mLinking CXX shared library libmir_msgs__rosidl_typesupport_fastrtps_cpp.so[0m
[ 85%] Built target mir_msgs__rosidl_typesupport_fastrtps_cpp
[ 85%] Built target mir_msgs
[ 85%] [34m[1mGenerating Python code for ROS interfaces[0m
[ 85%] Built target mir_msgs__py
[ 85%] [32mBuilding C object CMakeFiles/mir_msgs__rosidl_generator_py.dir/rosidl_generator_py/mir_msgs/msg/_charging_state_s.c.o[0m
[ 86%] [32mBuilding C object CMakeFiles/mir_msgs__rosidl_generator_py.dir/rosidl_generator_py/mir_msgs/msg/_devices_s.c.o[0m
[ 87%] [32mBuilding C object CMakeFiles/mir_msgs__rosidl_generator_py.dir/rosidl_generator_py/mir_msgs/msg/_bms_data_s.c.o[0m
[ 87%] [32mBuilding C object CMakeFiles/mir_msgs__rosidl_generator_py.dir/rosidl_generator_py/mir_msgs/msg/_battery_currents_s.c.o[0m
[ 87%] [32mBuilding C object CMakeFiles/mir_msgs__rosidl_generator_py.dir/rosidl_generator_py/mir_msgs/msg/_device_s.c.o[0m
[ 87%] [32mBuilding C object CMakeFiles/mir_msgs__rosidl_generator_py.dir/rosidl_generator_py/mir_msgs/msg/_brake_state_s.c.o[0m
[ 87%] [32mBuilding C object CMakeFiles/mir_msgs__rosidl_generator_py.dir/rosidl_generator_py/mir_msgs/msg/_encoders_s.c.o[0m
[ 87%] [32mBuilding C object CMakeFiles/mir_msgs__rosidl_generator_py.dir/rosidl_generator_py/mir_msgs/msg/_error_s.c.o[0m
[ 87%] [32mBuilding C object CMakeFiles/mir_msgs__rosidl_generator_py.dir/rosidl_generator_py/mir_msgs/msg/_external_robot_s.c.o[0m
[ 88%] [32mBuilding C object CMakeFiles/mir_msgs__rosidl_generator_py.dir/rosidl_generator_py/mir_msgs/msg/_event_s.c.o[0m
[ 88%] [32mBuilding C object CMakeFiles/mir_msgs__rosidl_generator_py.dir/rosidl_generator_py/mir_msgs/msg/_events_s.c.o[0m
[ 88%] [32mBuilding C object CMakeFiles/mir_msgs__rosidl_generator_py.dir/rosidl_generator_py/mir_msgs/msg/_external_robots_s.c.o[0m
[ 89%] [32mBuilding C object CMakeFiles/mir_msgs__rosidl_generator_py.dir/rosidl_generator_py/mir_msgs/msg/_gripper_state_s.c.o[0m
[ 89%] [32mBuilding C object CMakeFiles/mir_msgs__rosidl_generator_py.dir/rosidl_generator_py/mir_msgs/msg/_height_state_s.c.o[0m
[ 89%] [32mBuilding C object CMakeFiles/mir_msgs__rosidl_generator_py.dir/rosidl_generator_py/mir_msgs/msg/_gpio_s.c.o[0m
[ 89%] [32mBuilding C object CMakeFiles/mir_msgs__rosidl_generator_py.dir/rosidl_generator_py/mir_msgs/msg/_hook_extended_status_s.c.o[0m
[ 90%] [32mBuilding C object CMakeFiles/mir_msgs__rosidl_generator_py.dir/rosidl_generator_py/mir_msgs/msg/_hook_status_s.c.o[0m
[ 90%] [32mBuilding C object CMakeFiles/mir_msgs__rosidl_generator_py.dir/rosidl_generator_py/mir_msgs/msg/_joystick_vel_s.c.o[0m
[ 90%] [32mBuilding C object CMakeFiles/mir_msgs__rosidl_generator_py.dir/rosidl_generator_py/mir_msgs/msg/_i_os_s.c.o[0m
[ 90%] [32mBuilding C object CMakeFiles/mir_msgs__rosidl_generator_py.dir/rosidl_generator_py/mir_msgs/msg/_local_map_stat_s.c.o[0m
[ 91%] [32mBuilding C object CMakeFiles/mir_msgs__rosidl_generator_py.dir/rosidl_generator_py/mir_msgs/msg/_mir_extra_s.c.o[0m
[ 91%] [32mBuilding C object CMakeFiles/mir_msgs__rosidl_generator_py.dir/rosidl_generator_py/mir_msgs/msg/_mission_ctrl_command_s.c.o[0m
[ 91%] [32mBuilding C object CMakeFiles/mir_msgs__rosidl_generator_py.dir/rosidl_generator_py/mir_msgs/msg/_pallet_lifter_status_s.c.o[0m
[ 91%] [32mBuilding C object CMakeFiles/mir_msgs__rosidl_generator_py.dir/rosidl_generator_py/mir_msgs/msg/_pendant_s.c.o[0m
[ 92%] [32mBuilding C object CMakeFiles/mir_msgs__rosidl_generator_py.dir/rosidl_generator_py/mir_msgs/msg/_path_s.c.o[0m
[ 92%] [32mBuilding C object CMakeFiles/mir_msgs__rosidl_generator_py.dir/rosidl_generator_py/mir_msgs/msg/_plan_segment_s.c.o[0m
[ 92%] [32mBuilding C object CMakeFiles/mir_msgs__rosidl_generator_py.dir/rosidl_generator_py/mir_msgs/msg/_power_board_motor_status_s.c.o[0m
[ 92%] [32mBuilding C object CMakeFiles/mir_msgs__rosidl_generator_py.dir/rosidl_generator_py/mir_msgs/msg/_plan_segments_s.c.o[0m
[ 93%] [32mBuilding C object CMakeFiles/mir_msgs__rosidl_generator_py.dir/rosidl_generator_py/mir_msgs/msg/_pose2_d_s.c.o[0m
[ 93%] [32mBuilding C object CMakeFiles/mir_msgs__rosidl_generator_py.dir/rosidl_generator_py/mir_msgs/msg/_mission_ctrl_state_s.c.o[0m
[ 93%] [32mBuilding C object CMakeFiles/mir_msgs__rosidl_generator_py.dir/rosidl_generator_py/mir_msgs/msg/_resources_state_s.c.o[0m
[ 93%] [32mBuilding C object CMakeFiles/mir_msgs__rosidl_generator_py.dir/rosidl_generator_py/mir_msgs/msg/_proximity_s.c.o[0m
[ 93%] [32mBuilding C object CMakeFiles/mir_msgs__rosidl_generator_py.dir/rosidl_generator_py/mir_msgs/msg/_robot_mode_s.c.o[0m
[ 93%] [32mBuilding C object CMakeFiles/mir_msgs__rosidl_generator_py.dir/rosidl_generator_py/mir_msgs/msg/_robot_state_s.c.o[0m
[ 94%] [32mBuilding C object CMakeFiles/mir_msgs__rosidl_generator_py.dir/rosidl_generator_py/mir_msgs/msg/_resource_state_s.c.o[0m
[ 94%] [32mBuilding C object CMakeFiles/mir_msgs__rosidl_generator_py.dir/rosidl_generator_py/mir_msgs/msg/_robot_status_s.c.o[0m
[ 94%] [32mBuilding C object CMakeFiles/mir_msgs__rosidl_generator_py.dir/rosidl_generator_py/mir_msgs/msg/_serial_s.c.o[0m
[ 94%] [32mBuilding C object CMakeFiles/mir_msgs__rosidl_generator_py.dir/rosidl_generator_py/mir_msgs/msg/_stamped_encoders_s.c.o[0m
[ 95%] [32mBuilding C object CMakeFiles/mir_msgs__rosidl_generator_py.dir/rosidl_generator_py/mir_msgs/msg/_safety_status_s.c.o[0m
[ 95%] [32mBuilding C object CMakeFiles/mir_msgs__rosidl_generator_py.dir/rosidl_generator_py/mir_msgs/msg/_trolley_s.c.o[0m
[ 96%] [32mBuilding C object CMakeFiles/mir_msgs__rosidl_generator_py.dir/rosidl_generator_py/mir_msgs/msg/_twist2_d_s.c.o[0m
[ 96%] [32mBuilding C object CMakeFiles/mir_msgs__rosidl_generator_py.dir/rosidl_generator_py/mir_msgs/msg/_user_prompt_s.c.o[0m
[ 96%] [32mBuilding C object CMakeFiles/mir_msgs__rosidl_generator_py.dir/rosidl_generator_py/mir_msgs/msg/_world_map_s.c.o[0m
[ 97%] [32mBuilding C object CMakeFiles/mir_msgs__rosidl_generator_py.dir/rosidl_generator_py/mir_msgs/msg/_world_model_s.c.o[0m
[ 97%] [32mBuilding C object CMakeFiles/mir_msgs__rosidl_generator_py.dir/rosidl_generator_py/mir_msgs/msg/_web_path_s.c.o[0m
[ 97%] [32mBuilding C object CMakeFiles/mir_msgs__rosidl_generator_py.dir/rosidl_generator_py/mir_msgs/srv/_exec_mission_s.c.o[0m
[ 97%] [32m[1mLinking C shared library rosidl_generator_py/mir_msgs/libmir_msgs__rosidl_generator_py.so[0m
[ 97%] Built target mir_msgs__rosidl_generator_py
[ 98%] [32mBuilding C object CMakeFiles/mir_msgs__rosidl_typesupport_introspection_c__pyext.dir/rosidl_generator_py/mir_msgs/_mir_msgs_s.ep.rosidl_typesupport_introspection_c.c.o[0m
[100%] [32mBuilding C object CMakeFiles/mir_msgs__rosidl_typesupport_c__pyext.dir/rosidl_generator_py/mir_msgs/_mir_msgs_s.ep.rosidl_typesupport_c.c.o[0m
[100%] [32mBuilding C object CMakeFiles/mir_msgs__rosidl_typesupport_fastrtps_c__pyext.dir/rosidl_generator_py/mir_msgs/_mir_msgs_s.ep.rosidl_typesupport_fastrtps_c.c.o[0m
[100%] [32m[1mLinking C shared library rosidl_generator_py/mir_msgs/mir_msgs_s__rosidl_typesupport_c.cpython-310-x86_64-linux-gnu.so[0m
[100%] [32m[1mLinking C shared library rosidl_generator_py/mir_msgs/mir_msgs_s__rosidl_typesupport_fastrtps_c.cpython-310-x86_64-linux-gnu.so[0m
[100%] [32m[1mLinking C shared library rosidl_generator_py/mir_msgs/mir_msgs_s__rosidl_typesupport_introspection_c.cpython-310-x86_64-linux-gnu.so[0m
[100%] Built target mir_msgs__rosidl_typesupport_c__pyext
[100%] Built target mir_msgs__rosidl_typesupport_fastrtps_c__pyext
[100%] Built target mir_msgs__rosidl_typesupport_introspection_c__pyext
-- Install configuration: ""
-- Installing: /home/basmala/mir250_ws/src/MiR250/MIR_250/install/mir_msgs/share/ament_index/resource_index/rosidl_interfaces/mir_msgs
-- Installing: /home/basmala/mir250_ws/src/MiR250/MIR_250/install/mir_msgs/include/mir_msgs/mir_msgs
-- Installing: /home/basmala/mir250_ws/src/MiR250/MIR_250/install/mir_msgs/include/mir_msgs/mir_msgs/srv
-- Installing: /home/basmala/mir250_ws/src/MiR250/MIR_250/install/mir_msgs/include/mir_msgs/mir_msgs/srv/detail
-- Installing: /home/basmala/mir250_ws/src/MiR250/MIR_250/install/mir_msgs/include/mir_msgs/mir_msgs/srv/detail/exec_mission__functions.c
-- Installing: /home/basmala/mir250_ws/src/MiR250/MIR_250/install/mir_msgs/include/mir_msgs/mir_msgs/srv/detail/exec_mission__functions.h
-- Installing: /home/basmala/mir250_ws/src/MiR250/MIR_250/install/mir_msgs/include/mir_msgs/mir_msgs/srv/detail/exec_mission__struct.h
-- Installing: /home/basmala/mir250_ws/src/MiR250/MIR_250/install/mir_msgs/include/mir_msgs/mir_msgs/srv/detail/exec_mission__type_support.h
-- Installing: /home/basmala/mir250_ws/src/MiR250/MIR_250/install/mir_msgs/include/mir_msgs/mir_msgs/srv/exec_mission.h
-- Installing: /home/basmala/mir250_ws/src/MiR250/MIR_250/install/mir_msgs/include/mir_msgs/mir_msgs/msg
-- Installing: /home/basmala/mir250_ws/src/MiR250/MIR_250/install/mir_msgs/include/mir_msgs/mir_msgs/msg/stamped_encoders.h
-- Installing: /home/basmala/mir250_ws/src/MiR250/MIR_250/install/mir_msgs/include/mir_msgs/mir_msgs/msg/pendant.h
-- Installing: /home/basmala/mir250_ws/src/MiR250/MIR_250/install/mir_msgs/include/mir_msgs/mir_msgs/msg/external_robots.h
-- Installing: /home/basmala/mir250_ws/src/MiR250/MIR_250/install/mir_msgs/include/mir_msgs/mir_msgs/msg/path.h
-- Installing: /home/basmala/mir250_ws/src/MiR250/MIR_250/install/mir_msgs/include/mir_msgs/mir_msgs/msg/encoders.h
-- Installing: /home/basmala/mir250_ws/src/MiR250/MIR_250/install/mir_msgs/include/mir_msgs/mir_msgs/msg/proximity.h
-- Installing: /home/basmala/mir250_ws/src/MiR250/MIR_250/install/mir_msgs/include/mir_msgs/mir_msgs/msg/device.h
-- Installing: /home/basmala/mir250_ws/src/MiR250/MIR_250/install/mir_msgs/include/mir_msgs/mir_msgs/msg/twist2_d.h
-- Installing: /home/basmala/mir250_ws/src/MiR250/MIR_250/install/mir_msgs/include/mir_msgs/mir_msgs/msg/event.h
-- Installing: /home/basmala/mir250_ws/src/MiR250/MIR_250/install/mir_msgs/include/mir_msgs/mir_msgs/msg/pallet_lifter_status.h
-- Installing: /home/basmala/mir250_ws/src/MiR250/MIR_250/install/mir_msgs/include/mir_msgs/mir_msgs/msg/devices.h
-- Installing: /home/basmala/mir250_ws/src/MiR250/MIR_250/install/mir_msgs/include/mir_msgs/mir_msgs/msg/world_model.h
-- Installing: /home/basmala/mir250_ws/src/MiR250/MIR_250/install/mir_msgs/include/mir_msgs/mir_msgs/msg/events.h
-- Installing: /home/basmala/mir250_ws/src/MiR250/MIR_250/install/mir_msgs/include/mir_msgs/mir_msgs/msg/resources_state.h
-- Installing: /home/basmala/mir250_ws/src/MiR250/MIR_250/install/mir_msgs/include/mir_msgs/mir_msgs/msg/robot_state.h
-- Installing: /home/basmala/mir250_ws/src/MiR250/MIR_250/install/mir_msgs/include/mir_msgs/mir_msgs/msg/world_map.h
-- Installing: /home/basmala/mir250_ws/src/MiR250/MIR_250/install/mir_msgs/include/mir_msgs/mir_msgs/msg/i_os.h
-- Installing: /home/basmala/mir250_ws/src/MiR250/MIR_250/install/mir_msgs/include/mir_msgs/mir_msgs/msg/trolley.h
-- Installing: /home/basmala/mir250_ws/src/MiR250/MIR_250/install/mir_msgs/include/mir_msgs/mir_msgs/msg/rosidl_generator_c__visibility_control.h
-- Installing: /home/basmala/mir250_ws/src/MiR250/MIR_250/install/mir_msgs/include/mir_msgs/mir_msgs/msg/gripper_state.h
-- Installing: /home/basmala/mir250_ws/src/MiR250/MIR_250/install/mir_msgs/include/mir_msgs/mir_msgs/msg/error.h
-- Installing: /home/basmala/mir250_ws/src/MiR250/MIR_250/install/mir_msgs/include/mir_msgs/mir_msgs/msg/mission_ctrl_command.h
-- Installing: /home/basmala/mir250_ws/src/MiR250/MIR_250/install/mir_msgs/include/mir_msgs/mir_msgs/msg/mir_extra.h
-- Installing: /home/basmala/mir250_ws/src/MiR250/MIR_250/install/mir_msgs/include/mir_msgs/mir_msgs/msg/serial.h
-- Installing: /home/basmala/mir250_ws/src/MiR250/MIR_250/install/mir_msgs/include/mir_msgs/mir_msgs/msg/joystick_vel.h
-- Installing: /home/basmala/mir250_ws/src/MiR250/MIR_250/install/mir_msgs/include/mir_msgs/mir_msgs/msg/battery_currents.h
-- Installing: /home/basmala/mir250_ws/src/MiR250/MIR_250/install/mir_msgs/include/mir_msgs/mir_msgs/msg/detail
-- Installing: /home/basmala/mir250_ws/src/MiR250/MIR_250/install/mir_msgs/include/mir_msgs/mir_msgs/msg/detail/height_state__type_support.h
-- Installing: /home/basmala/mir250_ws/src/MiR250/MIR_250/install/mir_msgs/include/mir_msgs/mir_msgs/msg/detail/gpio__functions.c
-- Installing: /home/basmala/mir250_ws/src/MiR250/MIR_250/install/mir_msgs/include/mir_msgs/mir_msgs/msg/detail/robot_mode__type_support.h
-- Installing: /home/basmala/mir250_ws/src/MiR250/MIR_250/install/mir_msgs/include/mir_msgs/mir_msgs/msg/detail/events__functions.c
-- Installing: /home/basmala/mir250_ws/src/MiR250/MIR_250/install/mir_msgs/include/mir_msgs/mir_msgs/msg/detail/path__functions.c
-- Installing: /home/basmala/mir250_ws/src/MiR250/MIR_250/install/mir_msgs/include/mir_msgs/mir_msgs/msg/detail/web_path__struct.h
-- Installing: /home/basmala/mir250_ws/src/MiR250/MIR_250/install/mir_msgs/include/mir_msgs/mir_msgs/msg/detail/mission_ctrl_state__struct.h
-- Installing: /home/basmala/mir250_ws/src/MiR250/MIR_250/install/mir_msgs/include/mir_msgs/mir_msgs/msg/detail/resources_state__struct.h
-- Installing: /home/basmala/mir250_ws/src/MiR250/MIR_250/install/mir_msgs/include/mir_msgs/mir_msgs/msg/detail/robot_state__functions.c
-- Installing: /home/basmala/mir250_ws/src/MiR250/MIR_250/install/mir_msgs/include/mir_msgs/mir_msgs/msg/detail/hook_status__struct.h
-- Installing: /home/basmala/mir250_ws/src/MiR250/MIR_250/install/mir_msgs/include/mir_msgs/mir_msgs/msg/detail/height_state__struct.h
-- Installing: /home/basmala/mir250_ws/src/MiR250/MIR_250/install/mir_msgs/include/mir_msgs/mir_msgs/msg/detail/devices__type_support.h
-- Installing: /home/basmala/mir250_ws/src/MiR250/MIR_250/install/mir_msgs/include/mir_msgs/mir_msgs/msg/detail/external_robots__type_support.h
-- Installing: /home/basmala/mir250_ws/src/MiR250/MIR_250/install/mir_msgs/include/mir_msgs/mir_msgs/msg/detail/mission_ctrl_command__functions.c
-- Installing: /home/basmala/mir250_ws/src/MiR250/MIR_250/install/mir_msgs/include/mir_msgs/mir_msgs/msg/detail/encoders__functions.c
-- Installing: /home/basmala/mir250_ws/src/MiR250/MIR_250/install/mir_msgs/include/mir_msgs/mir_msgs/msg/detail/robot_mode__functions.h
-- Installing: /home/basmala/mir250_ws/src/MiR250/MIR_250/install/mir_msgs/include/mir_msgs/mir_msgs/msg/detail/mission_ctrl_state__type_support.h
-- Installing: /home/basmala/mir250_ws/src/MiR250/MIR_250/install/mir_msgs/include/mir_msgs/mir_msgs/msg/detail/mission_ctrl_state__functions.c
-- Installing: /home/basmala/mir250_ws/src/MiR250/MIR_250/install/mir_msgs/include/mir_msgs/mir_msgs/msg/detail/pallet_lifter_status__struct.h
-- Installing: /home/basmala/mir250_ws/src/MiR250/MIR_250/install/mir_msgs/include/mir_msgs/mir_msgs/msg/detail/devices__struct.h
-- Installing: /home/basmala/mir250_ws/src/MiR250/MIR_250/install/mir_msgs/include/mir_msgs/mir_msgs/msg/detail/charging_state__functions.h
-- Installing: /home/basmala/mir250_ws/src/MiR250/MIR_250/install/mir_msgs/include/mir_msgs/mir_msgs/msg/detail/plan_segment__functions.c
-- Installing: /home/basmala/mir250_ws/src/MiR250/MIR_250/install/mir_msgs/include/mir_msgs/mir_msgs/msg/detail/world_model__functions.c
-- Installing: /home/basmala/mir250_ws/src/MiR250/MIR_250/install/mir_msgs/include/mir_msgs/mir_msgs/msg/detail/brake_state__functions.h
-- Installing: /home/basmala/mir250_ws/src/MiR250/MIR_250/install/mir_msgs/include/mir_msgs/mir_msgs/msg/detail/encoders__type_support.h
-- Installing: /home/basmala/mir250_ws/src/MiR250/MIR_250/install/mir_msgs/include/mir_msgs/mir_msgs/msg/detail/power_board_motor_status__struct.h
-- Installing: /home/basmala/mir250_ws/src/MiR250/MIR_250/install/mir_msgs/include/mir_msgs/mir_msgs/msg/detail/encoders__struct.h
-- Installing: /home/basmala/mir250_ws/src/MiR250/MIR_250/install/mir_msgs/include/mir_msgs/mir_msgs/msg/detail/joystick_vel__type_support.h
-- Installing: /home/basmala/mir250_ws/src/MiR250/MIR_250/install/mir_msgs/include/mir_msgs/mir_msgs/msg/detail/hook_status__functions.c
-- Installing: /home/basmala/mir250_ws/src/MiR250/MIR_250/install/mir_msgs/include/mir_msgs/mir_msgs/msg/detail/trolley__functions.h
-- Installing: /home/basmala/mir250_ws/src/MiR250/MIR_250/install/mir_msgs/include/mir_msgs/mir_msgs/msg/detail/battery_currents__struct.h
-- Installing: /home/basmala/mir250_ws/src/MiR250/MIR_250/install/mir_msgs/include/mir_msgs/mir_msgs/msg/detail/battery_currents__type_support.h
-- Installing: /home/basmala/mir250_ws/src/MiR250/MIR_250/install/mir_msgs/include/mir_msgs/mir_msgs/msg/detail/device__type_support.h
-- Installing: /home/basmala/mir250_ws/src/MiR250/MIR_250/install/mir_msgs/include/mir_msgs/mir_msgs/msg/detail/trolley__struct.h
-- Installing: /home/basmala/mir250_ws/src/MiR250/MIR_250/install/mir_msgs/include/mir_msgs/mir_msgs/msg/detail/twist2_d__type_support.h
-- Installing: /home/basmala/mir250_ws/src/MiR250/MIR_250/install/mir_msgs/include/mir_msgs/mir_msgs/msg/detail/i_os__functions.h
-- Installing: /home/basmala/mir250_ws/src/MiR250/MIR_250/install/mir_msgs/include/mir_msgs/mir_msgs/msg/detail/safety_status__type_support.h
-- Installing: /home/basmala/mir250_ws/src/MiR250/MIR_250/install/mir_msgs/include/mir_msgs/mir_msgs/msg/detail/mission_ctrl_command__functions.h
-- Installing: /home/basmala/mir250_ws/src/MiR250/MIR_250/install/mir_msgs/include/mir_msgs/mir_msgs/msg/detail/robot_mode__struct.h
-- Installing: /home/basmala/mir250_ws/src/MiR250/MIR_250/install/mir_msgs/include/mir_msgs/mir_msgs/msg/detail/resource_state__functions.h
-- Installing: /home/basmala/mir250_ws/src/MiR250/MIR_250/install/mir_msgs/include/mir_msgs/mir_msgs/msg/detail/trolley__type_support.h
-- Installing: /home/basmala/mir250_ws/src/MiR250/MIR_250/install/mir_msgs/include/mir_msgs/mir_msgs/msg/detail/local_map_stat__struct.h
-- Installing: /home/basmala/mir250_ws/src/MiR250/MIR_250/install/mir_msgs/include/mir_msgs/mir_msgs/msg/detail/hook_status__functions.h
-- Installing: /home/basmala/mir250_ws/src/MiR250/MIR_250/install/mir_msgs/include/mir_msgs/mir_msgs/msg/detail/pose2_d__type_support.h
-- Installing: /home/basmala/mir250_ws/src/MiR250/MIR_250/install/mir_msgs/include/mir_msgs/mir_msgs/msg/detail/external_robot__struct.h
-- Installing: /home/basmala/mir250_ws/src/MiR250/MIR_250/install/mir_msgs/include/mir_msgs/mir_msgs/msg/detail/plan_segments__functions.h
-- Installing: /home/basmala/mir250_ws/src/MiR250/MIR_250/install/mir_msgs/include/mir_msgs/mir_msgs/msg/detail/stamped_encoders__type_support.h
-- Installing: /home/basmala/mir250_ws/src/MiR250/MIR_250/install/mir_msgs/include/mir_msgs/mir_msgs/msg/detail/robot_status__struct.h
-- Installing: /home/basmala/mir250_ws/src/MiR250/MIR_250/install/mir_msgs/include/mir_msgs/mir_msgs/msg/detail/i_os__functions.c
-- Installing: /home/basmala/mir250_ws/src/MiR250/MIR_250/install/mir_msgs/include/mir_msgs/mir_msgs/msg/detail/proximity__functions.h
-- Installing: /home/basmala/mir250_ws/src/MiR250/MIR_250/install/mir_msgs/include/mir_msgs/mir_msgs/msg/detail/resources_state__functions.h
-- Installing: /home/basmala/mir250_ws/src/MiR250/MIR_250/install/mir_msgs/include/mir_msgs/mir_msgs/msg/detail/pose2_d__functions.h
-- Installing: /home/basmala/mir250_ws/src/MiR250/MIR_250/install/mir_msgs/include/mir_msgs/mir_msgs/msg/detail/safety_status__struct.h
-- Installing: /home/basmala/mir250_ws/src/MiR250/MIR_250/install/mir_msgs/include/mir_msgs/mir_msgs/msg/detail/stamped_encoders__functions.h
-- Installing: /home/basmala/mir250_ws/src/MiR250/MIR_250/install/mir_msgs/include/mir_msgs/mir_msgs/msg/detail/height_state__functions.h
-- Installing: /home/basmala/mir250_ws/src/MiR250/MIR_250/install/mir_msgs/include/mir_msgs/mir_msgs/msg/detail/events__functions.h
-- Installing: /home/basmala/mir250_ws/src/MiR250/MIR_250/install/mir_msgs/include/mir_msgs/mir_msgs/msg/detail/web_path__functions.h
-- Installing: /home/basmala/mir250_ws/src/MiR250/MIR_250/install/mir_msgs/include/mir_msgs/mir_msgs/msg/detail/hook_extended_status__type_support.h
-- Installing: /home/basmala/mir250_ws/src/MiR250/MIR_250/install/mir_msgs/include/mir_msgs/mir_msgs/msg/detail/pendant__type_support.h
-- Installing: /home/basmala/mir250_ws/src/MiR250/MIR_250/install/mir_msgs/include/mir_msgs/mir_msgs/msg/detail/error__functions.h
-- Installing: /home/basmala/mir250_ws/src/MiR250/MIR_250/install/mir_msgs/include/mir_msgs/mir_msgs/msg/detail/world_map__struct.h
-- Installing: /home/basmala/mir250_ws/src/MiR250/MIR_250/install/mir_msgs/include/mir_msgs/mir_msgs/msg/detail/event__functions.h
-- Installing: /home/basmala/mir250_ws/src/MiR250/MIR_250/install/mir_msgs/include/mir_msgs/mir_msgs/msg/detail/mission_ctrl_command__struct.h
-- Installing: /home/basmala/mir250_ws/src/MiR250/MIR_250/install/mir_msgs/include/mir_msgs/mir_msgs/msg/detail/device__struct.h
-- Installing: /home/basmala/mir250_ws/src/MiR250/MIR_250/install/mir_msgs/include/mir_msgs/mir_msgs/msg/detail/error__type_support.h
-- Installing: /home/basmala/mir250_ws/src/MiR250/MIR_250/install/mir_msgs/include/mir_msgs/mir_msgs/msg/detail/robot_state__functions.h
-- Installing: /home/basmala/mir250_ws/src/MiR250/MIR_250/install/mir_msgs/include/mir_msgs/mir_msgs/msg/detail/error__struct.h
-- Installing: /home/basmala/mir250_ws/src/MiR250/MIR_250/install/mir_msgs/include/mir_msgs/mir_msgs/msg/detail/robot_mode__functions.c
-- Installing: /home/basmala/mir250_ws/src/MiR250/MIR_250/install/mir_msgs/include/mir_msgs/mir_msgs/msg/detail/pallet_lifter_status__functions.c
-- Installing: /home/basmala/mir250_ws/src/MiR250/MIR_250/install/mir_msgs/include/mir_msgs/mir_msgs/msg/detail/external_robots__struct.h
-- Installing: /home/basmala/mir250_ws/src/MiR250/MIR_250/install/mir_msgs/include/mir_msgs/mir_msgs/msg/detail/hook_extended_status__functions.c
-- Installing: /home/basmala/mir250_ws/src/MiR250/MIR_250/install/mir_msgs/include/mir_msgs/mir_msgs/msg/detail/twist2_d__functions.h
-- Installing: /home/basmala/mir250_ws/src/MiR250/MIR_250/install/mir_msgs/include/mir_msgs/mir_msgs/msg/detail/pallet_lifter_status__type_support.h
-- Installing: /home/basmala/mir250_ws/src/MiR250/MIR_250/install/mir_msgs/include/mir_msgs/mir_msgs/msg/detail/events__struct.h
-- Installing: /home/basmala/mir250_ws/src/MiR250/MIR_250/install/mir_msgs/include/mir_msgs/mir_msgs/msg/detail/proximity__type_support.h
-- Installing: /home/basmala/mir250_ws/src/MiR250/MIR_250/install/mir_msgs/include/mir_msgs/mir_msgs/msg/detail/mir_extra__functions.h
-- Installing: /home/basmala/mir250_ws/src/MiR250/MIR_250/install/mir_msgs/include/mir_msgs/mir_msgs/msg/detail/joystick_vel__struct.h
-- Installing: /home/basmala/mir250_ws/src/MiR250/MIR_250/install/mir_msgs/include/mir_msgs/mir_msgs/msg/detail/mission_ctrl_state__functions.h
-- Installing: /home/basmala/mir250_ws/src/MiR250/MIR_250/install/mir_msgs/include/mir_msgs/mir_msgs/msg/detail/resources_state__functions.c
-- Installing: /home/basmala/mir250_ws/src/MiR250/MIR_250/install/mir_msgs/include/mir_msgs/mir_msgs/msg/detail/hook_status__type_support.h
-- Installing: /home/basmala/mir250_ws/src/MiR250/MIR_250/install/mir_msgs/include/mir_msgs/mir_msgs/msg/detail/hook_extended_status__functions.h
-- Installing: /home/basmala/mir250_ws/src/MiR250/MIR_250/install/mir_msgs/include/mir_msgs/mir_msgs/msg/detail/safety_status__functions.h
-- Installing: /home/basmala/mir250_ws/src/MiR250/MIR_250/install/mir_msgs/include/mir_msgs/mir_msgs/msg/detail/resources_state__type_support.h
-- Installing: /home/basmala/mir250_ws/src/MiR250/MIR_250/install/mir_msgs/include/mir_msgs/mir_msgs/msg/detail/serial__functions.h
-- Installing: /home/basmala/mir250_ws/src/MiR250/MIR_250/install/mir_msgs/include/mir_msgs/mir_msgs/msg/detail/mir_extra__functions.c
-- Installing: /home/basmala/mir250_ws/src/MiR250/MIR_250/install/mir_msgs/include/mir_msgs/mir_msgs/msg/detail/local_map_stat__functions.h
-- Installing: /home/basmala/mir250_ws/src/MiR250/MIR_250/install/mir_msgs/include/mir_msgs/mir_msgs/msg/detail/joystick_vel__functions.h
-- Installing: /home/basmala/mir250_ws/src/MiR250/MIR_250/install/mir_msgs/include/mir_msgs/mir_msgs/msg/detail/robot_status__functions.c
-- Installing: /home/basmala/mir250_ws/src/MiR250/MIR_250/install/mir_msgs/include/mir_msgs/mir_msgs/msg/detail/local_map_stat__type_support.h
-- Installing: /home/basmala/mir250_ws/src/MiR250/MIR_250/install/mir_msgs/include/mir_msgs/mir_msgs/msg/detail/height_state__functions.c
-- Installing: /home/basmala/mir250_ws/src/MiR250/MIR_250/install/mir_msgs/include/mir_msgs/mir_msgs/msg/detail/charging_state__type_support.h
-- Installing: /home/basmala/mir250_ws/src/MiR250/MIR_250/install/mir_msgs/include/mir_msgs/mir_msgs/msg/detail/stamped_encoders__functions.c
-- Installing: /home/basmala/mir250_ws/src/MiR250/MIR_250/install/mir_msgs/include/mir_msgs/mir_msgs/msg/detail/gripper_state__functions.h
-- Installing: /home/basmala/mir250_ws/src/MiR250/MIR_250/install/mir_msgs/include/mir_msgs/mir_msgs/msg/detail/world_map__functions.h
-- Installing: /home/basmala/mir250_ws/src/MiR250/MIR_250/install/mir_msgs/include/mir_msgs/mir_msgs/msg/detail/world_map__type_support.h
-- Installing: /home/basmala/mir250_ws/src/MiR250/MIR_250/install/mir_msgs/include/mir_msgs/mir_msgs/msg/detail/event__functions.c
-- Installing: /home/basmala/mir250_ws/src/MiR250/MIR_250/install/mir_msgs/include/mir_msgs/mir_msgs/msg/detail/i_os__struct.h
-- Installing: /home/basmala/mir250_ws/src/MiR250/MIR_250/install/mir_msgs/include/mir_msgs/mir_msgs/msg/detail/world_model__functions.h
-- Installing: /home/basmala/mir250_ws/src/MiR250/MIR_250/install/mir_msgs/include/mir_msgs/mir_msgs/msg/detail/gpio__type_support.h
-- Installing: /home/basmala/mir250_ws/src/MiR250/MIR_250/install/mir_msgs/include/mir_msgs/mir_msgs/msg/detail/external_robot__functions.h
-- Installing: /home/basmala/mir250_ws/src/MiR250/MIR_250/install/mir_msgs/include/mir_msgs/mir_msgs/msg/detail/serial__struct.h
-- Installing: /home/basmala/mir250_ws/src/MiR250/MIR_250/install/mir_msgs/include/mir_msgs/mir_msgs/msg/detail/plan_segment__type_support.h
-- Installing: /home/basmala/mir250_ws/src/MiR250/MIR_250/install/mir_msgs/include/mir_msgs/mir_msgs/msg/detail/power_board_motor_status__functions.c
-- Installing: /home/basmala/mir250_ws/src/MiR250/MIR_250/install/mir_msgs/include/mir_msgs/mir_msgs/msg/detail/battery_currents__functions.c
-- Installing: /home/basmala/mir250_ws/src/MiR250/MIR_250/install/mir_msgs/include/mir_msgs/mir_msgs/msg/detail/gpio__struct.h
-- Installing: /home/basmala/mir250_ws/src/MiR250/MIR_250/install/mir_msgs/include/mir_msgs/mir_msgs/msg/detail/plan_segments__type_support.h
-- Installing: /home/basmala/mir250_ws/src/MiR250/MIR_250/install/mir_msgs/include/mir_msgs/mir_msgs/msg/detail/proximity__struct.h
-- Installing: /home/basmala/mir250_ws/src/MiR250/MIR_250/install/mir_msgs/include/mir_msgs/mir_msgs/msg/detail/serial__functions.c
-- Installing: /home/basmala/mir250_ws/src/MiR250/MIR_250/install/mir_msgs/include/mir_msgs/mir_msgs/msg/detail/error__functions.c
-- Installing: /home/basmala/mir250_ws/src/MiR250/MIR_250/install/mir_msgs/include/mir_msgs/mir_msgs/msg/detail/twist2_d__struct.h
-- Installing: /home/basmala/mir250_ws/src/MiR250/MIR_250/install/mir_msgs/include/mir_msgs/mir_msgs/msg/detail/mir_extra__struct.h
-- Installing: /home/basmala/mir250_ws/src/MiR250/MIR_250/install/mir_msgs/include/mir_msgs/mir_msgs/msg/detail/bms_data__struct.h
-- Installing: /home/basmala/mir250_ws/src/MiR250/MIR_250/install/mir_msgs/include/mir_msgs/mir_msgs/msg/detail/pendant__functions.h
-- Installing: /home/basmala/mir250_ws/src/MiR250/MIR_250/install/mir_msgs/include/mir_msgs/mir_msgs/msg/detail/joystick_vel__functions.c
-- Installing: /home/basmala/mir250_ws/src/MiR250/MIR_250/install/mir_msgs/include/mir_msgs/mir_msgs/msg/detail/user_prompt__struct.h
-- Installing: /home/basmala/mir250_ws/src/MiR250/MIR_250/install/mir_msgs/include/mir_msgs/mir_msgs/msg/detail/user_prompt__functions.h
-- Installing: /home/basmala/mir250_ws/src/MiR250/MIR_250/install/mir_msgs/include/mir_msgs/mir_msgs/msg/detail/external_robots__functions.h
-- Installing: /home/basmala/mir250_ws/src/MiR250/MIR_250/install/mir_msgs/include/mir_msgs/mir_msgs/msg/detail/mission_ctrl_command__type_support.h
-- Installing: /home/basmala/mir250_ws/src/MiR250/MIR_250/install/mir_msgs/include/mir_msgs/mir_msgs/msg/detail/user_prompt__functions.c
-- Installing: /home/basmala/mir250_ws/src/MiR250/MIR_250/install/mir_msgs/include/mir_msgs/mir_msgs/msg/detail/stamped_encoders__struct.h
-- Installing: /home/basmala/mir250_ws/src/MiR250/MIR_250/install/mir_msgs/include/mir_msgs/mir_msgs/msg/detail/robot_state__type_support.h
-- Installing: /home/basmala/mir250_ws/src/MiR250/MIR_250/install/mir_msgs/include/mir_msgs/mir_msgs/msg/detail/resource_state__struct.h
-- Installing: /home/basmala/mir250_ws/src/MiR250/MIR_250/install/mir_msgs/include/mir_msgs/mir_msgs/msg/detail/encoders__functions.h
-- Installing: /home/basmala/mir250_ws/src/MiR250/MIR_250/install/mir_msgs/include/mir_msgs/mir_msgs/msg/detail/plan_segment__struct.h
-- Installing: /home/basmala/mir250_ws/src/MiR250/MIR_250/install/mir_msgs/include/mir_msgs/mir_msgs/msg/detail/gripper_state__type_support.h
-- Installing: /home/basmala/mir250_ws/src/MiR250/MIR_250/install/mir_msgs/include/mir_msgs/mir_msgs/msg/detail/robot_status__functions.h
-- Installing: /home/basmala/mir250_ws/src/MiR250/MIR_250/install/mir_msgs/include/mir_msgs/mir_msgs/msg/detail/i_os__type_support.h
-- Installing: /home/basmala/mir250_ws/src/MiR250/MIR_250/install/mir_msgs/include/mir_msgs/mir_msgs/msg/detail/event__type_support.h
-- Installing: /home/basmala/mir250_ws/src/MiR250/MIR_250/install/mir_msgs/include/mir_msgs/mir_msgs/msg/detail/robot_status__type_support.h
-- Installing: /home/basmala/mir250_ws/src/MiR250/MIR_250/install/mir_msgs/include/mir_msgs/mir_msgs/msg/detail/twist2_d__functions.c
-- Installing: /home/basmala/mir250_ws/src/MiR250/MIR_250/install/mir_msgs/include/mir_msgs/mir_msgs/msg/detail/gpio__functions.h
-- Installing: /home/basmala/mir250_ws/src/MiR250/MIR_250/install/mir_msgs/include/mir_msgs/mir_msgs/msg/detail/brake_state__struct.h
-- Installing: /home/basmala/mir250_ws/src/MiR250/MIR_250/install/mir_msgs/include/mir_msgs/mir_msgs/msg/detail/brake_state__functions.c
-- Installing: /home/basmala/mir250_ws/src/MiR250/MIR_250/install/mir_msgs/include/mir_msgs/mir_msgs/msg/detail/resource_state__type_support.h
-- Installing: /home/basmala/mir250_ws/src/MiR250/MIR_250/install/mir_msgs/include/mir_msgs/mir_msgs/msg/detail/serial__type_support.h
-- Installing: /home/basmala/mir250_ws/src/MiR250/MIR_250/install/mir_msgs/include/mir_msgs/mir_msgs/msg/detail/gripper_state__struct.h
-- Installing: /home/basmala/mir250_ws/src/MiR250/MIR_250/install/mir_msgs/include/mir_msgs/mir_msgs/msg/detail/bms_data__functions.c
-- Installing: /home/basmala/mir250_ws/src/MiR250/MIR_250/install/mir_msgs/include/mir_msgs/mir_msgs/msg/detail/resource_state__functions.c
-- Installing: /home/basmala/mir250_ws/src/MiR250/MIR_250/install/mir_msgs/include/mir_msgs/mir_msgs/msg/detail/pendant__struct.h
-- Installing: /home/basmala/mir250_ws/src/MiR250/MIR_250/install/mir_msgs/include/mir_msgs/mir_msgs/msg/detail/world_model__type_support.h
-- Installing: /home/basmala/mir250_ws/src/MiR250/MIR_250/install/mir_msgs/include/mir_msgs/mir_msgs/msg/detail/proximity__functions.c
-- Installing: /home/basmala/mir250_ws/src/MiR250/MIR_250/install/mir_msgs/include/mir_msgs/mir_msgs/msg/detail/pose2_d__struct.h
-- Installing: /home/basmala/mir250_ws/src/MiR250/MIR_250/install/mir_msgs/include/mir_msgs/mir_msgs/msg/detail/world_model__struct.h
-- Installing: /home/basmala/mir250_ws/src/MiR250/MIR_250/install/mir_msgs/include/mir_msgs/mir_msgs/msg/detail/charging_state__struct.h
-- Installing: /home/basmala/mir250_ws/src/MiR250/MIR_250/install/mir_msgs/include/mir_msgs/mir_msgs/msg/detail/safety_status__functions.c
-- Installing: /home/basmala/mir250_ws/src/MiR250/MIR_250/install/mir_msgs/include/mir_msgs/mir_msgs/msg/detail/brake_state__type_support.h
-- Installing: /home/basmala/mir250_ws/src/MiR250/MIR_250/install/mir_msgs/include/mir_msgs/mir_msgs/msg/detail/power_board_motor_status__type_support.h
-- Installing: /home/basmala/mir250_ws/src/MiR250/MIR_250/install/mir_msgs/include/mir_msgs/mir_msgs/msg/detail/robot_state__struct.h
-- Installing: /home/basmala/mir250_ws/src/MiR250/MIR_250/install/mir_msgs/include/mir_msgs/mir_msgs/msg/detail/path__functions.h
-- Installing: /home/basmala/mir250_ws/src/MiR250/MIR_250/install/mir_msgs/include/mir_msgs/mir_msgs/msg/detail/device__functions.h
-- Installing: /home/basmala/mir250_ws/src/MiR250/MIR_250/install/mir_msgs/include/mir_msgs/mir_msgs/msg/detail/plan_segments__functions.c
-- Installing: /home/basmala/mir250_ws/src/MiR250/MIR_250/install/mir_msgs/include/mir_msgs/mir_msgs/msg/detail/external_robots__functions.c
-- Installing: /home/basmala/mir250_ws/src/MiR250/MIR_250/install/mir_msgs/include/mir_msgs/mir_msgs/msg/detail/devices__functions.h
-- Installing: /home/basmala/mir250_ws/src/MiR250/MIR_250/install/mir_msgs/include/mir_msgs/mir_msgs/msg/detail/external_robot__functions.c
-- Installing: /home/basmala/mir250_ws/src/MiR250/MIR_250/install/mir_msgs/include/mir_msgs/mir_msgs/msg/detail/trolley__functions.c
-- Installing: /home/basmala/mir250_ws/src/MiR250/MIR_250/install/mir_msgs/include/mir_msgs/mir_msgs/msg/detail/pallet_lifter_status__functions.h
-- Installing: /home/basmala/mir250_ws/src/MiR250/MIR_250/install/mir_msgs/include/mir_msgs/mir_msgs/msg/detail/mir_extra__type_support.h
-- Installing: /home/basmala/mir250_ws/src/MiR250/MIR_250/install/mir_msgs/include/mir_msgs/mir_msgs/msg/detail/devices__functions.c
-- Installing: /home/basmala/mir250_ws/src/MiR250/MIR_250/install/mir_msgs/include/mir_msgs/mir_msgs/msg/detail/pendant__functions.c
-- Installing: /home/basmala/mir250_ws/src/MiR250/MIR_250/install/mir_msgs/include/mir_msgs/mir_msgs/msg/detail/web_path__functions.c
-- Installing: /home/basmala/mir250_ws/src/MiR250/MIR_250/install/mir_msgs/include/mir_msgs/mir_msgs/msg/detail/path__struct.h
-- Installing: /home/basmala/mir250_ws/src/MiR250/MIR_250/install/mir_msgs/include/mir_msgs/mir_msgs/msg/detail/events__type_support.h
-- Installing: /home/basmala/mir250_ws/src/MiR250/MIR_250/install/mir_msgs/include/mir_msgs/mir_msgs/msg/detail/user_prompt__type_support.h
-- Installing: /home/basmala/mir250_ws/src/MiR250/MIR_250/install/mir_msgs/include/mir_msgs/mir_msgs/msg/detail/external_robot__type_support.h
-- Installing: /home/basmala/mir250_ws/src/MiR250/MIR_250/install/mir_msgs/include/mir_msgs/mir_msgs/msg/detail/charging_state__functions.c
-- Installing: /home/basmala/mir250_ws/src/MiR250/MIR_250/install/mir_msgs/include/mir_msgs/mir_msgs/msg/detail/local_map_stat__functions.c
-- Installing: /home/basmala/mir250_ws/src/MiR250/MIR_250/install/mir_msgs/include/mir_msgs/mir_msgs/msg/detail/power_board_motor_status__functions.h
-- Installing: /home/basmala/mir250_ws/src/MiR250/MIR_250/install/mir_msgs/include/mir_msgs/mir_msgs/msg/detail/web_path__type_support.h
-- Installing: /home/basmala/mir250_ws/src/MiR250/MIR_250/install/mir_msgs/include/mir_msgs/mir_msgs/msg/detail/path__type_support.h
-- Installing: /home/basmala/mir250_ws/src/MiR250/MIR_250/install/mir_msgs/include/mir_msgs/mir_msgs/msg/detail/pose2_d__functions.c
-- Installing: /home/basmala/mir250_ws/src/MiR250/MIR_250/install/mir_msgs/include/mir_msgs/mir_msgs/msg/detail/bms_data__type_support.h
-- Installing: /home/basmala/mir250_ws/src/MiR250/MIR_250/install/mir_msgs/include/mir_msgs/mir_msgs/msg/detail/plan_segments__struct.h
-- Installing: /home/basmala/mir250_ws/src/MiR250/MIR_250/install/mir_msgs/include/mir_msgs/mir_msgs/msg/detail/gripper_state__functions.c
-- Installing: /home/basmala/mir250_ws/src/MiR250/MIR_250/install/mir_msgs/include/mir_msgs/mir_msgs/msg/detail/hook_extended_status__struct.h
-- Installing: /home/basmala/mir250_ws/src/MiR250/MIR_250/install/mir_msgs/include/mir_msgs/mir_msgs/msg/detail/battery_currents__functions.h
-- Installing: /home/basmala/mir250_ws/src/MiR250/MIR_250/install/mir_msgs/include/mir_msgs/mir_msgs/msg/detail/plan_segment__functions.h
-- Installing: /home/basmala/mir250_ws/src/MiR250/MIR_250/install/mir_msgs/include/mir_msgs/mir_msgs/msg/detail/event__struct.h
-- Installing: /home/basmala/mir250_ws/src/MiR250/MIR_250/install/mir_msgs/include/mir_msgs/mir_msgs/msg/detail/bms_data__functions.h
-- Installing: /home/basmala/mir250_ws/src/MiR250/MIR_250/install/mir_msgs/include/mir_msgs/mir_msgs/msg/detail/device__functions.c
-- Installing: /home/basmala/mir250_ws/src/MiR250/MIR_250/install/mir_msgs/include/mir_msgs/mir_msgs/msg/detail/world_map__functions.c
-- Installing: /home/basmala/mir250_ws/src/MiR250/MIR_250/install/mir_msgs/include/mir_msgs/mir_msgs/msg/user_prompt.h
-- Installing: /home/basmala/mir250_ws/src/MiR250/MIR_250/install/mir_msgs/include/mir_msgs/mir_msgs/msg/robot_status.h
-- Installing: /home/basmala/mir250_ws/src/MiR250/MIR_250/install/mir_msgs/include/mir_msgs/mir_msgs/msg/mission_ctrl_state.h
-- Installing: /home/basmala/mir250_ws/src/MiR250/MIR_250/install/mir_msgs/include/mir_msgs/mir_msgs/msg/web_path.h
-- Installing: /home/basmala/mir250_ws/src/MiR250/MIR_250/install/mir_msgs/include/mir_msgs/mir_msgs/msg/safety_status.h
-- Installing: /home/basmala/mir250_ws/src/MiR250/MIR_250/install/mir_msgs/include/mir_msgs/mir_msgs/msg/brake_state.h
-- Installing: /home/basmala/mir250_ws/src/MiR250/MIR_250/install/mir_msgs/include/mir_msgs/mir_msgs/msg/pose2_d.h
-- Installing: /home/basmala/mir250_ws/src/MiR250/MIR_250/install/mir_msgs/include/mir_msgs/mir_msgs/msg/plan_segments.h
-- Installing: /home/basmala/mir250_ws/src/MiR250/MIR_250/install/mir_msgs/include/mir_msgs/mir_msgs/msg/hook_extended_status.h
-- Installing: /home/basmala/mir250_ws/src/MiR250/MIR_250/install/mir_msgs/include/mir_msgs/mir_msgs/msg/power_board_motor_status.h
-- Installing: /home/basmala/mir250_ws/src/MiR250/MIR_250/install/mir_msgs/include/mir_msgs/mir_msgs/msg/gpio.h
-- Installing: /home/basmala/mir250_ws/src/MiR250/MIR_250/install/mir_msgs/include/mir_msgs/mir_msgs/msg/local_map_stat.h
-- Installing: /home/basmala/mir250_ws/src/MiR250/MIR_250/install/mir_msgs/include/mir_msgs/mir_msgs/msg/resource_state.h
-- Installing: /home/basmala/mir250_ws/src/MiR250/MIR_250/install/mir_msgs/include/mir_msgs/mir_msgs/msg/plan_segment.h
-- Installing: /home/basmala/mir250_ws/src/MiR250/MIR_250/install/mir_msgs/include/mir_msgs/mir_msgs/msg/external_robot.h
-- Installing: /home/basmala/mir250_ws/src/MiR250/MIR_250/install/mir_msgs/include/mir_msgs/mir_msgs/msg/charging_state.h
-- Installing: /home/basmala/mir250_ws/src/MiR250/MIR_250/install/mir_msgs/include/mir_msgs/mir_msgs/msg/robot_mode.h
-- Installing: /home/basmala/mir250_ws/src/MiR250/MIR_250/install/mir_msgs/include/mir_msgs/mir_msgs/msg/bms_data.h
-- Installing: /home/basmala/mir250_ws/src/MiR250/MIR_250/install/mir_msgs/include/mir_msgs/mir_msgs/msg/hook_status.h
-- Installing: /home/basmala/mir250_ws/src/MiR250/MIR_250/install/mir_msgs/include/mir_msgs/mir_msgs/msg/height_state.h
-- Installing: /home/basmala/mir250_ws/src/MiR250/MIR_250/install/mir_msgs/share/mir_msgs/environment/library_path.sh
-- Installing: /home/basmala/mir250_ws/src/MiR250/MIR_250/install/mir_msgs/share/mir_msgs/environment/library_path.dsv
-- Installing: /home/basmala/mir250_ws/src/MiR250/MIR_250/install/mir_msgs/lib/libmir_msgs__rosidl_generator_c.so
-- Set runtime path of "/home/basmala/mir250_ws/src/MiR250/MIR_250/install/mir_msgs/lib/libmir_msgs__rosidl_generator_c.so" to ""
-- Up-to-date: /home/basmala/mir250_ws/src/MiR250/MIR_250/install/mir_msgs/include/mir_msgs/mir_msgs
-- Up-to-date: /home/basmala/mir250_ws/src/MiR250/MIR_250/install/mir_msgs/include/mir_msgs/mir_msgs/srv
-- Up-to-date: /home/basmala/mir250_ws/src/MiR250/MIR_250/install/mir_msgs/include/mir_msgs/mir_msgs/srv/detail
-- Installing: /home/basmala/mir250_ws/src/MiR250/MIR_250/install/mir_msgs/include/mir_msgs/mir_msgs/srv/detail/exec_mission__rosidl_typesupport_fastrtps_c.h
-- Up-to-date: /home/basmala/mir250_ws/src/MiR250/MIR_250/install/mir_msgs/include/mir_msgs/mir_msgs/msg
-- Up-to-date: /home/basmala/mir250_ws/src/MiR250/MIR_250/install/mir_msgs/include/mir_msgs/mir_msgs/msg/detail
-- Installing: /home/basmala/mir250_ws/src/MiR250/MIR_250/install/mir_msgs/include/mir_msgs/mir_msgs/msg/detail/world_map__rosidl_typesupport_fastrtps_c.h
-- Installing: /home/basmala/mir250_ws/src/MiR250/MIR_250/install/mir_msgs/include/mir_msgs/mir_msgs/msg/detail/i_os__rosidl_typesupport_fastrtps_c.h
-- Installing: /home/basmala/mir250_ws/src/MiR250/MIR_250/install/mir_msgs/include/mir_msgs/mir_msgs/msg/detail/mission_ctrl_command__rosidl_typesupport_fastrtps_c.h
-- Installing: /home/basmala/mir250_ws/src/MiR250/MIR_250/install/mir_msgs/include/mir_msgs/mir_msgs/msg/detail/world_model__rosidl_typesupport_fastrtps_c.h
-- Installing: /home/basmala/mir250_ws/src/MiR250/MIR_250/install/mir_msgs/include/mir_msgs/mir_msgs/msg/detail/user_prompt__rosidl_typesupport_fastrtps_c.h
-- Installing: /home/basmala/mir250_ws/src/MiR250/MIR_250/install/mir_msgs/include/mir_msgs/mir_msgs/msg/detail/hook_extended_status__rosidl_typesupport_fastrtps_c.h
-- Installing: /home/basmala/mir250_ws/src/MiR250/MIR_250/install/mir_msgs/include/mir_msgs/mir_msgs/msg/detail/hook_status__rosidl_typesupport_fastrtps_c.h
-- Installing: /home/basmala/mir250_ws/src/MiR250/MIR_250/install/mir_msgs/include/mir_msgs/mir_msgs/msg/detail/devices__rosidl_typesupport_fastrtps_c.h
-- Installing: /home/basmala/mir250_ws/src/MiR250/MIR_250/install/mir_msgs/include/mir_msgs/mir_msgs/msg/detail/pallet_lifter_status__rosidl_typesupport_fastrtps_c.h
-- Installing: /home/basmala/mir250_ws/src/MiR250/MIR_250/install/mir_msgs/include/mir_msgs/mir_msgs/msg/detail/pose2_d__rosidl_typesupport_fastrtps_c.h
-- Installing: /home/basmala/mir250_ws/src/MiR250/MIR_250/install/mir_msgs/include/mir_msgs/mir_msgs/msg/detail/power_board_motor_status__rosidl_typesupport_fastrtps_c.h
-- Installing: /home/basmala/mir250_ws/src/MiR250/MIR_250/install/mir_msgs/include/mir_msgs/mir_msgs/msg/detail/external_robot__rosidl_typesupport_fastrtps_c.h
-- Installing: /home/basmala/mir250_ws/src/MiR250/MIR_250/install/mir_msgs/include/mir_msgs/mir_msgs/msg/detail/plan_segment__rosidl_typesupport_fastrtps_c.h
-- Installing: /home/basmala/mir250_ws/src/MiR250/MIR_250/install/mir_msgs/include/mir_msgs/mir_msgs/msg/detail/bms_data__rosidl_typesupport_fastrtps_c.h
-- Installing: /home/basmala/mir250_ws/src/MiR250/MIR_250/install/mir_msgs/include/mir_msgs/mir_msgs/msg/detail/mission_ctrl_state__rosidl_typesupport_fastrtps_c.h
-- Installing: /home/basmala/mir250_ws/src/MiR250/MIR_250/install/mir_msgs/include/mir_msgs/mir_msgs/msg/detail/resources_state__rosidl_typesupport_fastrtps_c.h
-- Installing: /home/basmala/mir250_ws/src/MiR250/MIR_250/install/mir_msgs/include/mir_msgs/mir_msgs/msg/detail/joystick_vel__rosidl_typesupport_fastrtps_c.h
-- Installing: /home/basmala/mir250_ws/src/MiR250/MIR_250/install/mir_msgs/include/mir_msgs/mir_msgs/msg/detail/battery_currents__rosidl_typesupport_fastrtps_c.h
-- Installing: /home/basmala/mir250_ws/src/MiR250/MIR_250/install/mir_msgs/include/mir_msgs/mir_msgs/msg/detail/external_robots__rosidl_typesupport_fastrtps_c.h
-- Installing: /home/basmala/mir250_ws/src/MiR250/MIR_250/install/mir_msgs/include/mir_msgs/mir_msgs/msg/detail/robot_status__rosidl_typesupport_fastrtps_c.h
-- Installing: /home/basmala/mir250_ws/src/MiR250/MIR_250/install/mir_msgs/include/mir_msgs/mir_msgs/msg/detail/path__rosidl_typesupport_fastrtps_c.h
-- Installing: /home/basmala/mir250_ws/src/MiR250/MIR_250/install/mir_msgs/include/mir_msgs/mir_msgs/msg/detail/gripper_state__rosidl_typesupport_fastrtps_c.h
-- Installing: /home/basmala/mir250_ws/src/MiR250/MIR_250/install/mir_msgs/include/mir_msgs/mir_msgs/msg/detail/height_state__rosidl_typesupport_fastrtps_c.h
-- Installing: /home/basmala/mir250_ws/src/MiR250/MIR_250/install/mir_msgs/include/mir_msgs/mir_msgs/msg/detail/stamped_encoders__rosidl_typesupport_fastrtps_c.h
-- Installing: /home/basmala/mir250_ws/src/MiR250/MIR_250/install/mir_msgs/include/mir_msgs/mir_msgs/msg/detail/plan_segments__rosidl_typesupport_fastrtps_c.h
-- Installing: /home/basmala/mir250_ws/src/MiR250/MIR_250/install/mir_msgs/include/mir_msgs/mir_msgs/msg/detail/pendant__rosidl_typesupport_fastrtps_c.h
-- Installing: /home/basmala/mir250_ws/src/MiR250/MIR_250/install/mir_msgs/include/mir_msgs/mir_msgs/msg/detail/mir_extra__rosidl_typesupport_fastrtps_c.h
-- Installing: /home/basmala/mir250_ws/src/MiR250/MIR_250/install/mir_msgs/include/mir_msgs/mir_msgs/msg/detail/proximity__rosidl_typesupport_fastrtps_c.h
-- Installing: /home/basmala/mir250_ws/src/MiR250/MIR_250/install/mir_msgs/include/mir_msgs/mir_msgs/msg/detail/web_path__rosidl_typesupport_fastrtps_c.h
-- Installing: /home/basmala/mir250_ws/src/MiR250/MIR_250/install/mir_msgs/include/mir_msgs/mir_msgs/msg/detail/charging_state__rosidl_typesupport_fastrtps_c.h
-- Installing: /home/basmala/mir250_ws/src/MiR250/MIR_250/install/mir_msgs/include/mir_msgs/mir_msgs/msg/detail/serial__rosidl_typesupport_fastrtps_c.h
-- Installing: /home/basmala/mir250_ws/src/MiR250/MIR_250/install/mir_msgs/include/mir_msgs/mir_msgs/msg/detail/resource_state__rosidl_typesupport_fastrtps_c.h
-- Installing: /home/basmala/mir250_ws/src/MiR250/MIR_250/install/mir_msgs/include/mir_msgs/mir_msgs/msg/detail/events__rosidl_typesupport_fastrtps_c.h
-- Installing: /home/basmala/mir250_ws/src/MiR250/MIR_250/install/mir_msgs/include/mir_msgs/mir_msgs/msg/detail/encoders__rosidl_typesupport_fastrtps_c.h
-- Installing: /home/basmala/mir250_ws/src/MiR250/MIR_250/install/mir_msgs/include/mir_msgs/mir_msgs/msg/detail/trolley__rosidl_typesupport_fastrtps_c.h
-- Installing: /home/basmala/mir250_ws/src/MiR250/MIR_250/install/mir_msgs/include/mir_msgs/mir_msgs/msg/detail/robot_state__rosidl_typesupport_fastrtps_c.h
-- Installing: /home/basmala/mir250_ws/src/MiR250/MIR_250/install/mir_msgs/include/mir_msgs/mir_msgs/msg/detail/event__rosidl_typesupport_fastrtps_c.h
-- Installing: /home/basmala/mir250_ws/src/MiR250/MIR_250/install/mir_msgs/include/mir_msgs/mir_msgs/msg/detail/brake_state__rosidl_typesupport_fastrtps_c.h
-- Installing: /home/basmala/mir250_ws/src/MiR250/MIR_250/install/mir_msgs/include/mir_msgs/mir_msgs/msg/detail/twist2_d__rosidl_typesupport_fastrtps_c.h
-- Installing: /home/basmala/mir250_ws/src/MiR250/MIR_250/install/mir_msgs/include/mir_msgs/mir_msgs/msg/detail/error__rosidl_typesupport_fastrtps_c.h
-- Installing: /home/basmala/mir250_ws/src/MiR250/MIR_250/install/mir_msgs/include/mir_msgs/mir_msgs/msg/detail/gpio__rosidl_typesupport_fastrtps_c.h
-- Installing: /home/basmala/mir250_ws/src/MiR250/MIR_250/install/mir_msgs/include/mir_msgs/mir_msgs/msg/detail/device__rosidl_typesupport_fastrtps_c.h
-- Installing: /home/basmala/mir250_ws/src/MiR250/MIR_250/install/mir_msgs/include/mir_msgs/mir_msgs/msg/detail/safety_status__rosidl_typesupport_fastrtps_c.h
-- Installing: /home/basmala/mir250_ws/src/MiR250/MIR_250/install/mir_msgs/include/mir_msgs/mir_msgs/msg/detail/local_map_stat__rosidl_typesupport_fastrtps_c.h
-- Installing: /home/basmala/mir250_ws/src/MiR250/MIR_250/install/mir_msgs/include/mir_msgs/mir_msgs/msg/detail/robot_mode__rosidl_typesupport_fastrtps_c.h
-- Installing: /home/basmala/mir250_ws/src/MiR250/MIR_250/install/mir_msgs/include/mir_msgs/mir_msgs/msg/rosidl_typesupport_fastrtps_c__visibility_control.h
-- Installing: /home/basmala/mir250_ws/src/MiR250/MIR_250/install/mir_msgs/lib/libmir_msgs__rosidl_typesupport_fastrtps_c.so
-- Set runtime path of "/home/basmala/mir250_ws/src/MiR250/MIR_250/install/mir_msgs/lib/libmir_msgs__rosidl_typesupport_fastrtps_c.so" to ""
-- Up-to-date: /home/basmala/mir250_ws/src/MiR250/MIR_250/install/mir_msgs/include/mir_msgs/mir_msgs
-- Up-to-date: /home/basmala/mir250_ws/src/MiR250/MIR_250/install/mir_msgs/include/mir_msgs/mir_msgs/srv
-- Installing: /home/basmala/mir250_ws/src/MiR250/MIR_250/install/mir_msgs/include/mir_msgs/mir_msgs/srv/exec_mission.hpp
-- Up-to-date: /home/basmala/mir250_ws/src/MiR250/MIR_250/install/mir_msgs/include/mir_msgs/mir_msgs/srv/detail
-- Installing: /home/basmala/mir250_ws/src/MiR250/MIR_250/install/mir_msgs/include/mir_msgs/mir_msgs/srv/detail/exec_mission__traits.hpp
-- Installing: /home/basmala/mir250_ws/src/MiR250/MIR_250/install/mir_msgs/include/mir_msgs/mir_msgs/srv/detail/exec_mission__struct.hpp
-- Installing: /home/basmala/mir250_ws/src/MiR250/MIR_250/install/mir_msgs/include/mir_msgs/mir_msgs/srv/detail/exec_mission__builder.hpp
-- Installing: /home/basmala/mir250_ws/src/MiR250/MIR_250/install/mir_msgs/include/mir_msgs/mir_msgs/srv/detail/exec_mission__type_support.hpp
-- Up-to-date: /home/basmala/mir250_ws/src/MiR250/MIR_250/install/mir_msgs/include/mir_msgs/mir_msgs/msg
-- Installing: /home/basmala/mir250_ws/src/MiR250/MIR_250/install/mir_msgs/include/mir_msgs/mir_msgs/msg/bms_data.hpp
-- Installing: /home/basmala/mir250_ws/src/MiR250/MIR_250/install/mir_msgs/include/mir_msgs/mir_msgs/msg/hook_status.hpp
-- Installing: /home/basmala/mir250_ws/src/MiR250/MIR_250/install/mir_msgs/include/mir_msgs/mir_msgs/msg/local_map_stat.hpp
-- Installing: /home/basmala/mir250_ws/src/MiR250/MIR_250/install/mir_msgs/include/mir_msgs/mir_msgs/msg/resources_state.hpp
-- Installing: /home/basmala/mir250_ws/src/MiR250/MIR_250/install/mir_msgs/include/mir_msgs/mir_msgs/msg/mission_ctrl_command.hpp
-- Installing: /home/basmala/mir250_ws/src/MiR250/MIR_250/install/mir_msgs/include/mir_msgs/mir_msgs/msg/serial.hpp
-- Installing: /home/basmala/mir250_ws/src/MiR250/MIR_250/install/mir_msgs/include/mir_msgs/mir_msgs/msg/web_path.hpp
-- Installing: /home/basmala/mir250_ws/src/MiR250/MIR_250/install/mir_msgs/include/mir_msgs/mir_msgs/msg/device.hpp
-- Installing: /home/basmala/mir250_ws/src/MiR250/MIR_250/install/mir_msgs/include/mir_msgs/mir_msgs/msg/events.hpp
-- Installing: /home/basmala/mir250_ws/src/MiR250/MIR_250/install/mir_msgs/include/mir_msgs/mir_msgs/msg/pallet_lifter_status.hpp
-- Installing: /home/basmala/mir250_ws/src/MiR250/MIR_250/install/mir_msgs/include/mir_msgs/mir_msgs/msg/path.hpp
-- Installing: /home/basmala/mir250_ws/src/MiR250/MIR_250/install/mir_msgs/include/mir_msgs/mir_msgs/msg/battery_currents.hpp
-- Installing: /home/basmala/mir250_ws/src/MiR250/MIR_250/install/mir_msgs/include/mir_msgs/mir_msgs/msg/i_os.hpp
-- Installing: /home/basmala/mir250_ws/src/MiR250/MIR_250/install/mir_msgs/include/mir_msgs/mir_msgs/msg/hook_extended_status.hpp
-- Installing: /home/basmala/mir250_ws/src/MiR250/MIR_250/install/mir_msgs/include/mir_msgs/mir_msgs/msg/user_prompt.hpp
-- Installing: /home/basmala/mir250_ws/src/MiR250/MIR_250/install/mir_msgs/include/mir_msgs/mir_msgs/msg/mir_extra.hpp
-- Installing: /home/basmala/mir250_ws/src/MiR250/MIR_250/install/mir_msgs/include/mir_msgs/mir_msgs/msg/error.hpp
-- Installing: /home/basmala/mir250_ws/src/MiR250/MIR_250/install/mir_msgs/include/mir_msgs/mir_msgs/msg/pose2_d.hpp
-- Installing: /home/basmala/mir250_ws/src/MiR250/MIR_250/install/mir_msgs/include/mir_msgs/mir_msgs/msg/mission_ctrl_state.hpp
-- Installing: /home/basmala/mir250_ws/src/MiR250/MIR_250/install/mir_msgs/include/mir_msgs/mir_msgs/msg/proximity.hpp
-- Installing: /home/basmala/mir250_ws/src/MiR250/MIR_250/install/mir_msgs/include/mir_msgs/mir_msgs/msg/power_board_motor_status.hpp
-- Installing: /home/basmala/mir250_ws/src/MiR250/MIR_250/install/mir_msgs/include/mir_msgs/mir_msgs/msg/external_robots.hpp
-- Installing: /home/basmala/mir250_ws/src/MiR250/MIR_250/install/mir_msgs/include/mir_msgs/mir_msgs/msg/rosidl_generator_cpp__visibility_control.hpp
-- Installing: /home/basmala/mir250_ws/src/MiR250/MIR_250/install/mir_msgs/include/mir_msgs/mir_msgs/msg/external_robot.hpp
-- Up-to-date: /home/basmala/mir250_ws/src/MiR250/MIR_250/install/mir_msgs/include/mir_msgs/mir_msgs/msg/detail
-- Installing: /home/basmala/mir250_ws/src/MiR250/MIR_250/install/mir_msgs/include/mir_msgs/mir_msgs/msg/detail/external_robots__type_support.hpp
-- Installing: /home/basmala/mir250_ws/src/MiR250/MIR_250/install/mir_msgs/include/mir_msgs/mir_msgs/msg/detail/trolley__traits.hpp
-- Installing: /home/basmala/mir250_ws/src/MiR250/MIR_250/install/mir_msgs/include/mir_msgs/mir_msgs/msg/detail/device__builder.hpp
-- Installing: /home/basmala/mir250_ws/src/MiR250/MIR_250/install/mir_msgs/include/mir_msgs/mir_msgs/msg/detail/safety_status__struct.hpp
-- Installing: /home/basmala/mir250_ws/src/MiR250/MIR_250/install/mir_msgs/include/mir_msgs/mir_msgs/msg/detail/pose2_d__traits.hpp
-- Installing: /home/basmala/mir250_ws/src/MiR250/MIR_250/install/mir_msgs/include/mir_msgs/mir_msgs/msg/detail/plan_segments__builder.hpp
-- Installing: /home/basmala/mir250_ws/src/MiR250/MIR_250/install/mir_msgs/include/mir_msgs/mir_msgs/msg/detail/power_board_motor_status__struct.hpp
-- Installing: /home/basmala/mir250_ws/src/MiR250/MIR_250/install/mir_msgs/include/mir_msgs/mir_msgs/msg/detail/external_robot__type_support.hpp
-- Installing: /home/basmala/mir250_ws/src/MiR250/MIR_250/install/mir_msgs/include/mir_msgs/mir_msgs/msg/detail/device__traits.hpp
-- Installing: /home/basmala/mir250_ws/src/MiR250/MIR_250/install/mir_msgs/include/mir_msgs/mir_msgs/msg/detail/resources_state__type_support.hpp
-- Installing: /home/basmala/mir250_ws/src/MiR250/MIR_250/install/mir_msgs/include/mir_msgs/mir_msgs/msg/detail/stamped_encoders__traits.hpp
-- Installing: /home/basmala/mir250_ws/src/MiR250/MIR_250/install/mir_msgs/include/mir_msgs/mir_msgs/msg/detail/pendant__traits.hpp
-- Installing: /home/basmala/mir250_ws/src/MiR250/MIR_250/install/mir_msgs/include/mir_msgs/mir_msgs/msg/detail/gpio__type_support.hpp
-- Installing: /home/basmala/mir250_ws/src/MiR250/MIR_250/install/mir_msgs/include/mir_msgs/mir_msgs/msg/detail/external_robots__traits.hpp
-- Installing: /home/basmala/mir250_ws/src/MiR250/MIR_250/install/mir_msgs/include/mir_msgs/mir_msgs/msg/detail/joystick_vel__struct.hpp
-- Installing: /home/basmala/mir250_ws/src/MiR250/MIR_250/install/mir_msgs/include/mir_msgs/mir_msgs/msg/detail/trolley__type_support.hpp
-- Installing: /home/basmala/mir250_ws/src/MiR250/MIR_250/install/mir_msgs/include/mir_msgs/mir_msgs/msg/detail/pendant__type_support.hpp
-- Installing: /home/basmala/mir250_ws/src/MiR250/MIR_250/install/mir_msgs/include/mir_msgs/mir_msgs/msg/detail/mir_extra__struct.hpp
-- Installing: /home/basmala/mir250_ws/src/MiR250/MIR_250/install/mir_msgs/include/mir_msgs/mir_msgs/msg/detail/trolley__builder.hpp
-- Installing: /home/basmala/mir250_ws/src/MiR250/MIR_250/install/mir_msgs/include/mir_msgs/mir_msgs/msg/detail/robot_mode__struct.hpp
-- Installing: /home/basmala/mir250_ws/src/MiR250/MIR_250/install/mir_msgs/include/mir_msgs/mir_msgs/msg/detail/gripper_state__struct.hpp
-- Installing: /home/basmala/mir250_ws/src/MiR250/MIR_250/install/mir_msgs/include/mir_msgs/mir_msgs/msg/detail/events__builder.hpp
-- Installing: /home/basmala/mir250_ws/src/MiR250/MIR_250/install/mir_msgs/include/mir_msgs/mir_msgs/msg/detail/mission_ctrl_state__type_support.hpp
-- Installing: /home/basmala/mir250_ws/src/MiR250/MIR_250/install/mir_msgs/include/mir_msgs/mir_msgs/msg/detail/power_board_motor_status__builder.hpp
-- Installing: /home/basmala/mir250_ws/src/MiR250/MIR_250/install/mir_msgs/include/mir_msgs/mir_msgs/msg/detail/external_robots__struct.hpp
-- Installing: /home/basmala/mir250_ws/src/MiR250/MIR_250/install/mir_msgs/include/mir_msgs/mir_msgs/msg/detail/i_os__type_support.hpp
-- Installing: /home/basmala/mir250_ws/src/MiR250/MIR_250/install/mir_msgs/include/mir_msgs/mir_msgs/msg/detail/trolley__struct.hpp
-- Installing: /home/basmala/mir250_ws/src/MiR250/MIR_250/install/mir_msgs/include/mir_msgs/mir_msgs/msg/detail/robot_state__builder.hpp
-- Installing: /home/basmala/mir250_ws/src/MiR250/MIR_250/install/mir_msgs/include/mir_msgs/mir_msgs/msg/detail/mir_extra__traits.hpp
-- Installing: /home/basmala/mir250_ws/src/MiR250/MIR_250/install/mir_msgs/include/mir_msgs/mir_msgs/msg/detail/robot_mode__type_support.hpp
-- Installing: /home/basmala/mir250_ws/src/MiR250/MIR_250/install/mir_msgs/include/mir_msgs/mir_msgs/msg/detail/error__struct.hpp
-- Installing: /home/basmala/mir250_ws/src/MiR250/MIR_250/install/mir_msgs/include/mir_msgs/mir_msgs/msg/detail/mission_ctrl_state__traits.hpp
-- Installing: /home/basmala/mir250_ws/src/MiR250/MIR_250/install/mir_msgs/include/mir_msgs/mir_msgs/msg/detail/robot_mode__builder.hpp
-- Installing: /home/basmala/mir250_ws/src/MiR250/MIR_250/install/mir_msgs/include/mir_msgs/mir_msgs/msg/detail/external_robot__builder.hpp
-- Installing: /home/basmala/mir250_ws/src/MiR250/MIR_250/install/mir_msgs/include/mir_msgs/mir_msgs/msg/detail/hook_extended_status__struct.hpp
-- Installing: /home/basmala/mir250_ws/src/MiR250/MIR_250/install/mir_msgs/include/mir_msgs/mir_msgs/msg/detail/bms_data__struct.hpp
-- Installing: /home/basmala/mir250_ws/src/MiR250/MIR_250/install/mir_msgs/include/mir_msgs/mir_msgs/msg/detail/device__type_support.hpp
-- Installing: /home/basmala/mir250_ws/src/MiR250/MIR_250/install/mir_msgs/include/mir_msgs/mir_msgs/msg/detail/charging_state__builder.hpp
-- Installing: /home/basmala/mir250_ws/src/MiR250/MIR_250/install/mir_msgs/include/mir_msgs/mir_msgs/msg/detail/resources_state__struct.hpp
-- Installing: /home/basmala/mir250_ws/src/MiR250/MIR_250/install/mir_msgs/include/mir_msgs/mir_msgs/msg/detail/encoders__traits.hpp
-- Installing: /home/basmala/mir250_ws/src/MiR250/MIR_250/install/mir_msgs/include/mir_msgs/mir_msgs/msg/detail/mission_ctrl_state__builder.hpp
-- Installing: /home/basmala/mir250_ws/src/MiR250/MIR_250/install/mir_msgs/include/mir_msgs/mir_msgs/msg/detail/battery_currents__traits.hpp
-- Installing: /home/basmala/mir250_ws/src/MiR250/MIR_250/install/mir_msgs/include/mir_msgs/mir_msgs/msg/detail/world_map__builder.hpp
-- Installing: /home/basmala/mir250_ws/src/MiR250/MIR_250/install/mir_msgs/include/mir_msgs/mir_msgs/msg/detail/hook_status__traits.hpp
-- Installing: /home/basmala/mir250_ws/src/MiR250/MIR_250/install/mir_msgs/include/mir_msgs/mir_msgs/msg/detail/plan_segments__struct.hpp
-- Installing: /home/basmala/mir250_ws/src/MiR250/MIR_250/install/mir_msgs/include/mir_msgs/mir_msgs/msg/detail/resource_state__struct.hpp
-- Installing: /home/basmala/mir250_ws/src/MiR250/MIR_250/install/mir_msgs/include/mir_msgs/mir_msgs/msg/detail/world_model__type_support.hpp
-- Installing: /home/basmala/mir250_ws/src/MiR250/MIR_250/install/mir_msgs/include/mir_msgs/mir_msgs/msg/detail/pallet_lifter_status__type_support.hpp
-- Installing: /home/basmala/mir250_ws/src/MiR250/MIR_250/install/mir_msgs/include/mir_msgs/mir_msgs/msg/detail/resources_state__builder.hpp
-- Installing: /home/basmala/mir250_ws/src/MiR250/MIR_250/install/mir_msgs/include/mir_msgs/mir_msgs/msg/detail/event__traits.hpp
-- Installing: /home/basmala/mir250_ws/src/MiR250/MIR_250/install/mir_msgs/include/mir_msgs/mir_msgs/msg/detail/proximity__traits.hpp
-- Installing: /home/basmala/mir250_ws/src/MiR250/MIR_250/install/mir_msgs/include/mir_msgs/mir_msgs/msg/detail/local_map_stat__traits.hpp
-- Installing: /home/basmala/mir250_ws/src/MiR250/MIR_250/install/mir_msgs/include/mir_msgs/mir_msgs/msg/detail/robot_state__struct.hpp
-- Installing: /home/basmala/mir250_ws/src/MiR250/MIR_250/install/mir_msgs/include/mir_msgs/mir_msgs/msg/detail/charging_state__struct.hpp
-- Installing: /home/basmala/mir250_ws/src/MiR250/MIR_250/install/mir_msgs/include/mir_msgs/mir_msgs/msg/detail/serial__traits.hpp
-- Installing: /home/basmala/mir250_ws/src/MiR250/MIR_250/install/mir_msgs/include/mir_msgs/mir_msgs/msg/detail/resource_state__type_support.hpp
-- Installing: /home/basmala/mir250_ws/src/MiR250/MIR_250/install/mir_msgs/include/mir_msgs/mir_msgs/msg/detail/device__struct.hpp
-- Installing: /home/basmala/mir250_ws/src/MiR250/MIR_250/install/mir_msgs/include/mir_msgs/mir_msgs/msg/detail/hook_extended_status__type_support.hpp
-- Installing: /home/basmala/mir250_ws/src/MiR250/MIR_250/install/mir_msgs/include/mir_msgs/mir_msgs/msg/detail/pendant__builder.hpp
-- Installing: /home/basmala/mir250_ws/src/MiR250/MIR_250/install/mir_msgs/include/mir_msgs/mir_msgs/msg/detail/brake_state__traits.hpp
-- Installing: /home/basmala/mir250_ws/src/MiR250/MIR_250/install/mir_msgs/include/mir_msgs/mir_msgs/msg/detail/plan_segment__type_support.hpp
-- Installing: /home/basmala/mir250_ws/src/MiR250/MIR_250/install/mir_msgs/include/mir_msgs/mir_msgs/msg/detail/local_map_stat__struct.hpp
-- Installing: /home/basmala/mir250_ws/src/MiR250/MIR_250/install/mir_msgs/include/mir_msgs/mir_msgs/msg/detail/pose2_d__type_support.hpp
-- Installing: /home/basmala/mir250_ws/src/MiR250/MIR_250/install/mir_msgs/include/mir_msgs/mir_msgs/msg/detail/path__type_support.hpp
-- Installing: /home/basmala/mir250_ws/src/MiR250/MIR_250/install/mir_msgs/include/mir_msgs/mir_msgs/msg/detail/world_map__traits.hpp
-- Installing: /home/basmala/mir250_ws/src/MiR250/MIR_250/install/mir_msgs/include/mir_msgs/mir_msgs/msg/detail/user_prompt__traits.hpp
-- Installing: /home/basmala/mir250_ws/src/MiR250/MIR_250/install/mir_msgs/include/mir_msgs/mir_msgs/msg/detail/local_map_stat__type_support.hpp
-- Installing: /home/basmala/mir250_ws/src/MiR250/MIR_250/install/mir_msgs/include/mir_msgs/mir_msgs/msg/detail/hook_extended_status__traits.hpp
-- Installing: /home/basmala/mir250_ws/src/MiR250/MIR_250/install/mir_msgs/include/mir_msgs/mir_msgs/msg/detail/mission_ctrl_command__builder.hpp
-- Installing: /home/basmala/mir250_ws/src/MiR250/MIR_250/install/mir_msgs/include/mir_msgs/mir_msgs/msg/detail/gpio__builder.hpp
-- Installing: /home/basmala/mir250_ws/src/MiR250/MIR_250/install/mir_msgs/include/mir_msgs/mir_msgs/msg/detail/battery_currents__struct.hpp
-- Installing: /home/basmala/mir250_ws/src/MiR250/MIR_250/install/mir_msgs/include/mir_msgs/mir_msgs/msg/detail/pose2_d__struct.hpp
-- Installing: /home/basmala/mir250_ws/src/MiR250/MIR_250/install/mir_msgs/include/mir_msgs/mir_msgs/msg/detail/robot_status__type_support.hpp
-- Installing: /home/basmala/mir250_ws/src/MiR250/MIR_250/install/mir_msgs/include/mir_msgs/mir_msgs/msg/detail/plan_segment__traits.hpp
-- Installing: /home/basmala/mir250_ws/src/MiR250/MIR_250/install/mir_msgs/include/mir_msgs/mir_msgs/msg/detail/event__type_support.hpp
-- Installing: /home/basmala/mir250_ws/src/MiR250/MIR_250/install/mir_msgs/include/mir_msgs/mir_msgs/msg/detail/robot_status__traits.hpp
-- Installing: /home/basmala/mir250_ws/src/MiR250/MIR_250/install/mir_msgs/include/mir_msgs/mir_msgs/msg/detail/bms_data__builder.hpp
-- Installing: /home/basmala/mir250_ws/src/MiR250/MIR_250/install/mir_msgs/include/mir_msgs/mir_msgs/msg/detail/web_path__traits.hpp
-- Installing: /home/basmala/mir250_ws/src/MiR250/MIR_250/install/mir_msgs/include/mir_msgs/mir_msgs/msg/detail/gpio__traits.hpp
-- Installing: /home/basmala/mir250_ws/src/MiR250/MIR_250/install/mir_msgs/include/mir_msgs/mir_msgs/msg/detail/safety_status__type_support.hpp
-- Installing: /home/basmala/mir250_ws/src/MiR250/MIR_250/install/mir_msgs/include/mir_msgs/mir_msgs/msg/detail/events__type_support.hpp
-- Installing: /home/basmala/mir250_ws/src/MiR250/MIR_250/install/mir_msgs/include/mir_msgs/mir_msgs/msg/detail/user_prompt__struct.hpp
-- Installing: /home/basmala/mir250_ws/src/MiR250/MIR_250/install/mir_msgs/include/mir_msgs/mir_msgs/msg/detail/height_state__traits.hpp
-- Installing: /home/basmala/mir250_ws/src/MiR250/MIR_250/install/mir_msgs/include/mir_msgs/mir_msgs/msg/detail/pendant__struct.hpp
-- Installing: /home/basmala/mir250_ws/src/MiR250/MIR_250/install/mir_msgs/include/mir_msgs/mir_msgs/msg/detail/height_state__builder.hpp
-- Installing: /home/basmala/mir250_ws/src/MiR250/MIR_250/install/mir_msgs/include/mir_msgs/mir_msgs/msg/detail/event__builder.hpp
-- Installing: /home/basmala/mir250_ws/src/MiR250/MIR_250/install/mir_msgs/include/mir_msgs/mir_msgs/msg/detail/hook_status__struct.hpp
-- Installing: /home/basmala/mir250_ws/src/MiR250/MIR_250/install/mir_msgs/include/mir_msgs/mir_msgs/msg/detail/path__builder.hpp
-- Installing: /home/basmala/mir250_ws/src/MiR250/MIR_250/install/mir_msgs/include/mir_msgs/mir_msgs/msg/detail/serial__builder.hpp
-- Installing: /home/basmala/mir250_ws/src/MiR250/MIR_250/install/mir_msgs/include/mir_msgs/mir_msgs/msg/detail/web_path__type_support.hpp
-- Installing: /home/basmala/mir250_ws/src/MiR250/MIR_250/install/mir_msgs/include/mir_msgs/mir_msgs/msg/detail/events__traits.hpp
-- Installing: /home/basmala/mir250_ws/src/MiR250/MIR_250/install/mir_msgs/include/mir_msgs/mir_msgs/msg/detail/brake_state__builder.hpp
-- Installing: /home/basmala/mir250_ws/src/MiR250/MIR_250/install/mir_msgs/include/mir_msgs/mir_msgs/msg/detail/mission_ctrl_command__type_support.hpp
-- Installing: /home/basmala/mir250_ws/src/MiR250/MIR_250/install/mir_msgs/include/mir_msgs/mir_msgs/msg/detail/brake_state__type_support.hpp
-- Installing: /home/basmala/mir250_ws/src/MiR250/MIR_250/install/mir_msgs/include/mir_msgs/mir_msgs/msg/detail/power_board_motor_status__type_support.hpp
-- Installing: /home/basmala/mir250_ws/src/MiR250/MIR_250/install/mir_msgs/include/mir_msgs/mir_msgs/msg/detail/twist2_d__type_support.hpp
-- Installing: /home/basmala/mir250_ws/src/MiR250/MIR_250/install/mir_msgs/include/mir_msgs/mir_msgs/msg/detail/charging_state__traits.hpp
-- Installing: /home/basmala/mir250_ws/src/MiR250/MIR_250/install/mir_msgs/include/mir_msgs/mir_msgs/msg/detail/web_path__struct.hpp
-- Installing: /home/basmala/mir250_ws/src/MiR250/MIR_250/install/mir_msgs/include/mir_msgs/mir_msgs/msg/detail/proximity__type_support.hpp
-- Installing: /home/basmala/mir250_ws/src/MiR250/MIR_250/install/mir_msgs/include/mir_msgs/mir_msgs/msg/detail/gpio__struct.hpp
-- Installing: /home/basmala/mir250_ws/src/MiR250/MIR_250/install/mir_msgs/include/mir_msgs/mir_msgs/msg/detail/mission_ctrl_state__struct.hpp
-- Installing: /home/basmala/mir250_ws/src/MiR250/MIR_250/install/mir_msgs/include/mir_msgs/mir_msgs/msg/detail/user_prompt__type_support.hpp
-- Installing: /home/basmala/mir250_ws/src/MiR250/MIR_250/install/mir_msgs/include/mir_msgs/mir_msgs/msg/detail/brake_state__struct.hpp
-- Installing: /home/basmala/mir250_ws/src/MiR250/MIR_250/install/mir_msgs/include/mir_msgs/mir_msgs/msg/detail/stamped_encoders__struct.hpp
-- Installing: /home/basmala/mir250_ws/src/MiR250/MIR_250/install/mir_msgs/include/mir_msgs/mir_msgs/msg/detail/encoders__builder.hpp
-- Installing: /home/basmala/mir250_ws/src/MiR250/MIR_250/install/mir_msgs/include/mir_msgs/mir_msgs/msg/detail/user_prompt__builder.hpp
-- Installing: /home/basmala/mir250_ws/src/MiR250/MIR_250/install/mir_msgs/include/mir_msgs/mir_msgs/msg/detail/devices__builder.hpp
-- Installing: /home/basmala/mir250_ws/src/MiR250/MIR_250/install/mir_msgs/include/mir_msgs/mir_msgs/msg/detail/error__type_support.hpp
-- Installing: /home/basmala/mir250_ws/src/MiR250/MIR_250/install/mir_msgs/include/mir_msgs/mir_msgs/msg/detail/safety_status__traits.hpp
-- Installing: /home/basmala/mir250_ws/src/MiR250/MIR_250/install/mir_msgs/include/mir_msgs/mir_msgs/msg/detail/pallet_lifter_status__builder.hpp
-- Installing: /home/basmala/mir250_ws/src/MiR250/MIR_250/install/mir_msgs/include/mir_msgs/mir_msgs/msg/detail/robot_mode__traits.hpp
-- Installing: /home/basmala/mir250_ws/src/MiR250/MIR_250/install/mir_msgs/include/mir_msgs/mir_msgs/msg/detail/proximity__builder.hpp
-- Installing: /home/basmala/mir250_ws/src/MiR250/MIR_250/install/mir_msgs/include/mir_msgs/mir_msgs/msg/detail/safety_status__builder.hpp
-- Installing: /home/basmala/mir250_ws/src/MiR250/MIR_250/install/mir_msgs/include/mir_msgs/mir_msgs/msg/detail/world_model__traits.hpp
-- Installing: /home/basmala/mir250_ws/src/MiR250/MIR_250/install/mir_msgs/include/mir_msgs/mir_msgs/msg/detail/gripper_state__traits.hpp
-- Installing: /home/basmala/mir250_ws/src/MiR250/MIR_250/install/mir_msgs/include/mir_msgs/mir_msgs/msg/detail/proximity__struct.hpp
-- Installing: /home/basmala/mir250_ws/src/MiR250/MIR_250/install/mir_msgs/include/mir_msgs/mir_msgs/msg/detail/twist2_d__builder.hpp
-- Installing: /home/basmala/mir250_ws/src/MiR250/MIR_250/install/mir_msgs/include/mir_msgs/mir_msgs/msg/detail/i_os__struct.hpp
-- Installing: /home/basmala/mir250_ws/src/MiR250/MIR_250/install/mir_msgs/include/mir_msgs/mir_msgs/msg/detail/stamped_encoders__builder.hpp
-- Installing: /home/basmala/mir250_ws/src/MiR250/MIR_250/install/mir_msgs/include/mir_msgs/mir_msgs/msg/detail/world_map__type_support.hpp
-- Installing: /home/basmala/mir250_ws/src/MiR250/MIR_250/install/mir_msgs/include/mir_msgs/mir_msgs/msg/detail/error__traits.hpp
-- Installing: /home/basmala/mir250_ws/src/MiR250/MIR_250/install/mir_msgs/include/mir_msgs/mir_msgs/msg/detail/resource_state__traits.hpp
-- Installing: /home/basmala/mir250_ws/src/MiR250/MIR_250/install/mir_msgs/include/mir_msgs/mir_msgs/msg/detail/pallet_lifter_status__traits.hpp
-- Installing: /home/basmala/mir250_ws/src/MiR250/MIR_250/install/mir_msgs/include/mir_msgs/mir_msgs/msg/detail/twist2_d__struct.hpp
-- Installing: /home/basmala/mir250_ws/src/MiR250/MIR_250/install/mir_msgs/include/mir_msgs/mir_msgs/msg/detail/robot_state__traits.hpp
-- Installing: /home/basmala/mir250_ws/src/MiR250/MIR_250/install/mir_msgs/include/mir_msgs/mir_msgs/msg/detail/external_robot__traits.hpp
-- Installing: /home/basmala/mir250_ws/src/MiR250/MIR_250/install/mir_msgs/include/mir_msgs/mir_msgs/msg/detail/gripper_state__type_support.hpp
-- Installing: /home/basmala/mir250_ws/src/MiR250/MIR_250/install/mir_msgs/include/mir_msgs/mir_msgs/msg/detail/resource_state__builder.hpp
-- Installing: /home/basmala/mir250_ws/src/MiR250/MIR_250/install/mir_msgs/include/mir_msgs/mir_msgs/msg/detail/gripper_state__builder.hpp
-- Installing: /home/basmala/mir250_ws/src/MiR250/MIR_250/install/mir_msgs/include/mir_msgs/mir_msgs/msg/detail/i_os__traits.hpp
-- Installing: /home/basmala/mir250_ws/src/MiR250/MIR_250/install/mir_msgs/include/mir_msgs/mir_msgs/msg/detail/pallet_lifter_status__struct.hpp
-- Installing: /home/basmala/mir250_ws/src/MiR250/MIR_250/install/mir_msgs/include/mir_msgs/mir_msgs/msg/detail/battery_currents__type_support.hpp
-- Installing: /home/basmala/mir250_ws/src/MiR250/MIR_250/install/mir_msgs/include/mir_msgs/mir_msgs/msg/detail/external_robots__builder.hpp
-- Installing: /home/basmala/mir250_ws/src/MiR250/MIR_250/install/mir_msgs/include/mir_msgs/mir_msgs/msg/detail/world_model__struct.hpp
-- Installing: /home/basmala/mir250_ws/src/MiR250/MIR_250/install/mir_msgs/include/mir_msgs/mir_msgs/msg/detail/robot_status__struct.hpp
-- Installing: /home/basmala/mir250_ws/src/MiR250/MIR_250/install/mir_msgs/include/mir_msgs/mir_msgs/msg/detail/serial__struct.hpp
-- Installing: /home/basmala/mir250_ws/src/MiR250/MIR_250/install/mir_msgs/include/mir_msgs/mir_msgs/msg/detail/encoders__struct.hpp
-- Installing: /home/basmala/mir250_ws/src/MiR250/MIR_250/install/mir_msgs/include/mir_msgs/mir_msgs/msg/detail/world_map__struct.hpp
-- Installing: /home/basmala/mir250_ws/src/MiR250/MIR_250/install/mir_msgs/include/mir_msgs/mir_msgs/msg/detail/path__traits.hpp
-- Installing: /home/basmala/mir250_ws/src/MiR250/MIR_250/install/mir_msgs/include/mir_msgs/mir_msgs/msg/detail/charging_state__type_support.hpp
-- Installing: /home/basmala/mir250_ws/src/MiR250/MIR_250/install/mir_msgs/include/mir_msgs/mir_msgs/msg/detail/web_path__builder.hpp
-- Installing: /home/basmala/mir250_ws/src/MiR250/MIR_250/install/mir_msgs/include/mir_msgs/mir_msgs/msg/detail/resources_state__traits.hpp
-- Installing: /home/basmala/mir250_ws/src/MiR250/MIR_250/install/mir_msgs/include/mir_msgs/mir_msgs/msg/detail/local_map_stat__builder.hpp
-- Installing: /home/basmala/mir250_ws/src/MiR250/MIR_250/install/mir_msgs/include/mir_msgs/mir_msgs/msg/detail/world_model__builder.hpp
-- Installing: /home/basmala/mir250_ws/src/MiR250/MIR_250/install/mir_msgs/include/mir_msgs/mir_msgs/msg/detail/height_state__type_support.hpp
-- Installing: /home/basmala/mir250_ws/src/MiR250/MIR_250/install/mir_msgs/include/mir_msgs/mir_msgs/msg/detail/serial__type_support.hpp
-- Installing: /home/basmala/mir250_ws/src/MiR250/MIR_250/install/mir_msgs/include/mir_msgs/mir_msgs/msg/detail/devices__type_support.hpp
-- Installing: /home/basmala/mir250_ws/src/MiR250/MIR_250/install/mir_msgs/include/mir_msgs/mir_msgs/msg/detail/plan_segments__traits.hpp
-- Installing: /home/basmala/mir250_ws/src/MiR250/MIR_250/install/mir_msgs/include/mir_msgs/mir_msgs/msg/detail/plan_segment__builder.hpp
-- Installing: /home/basmala/mir250_ws/src/MiR250/MIR_250/install/mir_msgs/include/mir_msgs/mir_msgs/msg/detail/pose2_d__builder.hpp
-- Installing: /home/basmala/mir250_ws/src/MiR250/MIR_250/install/mir_msgs/include/mir_msgs/mir_msgs/msg/detail/path__struct.hpp
-- Installing: /home/basmala/mir250_ws/src/MiR250/MIR_250/install/mir_msgs/include/mir_msgs/mir_msgs/msg/detail/mir_extra__type_support.hpp
-- Installing: /home/basmala/mir250_ws/src/MiR250/MIR_250/install/mir_msgs/include/mir_msgs/mir_msgs/msg/detail/power_board_motor_status__traits.hpp
-- Installing: /home/basmala/mir250_ws/src/MiR250/MIR_250/install/mir_msgs/include/mir_msgs/mir_msgs/msg/detail/bms_data__type_support.hpp
-- Installing: /home/basmala/mir250_ws/src/MiR250/MIR_250/install/mir_msgs/include/mir_msgs/mir_msgs/msg/detail/mission_ctrl_command__struct.hpp
-- Installing: /home/basmala/mir250_ws/src/MiR250/MIR_250/install/mir_msgs/include/mir_msgs/mir_msgs/msg/detail/encoders__type_support.hpp
-- Installing: /home/basmala/mir250_ws/src/MiR250/MIR_250/install/mir_msgs/include/mir_msgs/mir_msgs/msg/detail/bms_data__traits.hpp
-- Installing: /home/basmala/mir250_ws/src/MiR250/MIR_250/install/mir_msgs/include/mir_msgs/mir_msgs/msg/detail/plan_segments__type_support.hpp
-- Installing: /home/basmala/mir250_ws/src/MiR250/MIR_250/install/mir_msgs/include/mir_msgs/mir_msgs/msg/detail/stamped_encoders__type_support.hpp
-- Installing: /home/basmala/mir250_ws/src/MiR250/MIR_250/install/mir_msgs/include/mir_msgs/mir_msgs/msg/detail/mission_ctrl_command__traits.hpp
-- Installing: /home/basmala/mir250_ws/src/MiR250/MIR_250/install/mir_msgs/include/mir_msgs/mir_msgs/msg/detail/error__builder.hpp
-- Installing: /home/basmala/mir250_ws/src/MiR250/MIR_250/install/mir_msgs/include/mir_msgs/mir_msgs/msg/detail/height_state__struct.hpp
-- Installing: /home/basmala/mir250_ws/src/MiR250/MIR_250/install/mir_msgs/include/mir_msgs/mir_msgs/msg/detail/hook_status__type_support.hpp
-- Installing: /home/basmala/mir250_ws/src/MiR250/MIR_250/install/mir_msgs/include/mir_msgs/mir_msgs/msg/detail/robot_state__type_support.hpp
-- Installing: /home/basmala/mir250_ws/src/MiR250/MIR_250/install/mir_msgs/include/mir_msgs/mir_msgs/msg/detail/mir_extra__builder.hpp
-- Installing: /home/basmala/mir250_ws/src/MiR250/MIR_250/install/mir_msgs/include/mir_msgs/mir_msgs/msg/detail/i_os__builder.hpp
-- Installing: /home/basmala/mir250_ws/src/MiR250/MIR_250/install/mir_msgs/include/mir_msgs/mir_msgs/msg/detail/devices__traits.hpp
-- Installing: /home/basmala/mir250_ws/src/MiR250/MIR_250/install/mir_msgs/include/mir_msgs/mir_msgs/msg/detail/event__struct.hpp
-- Installing: /home/basmala/mir250_ws/src/MiR250/MIR_250/install/mir_msgs/include/mir_msgs/mir_msgs/msg/detail/devices__struct.hpp
-- Installing: /home/basmala/mir250_ws/src/MiR250/MIR_250/install/mir_msgs/include/mir_msgs/mir_msgs/msg/detail/hook_extended_status__builder.hpp
-- Installing: /home/basmala/mir250_ws/src/MiR250/MIR_250/install/mir_msgs/include/mir_msgs/mir_msgs/msg/detail/external_robot__struct.hpp
-- Installing: /home/basmala/mir250_ws/src/MiR250/MIR_250/install/mir_msgs/include/mir_msgs/mir_msgs/msg/detail/robot_status__builder.hpp
-- Installing: /home/basmala/mir250_ws/src/MiR250/MIR_250/install/mir_msgs/include/mir_msgs/mir_msgs/msg/detail/twist2_d__traits.hpp
-- Installing: /home/basmala/mir250_ws/src/MiR250/MIR_250/install/mir_msgs/include/mir_msgs/mir_msgs/msg/detail/battery_currents__builder.hpp
-- Installing: /home/basmala/mir250_ws/src/MiR250/MIR_250/install/mir_msgs/include/mir_msgs/mir_msgs/msg/detail/hook_status__builder.hpp
-- Installing: /home/basmala/mir250_ws/src/MiR250/MIR_250/install/mir_msgs/include/mir_msgs/mir_msgs/msg/detail/joystick_vel__type_support.hpp
-- Installing: /home/basmala/mir250_ws/src/MiR250/MIR_250/install/mir_msgs/include/mir_msgs/mir_msgs/msg/detail/joystick_vel__builder.hpp
-- Installing: /home/basmala/mir250_ws/src/MiR250/MIR_250/install/mir_msgs/include/mir_msgs/mir_msgs/msg/detail/joystick_vel__traits.hpp
-- Installing: /home/basmala/mir250_ws/src/MiR250/MIR_250/install/mir_msgs/include/mir_msgs/mir_msgs/msg/detail/events__struct.hpp
-- Installing: /home/basmala/mir250_ws/src/MiR250/MIR_250/install/mir_msgs/include/mir_msgs/mir_msgs/msg/detail/plan_segment__struct.hpp
-- Installing: /home/basmala/mir250_ws/src/MiR250/MIR_250/install/mir_msgs/include/mir_msgs/mir_msgs/msg/plan_segments.hpp
-- Installing: /home/basmala/mir250_ws/src/MiR250/MIR_250/install/mir_msgs/include/mir_msgs/mir_msgs/msg/robot_state.hpp
-- Installing: /home/basmala/mir250_ws/src/MiR250/MIR_250/install/mir_msgs/include/mir_msgs/mir_msgs/msg/plan_segment.hpp
-- Installing: /home/basmala/mir250_ws/src/MiR250/MIR_250/install/mir_msgs/include/mir_msgs/mir_msgs/msg/gripper_state.hpp
-- Installing: /home/basmala/mir250_ws/src/MiR250/MIR_250/install/mir_msgs/include/mir_msgs/mir_msgs/msg/safety_status.hpp
-- Installing: /home/basmala/mir250_ws/src/MiR250/MIR_250/install/mir_msgs/include/mir_msgs/mir_msgs/msg/world_model.hpp
-- Installing: /home/basmala/mir250_ws/src/MiR250/MIR_250/install/mir_msgs/include/mir_msgs/mir_msgs/msg/joystick_vel.hpp
-- Installing: /home/basmala/mir250_ws/src/MiR250/MIR_250/install/mir_msgs/include/mir_msgs/mir_msgs/msg/encoders.hpp
-- Installing: /home/basmala/mir250_ws/src/MiR250/MIR_250/install/mir_msgs/include/mir_msgs/mir_msgs/msg/trolley.hpp
-- Installing: /home/basmala/mir250_ws/src/MiR250/MIR_250/install/mir_msgs/include/mir_msgs/mir_msgs/msg/world_map.hpp
-- Installing: /home/basmala/mir250_ws/src/MiR250/MIR_250/install/mir_msgs/include/mir_msgs/mir_msgs/msg/twist2_d.hpp
-- Installing: /home/basmala/mir250_ws/src/MiR250/MIR_250/install/mir_msgs/include/mir_msgs/mir_msgs/msg/resource_state.hpp
-- Installing: /home/basmala/mir250_ws/src/MiR250/MIR_250/install/mir_msgs/include/mir_msgs/mir_msgs/msg/pendant.hpp
-- Installing: /home/basmala/mir250_ws/src/MiR250/MIR_250/install/mir_msgs/include/mir_msgs/mir_msgs/msg/brake_state.hpp
-- Installing: /home/basmala/mir250_ws/src/MiR250/MIR_250/install/mir_msgs/include/mir_msgs/mir_msgs/msg/robot_status.hpp
-- Installing: /home/basmala/mir250_ws/src/MiR250/MIR_250/install/mir_msgs/include/mir_msgs/mir_msgs/msg/stamped_encoders.hpp
-- Installing: /home/basmala/mir250_ws/src/MiR250/MIR_250/install/mir_msgs/include/mir_msgs/mir_msgs/msg/robot_mode.hpp
-- Installing: /home/basmala/mir250_ws/src/MiR250/MIR_250/install/mir_msgs/include/mir_msgs/mir_msgs/msg/gpio.hpp
-- Installing: /home/basmala/mir250_ws/src/MiR250/MIR_250/install/mir_msgs/include/mir_msgs/mir_msgs/msg/devices.hpp
-- Installing: /home/basmala/mir250_ws/src/MiR250/MIR_250/install/mir_msgs/include/mir_msgs/mir_msgs/msg/height_state.hpp
-- Installing: /home/basmala/mir250_ws/src/MiR250/MIR_250/install/mir_msgs/include/mir_msgs/mir_msgs/msg/charging_state.hpp
-- Installing: /home/basmala/mir250_ws/src/MiR250/MIR_250/install/mir_msgs/include/mir_msgs/mir_msgs/msg/event.hpp
-- Up-to-date: /home/basmala/mir250_ws/src/MiR250/MIR_250/install/mir_msgs/include/mir_msgs/mir_msgs
-- Up-to-date: /home/basmala/mir250_ws/src/MiR250/MIR_250/install/mir_msgs/include/mir_msgs/mir_msgs/srv
-- Up-to-date: /home/basmala/mir250_ws/src/MiR250/MIR_250/install/mir_msgs/include/mir_msgs/mir_msgs/srv/detail
-- Installing: /home/basmala/mir250_ws/src/MiR250/MIR_250/install/mir_msgs/include/mir_msgs/mir_msgs/srv/detail/dds_fastrtps
-- Installing: /home/basmala/mir250_ws/src/MiR250/MIR_250/install/mir_msgs/include/mir_msgs/mir_msgs/srv/detail/exec_mission__rosidl_typesupport_fastrtps_cpp.hpp
-- Up-to-date: /home/basmala/mir250_ws/src/MiR250/MIR_250/install/mir_msgs/include/mir_msgs/mir_msgs/msg
-- Installing: /home/basmala/mir250_ws/src/MiR250/MIR_250/install/mir_msgs/include/mir_msgs/mir_msgs/msg/rosidl_typesupport_fastrtps_cpp__visibility_control.h
-- Up-to-date: /home/basmala/mir250_ws/src/MiR250/MIR_250/install/mir_msgs/include/mir_msgs/mir_msgs/msg/detail
-- Installing: /home/basmala/mir250_ws/src/MiR250/MIR_250/install/mir_msgs/include/mir_msgs/mir_msgs/msg/detail/trolley__rosidl_typesupport_fastrtps_cpp.hpp
-- Installing: /home/basmala/mir250_ws/src/MiR250/MIR_250/install/mir_msgs/include/mir_msgs/mir_msgs/msg/detail/hook_status__rosidl_typesupport_fastrtps_cpp.hpp
-- Installing: /home/basmala/mir250_ws/src/MiR250/MIR_250/install/mir_msgs/include/mir_msgs/mir_msgs/msg/detail/event__rosidl_typesupport_fastrtps_cpp.hpp
-- Installing: /home/basmala/mir250_ws/src/MiR250/MIR_250/install/mir_msgs/include/mir_msgs/mir_msgs/msg/detail/web_path__rosidl_typesupport_fastrtps_cpp.hpp
-- Installing: /home/basmala/mir250_ws/src/MiR250/MIR_250/install/mir_msgs/include/mir_msgs/mir_msgs/msg/detail/mission_ctrl_command__rosidl_typesupport_fastrtps_cpp.hpp
-- Installing: /home/basmala/mir250_ws/src/MiR250/MIR_250/install/mir_msgs/include/mir_msgs/mir_msgs/msg/detail/i_os__rosidl_typesupport_fastrtps_cpp.hpp
-- Installing: /home/basmala/mir250_ws/src/MiR250/MIR_250/install/mir_msgs/include/mir_msgs/mir_msgs/msg/detail/brake_state__rosidl_typesupport_fastrtps_cpp.hpp
-- Installing: /home/basmala/mir250_ws/src/MiR250/MIR_250/install/mir_msgs/include/mir_msgs/mir_msgs/msg/detail/hook_extended_status__rosidl_typesupport_fastrtps_cpp.hpp
-- Installing: /home/basmala/mir250_ws/src/MiR250/MIR_250/install/mir_msgs/include/mir_msgs/mir_msgs/msg/detail/external_robot__rosidl_typesupport_fastrtps_cpp.hpp
-- Installing: /home/basmala/mir250_ws/src/MiR250/MIR_250/install/mir_msgs/include/mir_msgs/mir_msgs/msg/detail/device__rosidl_typesupport_fastrtps_cpp.hpp
-- Installing: /home/basmala/mir250_ws/src/MiR250/MIR_250/install/mir_msgs/include/mir_msgs/mir_msgs/msg/detail/pendant__rosidl_typesupport_fastrtps_cpp.hpp
-- Installing: /home/basmala/mir250_ws/src/MiR250/MIR_250/install/mir_msgs/include/mir_msgs/mir_msgs/msg/detail/pose2_d__rosidl_typesupport_fastrtps_cpp.hpp
-- Installing: /home/basmala/mir250_ws/src/MiR250/MIR_250/install/mir_msgs/include/mir_msgs/mir_msgs/msg/detail/pallet_lifter_status__rosidl_typesupport_fastrtps_cpp.hpp
-- Installing: /home/basmala/mir250_ws/src/MiR250/MIR_250/install/mir_msgs/include/mir_msgs/mir_msgs/msg/detail/resource_state__rosidl_typesupport_fastrtps_cpp.hpp
-- Installing: /home/basmala/mir250_ws/src/MiR250/MIR_250/install/mir_msgs/include/mir_msgs/mir_msgs/msg/detail/gripper_state__rosidl_typesupport_fastrtps_cpp.hpp
-- Installing: /home/basmala/mir250_ws/src/MiR250/MIR_250/install/mir_msgs/include/mir_msgs/mir_msgs/msg/detail/robot_state__rosidl_typesupport_fastrtps_cpp.hpp
-- Installing: /home/basmala/mir250_ws/src/MiR250/MIR_250/install/mir_msgs/include/mir_msgs/mir_msgs/msg/detail/plan_segments__rosidl_typesupport_fastrtps_cpp.hpp
-- Installing: /home/basmala/mir250_ws/src/MiR250/MIR_250/install/mir_msgs/include/mir_msgs/mir_msgs/msg/detail/world_model__rosidl_typesupport_fastrtps_cpp.hpp
-- Installing: /home/basmala/mir250_ws/src/MiR250/MIR_250/install/mir_msgs/include/mir_msgs/mir_msgs/msg/detail/encoders__rosidl_typesupport_fastrtps_cpp.hpp
-- Installing: /home/basmala/mir250_ws/src/MiR250/MIR_250/install/mir_msgs/include/mir_msgs/mir_msgs/msg/detail/devices__rosidl_typesupport_fastrtps_cpp.hpp
-- Installing: /home/basmala/mir250_ws/src/MiR250/MIR_250/install/mir_msgs/include/mir_msgs/mir_msgs/msg/detail/gpio__rosidl_typesupport_fastrtps_cpp.hpp
-- Installing: /home/basmala/mir250_ws/src/MiR250/MIR_250/install/mir_msgs/include/mir_msgs/mir_msgs/msg/detail/path__rosidl_typesupport_fastrtps_cpp.hpp
-- Installing: /home/basmala/mir250_ws/src/MiR250/MIR_250/install/mir_msgs/include/mir_msgs/mir_msgs/msg/detail/serial__rosidl_typesupport_fastrtps_cpp.hpp
-- Installing: /home/basmala/mir250_ws/src/MiR250/MIR_250/install/mir_msgs/include/mir_msgs/mir_msgs/msg/detail/plan_segment__rosidl_typesupport_fastrtps_cpp.hpp
-- Installing: /home/basmala/mir250_ws/src/MiR250/MIR_250/install/mir_msgs/include/mir_msgs/mir_msgs/msg/detail/user_prompt__rosidl_typesupport_fastrtps_cpp.hpp
-- Installing: /home/basmala/mir250_ws/src/MiR250/MIR_250/install/mir_msgs/include/mir_msgs/mir_msgs/msg/detail/events__rosidl_typesupport_fastrtps_cpp.hpp
-- Installing: /home/basmala/mir250_ws/src/MiR250/MIR_250/install/mir_msgs/include/mir_msgs/mir_msgs/msg/detail/mission_ctrl_state__rosidl_typesupport_fastrtps_cpp.hpp
-- Installing: /home/basmala/mir250_ws/src/MiR250/MIR_250/install/mir_msgs/include/mir_msgs/mir_msgs/msg/detail/charging_state__rosidl_typesupport_fastrtps_cpp.hpp
-- Installing: /home/basmala/mir250_ws/src/MiR250/MIR_250/install/mir_msgs/include/mir_msgs/mir_msgs/msg/detail/proximity__rosidl_typesupport_fastrtps_cpp.hpp
-- Installing: /home/basmala/mir250_ws/src/MiR250/MIR_250/install/mir_msgs/include/mir_msgs/mir_msgs/msg/detail/battery_currents__rosidl_typesupport_fastrtps_cpp.hpp
-- Installing: /home/basmala/mir250_ws/src/MiR250/MIR_250/install/mir_msgs/include/mir_msgs/mir_msgs/msg/detail/external_robots__rosidl_typesupport_fastrtps_cpp.hpp
-- Installing: /home/basmala/mir250_ws/src/MiR250/MIR_250/install/mir_msgs/include/mir_msgs/mir_msgs/msg/detail/safety_status__rosidl_typesupport_fastrtps_cpp.hpp
-- Installing: /home/basmala/mir250_ws/src/MiR250/MIR_250/install/mir_msgs/include/mir_msgs/mir_msgs/msg/detail/resources_state__rosidl_typesupport_fastrtps_cpp.hpp
-- Installing: /home/basmala/mir250_ws/src/MiR250/MIR_250/install/mir_msgs/include/mir_msgs/mir_msgs/msg/detail/robot_mode__rosidl_typesupport_fastrtps_cpp.hpp
-- Installing: /home/basmala/mir250_ws/src/MiR250/MIR_250/install/mir_msgs/include/mir_msgs/mir_msgs/msg/detail/bms_data__rosidl_typesupport_fastrtps_cpp.hpp
-- Installing: /home/basmala/mir250_ws/src/MiR250/MIR_250/install/mir_msgs/include/mir_msgs/mir_msgs/msg/detail/joystick_vel__rosidl_typesupport_fastrtps_cpp.hpp
-- Installing: /home/basmala/mir250_ws/src/MiR250/MIR_250/install/mir_msgs/include/mir_msgs/mir_msgs/msg/detail/world_map__rosidl_typesupport_fastrtps_cpp.hpp
-- Installing: /home/basmala/mir250_ws/src/MiR250/MIR_250/install/mir_msgs/include/mir_msgs/mir_msgs/msg/detail/dds_fastrtps
-- Installing: /home/basmala/mir250_ws/src/MiR250/MIR_250/install/mir_msgs/include/mir_msgs/mir_msgs/msg/detail/stamped_encoders__rosidl_typesupport_fastrtps_cpp.hpp
-- Installing: /home/basmala/mir250_ws/src/MiR250/MIR_250/install/mir_msgs/include/mir_msgs/mir_msgs/msg/detail/error__rosidl_typesupport_fastrtps_cpp.hpp
-- Installing: /home/basmala/mir250_ws/src/MiR250/MIR_250/install/mir_msgs/include/mir_msgs/mir_msgs/msg/detail/robot_status__rosidl_typesupport_fastrtps_cpp.hpp
-- Installing: /home/basmala/mir250_ws/src/MiR250/MIR_250/install/mir_msgs/include/mir_msgs/mir_msgs/msg/detail/local_map_stat__rosidl_typesupport_fastrtps_cpp.hpp
-- Installing: /home/basmala/mir250_ws/src/MiR250/MIR_250/install/mir_msgs/include/mir_msgs/mir_msgs/msg/detail/height_state__rosidl_typesupport_fastrtps_cpp.hpp
-- Installing: /home/basmala/mir250_ws/src/MiR250/MIR_250/install/mir_msgs/include/mir_msgs/mir_msgs/msg/detail/power_board_motor_status__rosidl_typesupport_fastrtps_cpp.hpp
-- Installing: /home/basmala/mir250_ws/src/MiR250/MIR_250/install/mir_msgs/include/mir_msgs/mir_msgs/msg/detail/twist2_d__rosidl_typesupport_fastrtps_cpp.hpp
-- Installing: /home/basmala/mir250_ws/src/MiR250/MIR_250/install/mir_msgs/include/mir_msgs/mir_msgs/msg/detail/mir_extra__rosidl_typesupport_fastrtps_cpp.hpp
-- Installing: /home/basmala/mir250_ws/src/MiR250/MIR_250/install/mir_msgs/lib/libmir_msgs__rosidl_typesupport_fastrtps_cpp.so
-- Set runtime path of "/home/basmala/mir250_ws/src/MiR250/MIR_250/install/mir_msgs/lib/libmir_msgs__rosidl_typesupport_fastrtps_cpp.so" to ""
-- Up-to-date: /home/basmala/mir250_ws/src/MiR250/MIR_250/install/mir_msgs/include/mir_msgs/mir_msgs
-- Up-to-date: /home/basmala/mir250_ws/src/MiR250/MIR_250/install/mir_msgs/include/mir_msgs/mir_msgs/srv
-- Up-to-date: /home/basmala/mir250_ws/src/MiR250/MIR_250/install/mir_msgs/include/mir_msgs/mir_msgs/srv/detail
-- Installing: /home/basmala/mir250_ws/src/MiR250/MIR_250/install/mir_msgs/include/mir_msgs/mir_msgs/srv/detail/exec_mission__rosidl_typesupport_introspection_c.h
-- Installing: /home/basmala/mir250_ws/src/MiR250/MIR_250/install/mir_msgs/include/mir_msgs/mir_msgs/srv/detail/exec_mission__type_support.c
-- Up-to-date: /home/basmala/mir250_ws/src/MiR250/MIR_250/install/mir_msgs/include/mir_msgs/mir_msgs/msg
-- Up-to-date: /home/basmala/mir250_ws/src/MiR250/MIR_250/install/mir_msgs/include/mir_msgs/mir_msgs/msg/detail
-- Installing: /home/basmala/mir250_ws/src/MiR250/MIR_250/install/mir_msgs/include/mir_msgs/mir_msgs/msg/detail/mission_ctrl_state__rosidl_typesupport_introspection_c.h
-- Installing: /home/basmala/mir250_ws/src/MiR250/MIR_250/install/mir_msgs/include/mir_msgs/mir_msgs/msg/detail/web_path__type_support.c
-- Installing: /home/basmala/mir250_ws/src/MiR250/MIR_250/install/mir_msgs/include/mir_msgs/mir_msgs/msg/detail/robot_state__type_support.c
-- Installing: /home/basmala/mir250_ws/src/MiR250/MIR_250/install/mir_msgs/include/mir_msgs/mir_msgs/msg/detail/robot_status__rosidl_typesupport_introspection_c.h
-- Installing: /home/basmala/mir250_ws/src/MiR250/MIR_250/install/mir_msgs/include/mir_msgs/mir_msgs/msg/detail/twist2_d__rosidl_typesupport_introspection_c.h
-- Installing: /home/basmala/mir250_ws/src/MiR250/MIR_250/install/mir_msgs/include/mir_msgs/mir_msgs/msg/detail/i_os__rosidl_typesupport_introspection_c.h
-- Installing: /home/basmala/mir250_ws/src/MiR250/MIR_250/install/mir_msgs/include/mir_msgs/mir_msgs/msg/detail/charging_state__type_support.c
-- Installing: /home/basmala/mir250_ws/src/MiR250/MIR_250/install/mir_msgs/include/mir_msgs/mir_msgs/msg/detail/serial__rosidl_typesupport_introspection_c.h
-- Installing: /home/basmala/mir250_ws/src/MiR250/MIR_250/install/mir_msgs/include/mir_msgs/mir_msgs/msg/detail/robot_state__rosidl_typesupport_introspection_c.h
-- Installing: /home/basmala/mir250_ws/src/MiR250/MIR_250/install/mir_msgs/include/mir_msgs/mir_msgs/msg/detail/gripper_state__type_support.c
-- Installing: /home/basmala/mir250_ws/src/MiR250/MIR_250/install/mir_msgs/include/mir_msgs/mir_msgs/msg/detail/height_state__rosidl_typesupport_introspection_c.h
-- Installing: /home/basmala/mir250_ws/src/MiR250/MIR_250/install/mir_msgs/include/mir_msgs/mir_msgs/msg/detail/event__rosidl_typesupport_introspection_c.h
-- Installing: /home/basmala/mir250_ws/src/MiR250/MIR_250/install/mir_msgs/include/mir_msgs/mir_msgs/msg/detail/mission_ctrl_state__type_support.c
-- Installing: /home/basmala/mir250_ws/src/MiR250/MIR_250/install/mir_msgs/include/mir_msgs/mir_msgs/msg/detail/hook_status__rosidl_typesupport_introspection_c.h
-- Installing: /home/basmala/mir250_ws/src/MiR250/MIR_250/install/mir_msgs/include/mir_msgs/mir_msgs/msg/detail/charging_state__rosidl_typesupport_introspection_c.h
-- Installing: /home/basmala/mir250_ws/src/MiR250/MIR_250/install/mir_msgs/include/mir_msgs/mir_msgs/msg/detail/robot_status__type_support.c
-- Installing: /home/basmala/mir250_ws/src/MiR250/MIR_250/install/mir_msgs/include/mir_msgs/mir_msgs/msg/detail/brake_state__rosidl_typesupport_introspection_c.h
-- Installing: /home/basmala/mir250_ws/src/MiR250/MIR_250/install/mir_msgs/include/mir_msgs/mir_msgs/msg/detail/proximity__type_support.c
-- Installing: /home/basmala/mir250_ws/src/MiR250/MIR_250/install/mir_msgs/include/mir_msgs/mir_msgs/msg/detail/encoders__type_support.c
-- Installing: /home/basmala/mir250_ws/src/MiR250/MIR_250/install/mir_msgs/include/mir_msgs/mir_msgs/msg/detail/robot_mode__rosidl_typesupport_introspection_c.h
-- Installing: /home/basmala/mir250_ws/src/MiR250/MIR_250/install/mir_msgs/include/mir_msgs/mir_msgs/msg/detail/path__rosidl_typesupport_introspection_c.h
-- Installing: /home/basmala/mir250_ws/src/MiR250/MIR_250/install/mir_msgs/include/mir_msgs/mir_msgs/msg/detail/hook_extended_status__rosidl_typesupport_introspection_c.h
-- Installing: /home/basmala/mir250_ws/src/MiR250/MIR_250/install/mir_msgs/include/mir_msgs/mir_msgs/msg/detail/serial__type_support.c
-- Installing: /home/basmala/mir250_ws/src/MiR250/MIR_250/install/mir_msgs/include/mir_msgs/mir_msgs/msg/detail/devices__type_support.c
-- Installing: /home/basmala/mir250_ws/src/MiR250/MIR_250/install/mir_msgs/include/mir_msgs/mir_msgs/msg/detail/i_os__type_support.c
-- Installing: /home/basmala/mir250_ws/src/MiR250/MIR_250/install/mir_msgs/include/mir_msgs/mir_msgs/msg/detail/event__type_support.c
-- Installing: /home/basmala/mir250_ws/src/MiR250/MIR_250/install/mir_msgs/include/mir_msgs/mir_msgs/msg/detail/pallet_lifter_status__rosidl_typesupport_introspection_c.h
-- Installing: /home/basmala/mir250_ws/src/MiR250/MIR_250/install/mir_msgs/include/mir_msgs/mir_msgs/msg/detail/pose2_d__type_support.c
-- Installing: /home/basmala/mir250_ws/src/MiR250/MIR_250/install/mir_msgs/include/mir_msgs/mir_msgs/msg/detail/external_robot__type_support.c
-- Installing: /home/basmala/mir250_ws/src/MiR250/MIR_250/install/mir_msgs/include/mir_msgs/mir_msgs/msg/detail/events__rosidl_typesupport_introspection_c.h
-- Installing: /home/basmala/mir250_ws/src/MiR250/MIR_250/install/mir_msgs/include/mir_msgs/mir_msgs/msg/detail/stamped_encoders__rosidl_typesupport_introspection_c.h
-- Installing: /home/basmala/mir250_ws/src/MiR250/MIR_250/install/mir_msgs/include/mir_msgs/mir_msgs/msg/detail/resources_state__rosidl_typesupport_introspection_c.h
-- Installing: /home/basmala/mir250_ws/src/MiR250/MIR_250/install/mir_msgs/include/mir_msgs/mir_msgs/msg/detail/devices__rosidl_typesupport_introspection_c.h
-- Installing: /home/basmala/mir250_ws/src/MiR250/MIR_250/install/mir_msgs/include/mir_msgs/mir_msgs/msg/detail/error__rosidl_typesupport_introspection_c.h
-- Installing: /home/basmala/mir250_ws/src/MiR250/MIR_250/install/mir_msgs/include/mir_msgs/mir_msgs/msg/detail/battery_currents__rosidl_typesupport_introspection_c.h
-- Installing: /home/basmala/mir250_ws/src/MiR250/MIR_250/install/mir_msgs/include/mir_msgs/mir_msgs/msg/detail/plan_segment__type_support.c
-- Installing: /home/basmala/mir250_ws/src/MiR250/MIR_250/install/mir_msgs/include/mir_msgs/mir_msgs/msg/detail/trolley__rosidl_typesupport_introspection_c.h
-- Installing: /home/basmala/mir250_ws/src/MiR250/MIR_250/install/mir_msgs/include/mir_msgs/mir_msgs/msg/detail/mir_extra__type_support.c
-- Installing: /home/basmala/mir250_ws/src/MiR250/MIR_250/install/mir_msgs/include/mir_msgs/mir_msgs/msg/detail/safety_status__rosidl_typesupport_introspection_c.h
-- Installing: /home/basmala/mir250_ws/src/MiR250/MIR_250/install/mir_msgs/include/mir_msgs/mir_msgs/msg/detail/local_map_stat__rosidl_typesupport_introspection_c.h
-- Installing: /home/basmala/mir250_ws/src/MiR250/MIR_250/install/mir_msgs/include/mir_msgs/mir_msgs/msg/detail/mission_ctrl_command__type_support.c
-- Installing: /home/basmala/mir250_ws/src/MiR250/MIR_250/install/mir_msgs/include/mir_msgs/mir_msgs/msg/detail/hook_extended_status__type_support.c
-- Installing: /home/basmala/mir250_ws/src/MiR250/MIR_250/install/mir_msgs/include/mir_msgs/mir_msgs/msg/detail/joystick_vel__rosidl_typesupport_introspection_c.h
-- Installing: /home/basmala/mir250_ws/src/MiR250/MIR_250/install/mir_msgs/include/mir_msgs/mir_msgs/msg/detail/plan_segments__type_support.c
-- Installing: /home/basmala/mir250_ws/src/MiR250/MIR_250/install/mir_msgs/include/mir_msgs/mir_msgs/msg/detail/gripper_state__rosidl_typesupport_introspection_c.h
-- Installing: /home/basmala/mir250_ws/src/MiR250/MIR_250/install/mir_msgs/include/mir_msgs/mir_msgs/msg/detail/local_map_stat__type_support.c
-- Installing: /home/basmala/mir250_ws/src/MiR250/MIR_250/install/mir_msgs/include/mir_msgs/mir_msgs/msg/detail/gpio__rosidl_typesupport_introspection_c.h
-- Installing: /home/basmala/mir250_ws/src/MiR250/MIR_250/install/mir_msgs/include/mir_msgs/mir_msgs/msg/detail/plan_segment__rosidl_typesupport_introspection_c.h
-- Installing: /home/basmala/mir250_ws/src/MiR250/MIR_250/install/mir_msgs/include/mir_msgs/mir_msgs/msg/detail/world_model__rosidl_typesupport_introspection_c.h
-- Installing: /home/basmala/mir250_ws/src/MiR250/MIR_250/install/mir_msgs/include/mir_msgs/mir_msgs/msg/detail/brake_state__type_support.c
-- Installing: /home/basmala/mir250_ws/src/MiR250/MIR_250/install/mir_msgs/include/mir_msgs/mir_msgs/msg/detail/power_board_motor_status__type_support.c
-- Installing: /home/basmala/mir250_ws/src/MiR250/MIR_250/install/mir_msgs/include/mir_msgs/mir_msgs/msg/detail/mir_extra__rosidl_typesupport_introspection_c.h
-- Installing: /home/basmala/mir250_ws/src/MiR250/MIR_250/install/mir_msgs/include/mir_msgs/mir_msgs/msg/detail/mission_ctrl_command__rosidl_typesupport_introspection_c.h
-- Installing: /home/basmala/mir250_ws/src/MiR250/MIR_250/install/mir_msgs/include/mir_msgs/mir_msgs/msg/detail/world_model__type_support.c
-- Installing: /home/basmala/mir250_ws/src/MiR250/MIR_250/install/mir_msgs/include/mir_msgs/mir_msgs/msg/detail/safety_status__type_support.c
-- Installing: /home/basmala/mir250_ws/src/MiR250/MIR_250/install/mir_msgs/include/mir_msgs/mir_msgs/msg/detail/pose2_d__rosidl_typesupport_introspection_c.h
-- Installing: /home/basmala/mir250_ws/src/MiR250/MIR_250/install/mir_msgs/include/mir_msgs/mir_msgs/msg/detail/robot_mode__type_support.c
-- Installing: /home/basmala/mir250_ws/src/MiR250/MIR_250/install/mir_msgs/include/mir_msgs/mir_msgs/msg/detail/resources_state__type_support.c
-- Installing: /home/basmala/mir250_ws/src/MiR250/MIR_250/install/mir_msgs/include/mir_msgs/mir_msgs/msg/detail/external_robots__rosidl_typesupport_introspection_c.h
-- Installing: /home/basmala/mir250_ws/src/MiR250/MIR_250/install/mir_msgs/include/mir_msgs/mir_msgs/msg/detail/web_path__rosidl_typesupport_introspection_c.h
-- Installing: /home/basmala/mir250_ws/src/MiR250/MIR_250/install/mir_msgs/include/mir_msgs/mir_msgs/msg/detail/height_state__type_support.c
-- Installing: /home/basmala/mir250_ws/src/MiR250/MIR_250/install/mir_msgs/include/mir_msgs/mir_msgs/msg/detail/trolley__type_support.c
-- Installing: /home/basmala/mir250_ws/src/MiR250/MIR_250/install/mir_msgs/include/mir_msgs/mir_msgs/msg/detail/events__type_support.c
-- Installing: /home/basmala/mir250_ws/src/MiR250/MIR_250/install/mir_msgs/include/mir_msgs/mir_msgs/msg/detail/pendant__rosidl_typesupport_introspection_c.h
-- Installing: /home/basmala/mir250_ws/src/MiR250/MIR_250/install/mir_msgs/include/mir_msgs/mir_msgs/msg/detail/encoders__rosidl_typesupport_introspection_c.h
-- Installing: /home/basmala/mir250_ws/src/MiR250/MIR_250/install/mir_msgs/include/mir_msgs/mir_msgs/msg/detail/world_map__rosidl_typesupport_introspection_c.h
-- Installing: /home/basmala/mir250_ws/src/MiR250/MIR_250/install/mir_msgs/include/mir_msgs/mir_msgs/msg/detail/pendant__type_support.c
-- Installing: /home/basmala/mir250_ws/src/MiR250/MIR_250/install/mir_msgs/include/mir_msgs/mir_msgs/msg/detail/battery_currents__type_support.c
-- Installing: /home/basmala/mir250_ws/src/MiR250/MIR_250/install/mir_msgs/include/mir_msgs/mir_msgs/msg/detail/resource_state__type_support.c
-- Installing: /home/basmala/mir250_ws/src/MiR250/MIR_250/install/mir_msgs/include/mir_msgs/mir_msgs/msg/detail/hook_status__type_support.c
-- Installing: /home/basmala/mir250_ws/src/MiR250/MIR_250/install/mir_msgs/include/mir_msgs/mir_msgs/msg/detail/external_robots__type_support.c
-- Installing: /home/basmala/mir250_ws/src/MiR250/MIR_250/install/mir_msgs/include/mir_msgs/mir_msgs/msg/detail/path__type_support.c
-- Installing: /home/basmala/mir250_ws/src/MiR250/MIR_250/install/mir_msgs/include/mir_msgs/mir_msgs/msg/detail/user_prompt__type_support.c
-- Installing: /home/basmala/mir250_ws/src/MiR250/MIR_250/install/mir_msgs/include/mir_msgs/mir_msgs/msg/detail/power_board_motor_status__rosidl_typesupport_introspection_c.h
-- Installing: /home/basmala/mir250_ws/src/MiR250/MIR_250/install/mir_msgs/include/mir_msgs/mir_msgs/msg/detail/bms_data__type_support.c
-- Installing: /home/basmala/mir250_ws/src/MiR250/MIR_250/install/mir_msgs/include/mir_msgs/mir_msgs/msg/detail/user_prompt__rosidl_typesupport_introspection_c.h
-- Installing: /home/basmala/mir250_ws/src/MiR250/MIR_250/install/mir_msgs/include/mir_msgs/mir_msgs/msg/detail/pallet_lifter_status__type_support.c
-- Installing: /home/basmala/mir250_ws/src/MiR250/MIR_250/install/mir_msgs/include/mir_msgs/mir_msgs/msg/detail/stamped_encoders__type_support.c
-- Installing: /home/basmala/mir250_ws/src/MiR250/MIR_250/install/mir_msgs/include/mir_msgs/mir_msgs/msg/detail/device__type_support.c
-- Installing: /home/basmala/mir250_ws/src/MiR250/MIR_250/install/mir_msgs/include/mir_msgs/mir_msgs/msg/detail/twist2_d__type_support.c
-- Installing: /home/basmala/mir250_ws/src/MiR250/MIR_250/install/mir_msgs/include/mir_msgs/mir_msgs/msg/detail/world_map__type_support.c
-- Installing: /home/basmala/mir250_ws/src/MiR250/MIR_250/install/mir_msgs/include/mir_msgs/mir_msgs/msg/detail/proximity__rosidl_typesupport_introspection_c.h
-- Installing: /home/basmala/mir250_ws/src/MiR250/MIR_250/install/mir_msgs/include/mir_msgs/mir_msgs/msg/detail/plan_segments__rosidl_typesupport_introspection_c.h
-- Installing: /home/basmala/mir250_ws/src/MiR250/MIR_250/install/mir_msgs/include/mir_msgs/mir_msgs/msg/detail/device__rosidl_typesupport_introspection_c.h
-- Installing: /home/basmala/mir250_ws/src/MiR250/MIR_250/install/mir_msgs/include/mir_msgs/mir_msgs/msg/detail/bms_data__rosidl_typesupport_introspection_c.h
-- Installing: /home/basmala/mir250_ws/src/MiR250/MIR_250/install/mir_msgs/include/mir_msgs/mir_msgs/msg/detail/error__type_support.c
-- Installing: /home/basmala/mir250_ws/src/MiR250/MIR_250/install/mir_msgs/include/mir_msgs/mir_msgs/msg/detail/resource_state__rosidl_typesupport_introspection_c.h
-- Installing: /home/basmala/mir250_ws/src/MiR250/MIR_250/install/mir_msgs/include/mir_msgs/mir_msgs/msg/detail/external_robot__rosidl_typesupport_introspection_c.h
-- Installing: /home/basmala/mir250_ws/src/MiR250/MIR_250/install/mir_msgs/include/mir_msgs/mir_msgs/msg/detail/gpio__type_support.c
-- Installing: /home/basmala/mir250_ws/src/MiR250/MIR_250/install/mir_msgs/include/mir_msgs/mir_msgs/msg/detail/joystick_vel__type_support.c
-- Installing: /home/basmala/mir250_ws/src/MiR250/MIR_250/install/mir_msgs/include/mir_msgs/mir_msgs/msg/rosidl_typesupport_introspection_c__visibility_control.h
-- Installing: /home/basmala/mir250_ws/src/MiR250/MIR_250/install/mir_msgs/lib/libmir_msgs__rosidl_typesupport_introspection_c.so
-- Set runtime path of "/home/basmala/mir250_ws/src/MiR250/MIR_250/install/mir_msgs/lib/libmir_msgs__rosidl_typesupport_introspection_c.so" to ""
-- Installing: /home/basmala/mir250_ws/src/MiR250/MIR_250/install/mir_msgs/lib/libmir_msgs__rosidl_typesupport_c.so
-- Set runtime path of "/home/basmala/mir250_ws/src/MiR250/MIR_250/install/mir_msgs/lib/libmir_msgs__rosidl_typesupport_c.so" to ""
-- Up-to-date: /home/basmala/mir250_ws/src/MiR250/MIR_250/install/mir_msgs/include/mir_msgs/mir_msgs
-- Up-to-date: /home/basmala/mir250_ws/src/MiR250/MIR_250/install/mir_msgs/include/mir_msgs/mir_msgs/srv
-- Up-to-date: /home/basmala/mir250_ws/src/MiR250/MIR_250/install/mir_msgs/include/mir_msgs/mir_msgs/srv/detail
-- Installing: /home/basmala/mir250_ws/src/MiR250/MIR_250/install/mir_msgs/include/mir_msgs/mir_msgs/srv/detail/exec_mission__type_support.cpp
-- Installing: /home/basmala/mir250_ws/src/MiR250/MIR_250/install/mir_msgs/include/mir_msgs/mir_msgs/srv/detail/exec_mission__rosidl_typesupport_introspection_cpp.hpp
-- Up-to-date: /home/basmala/mir250_ws/src/MiR250/MIR_250/install/mir_msgs/include/mir_msgs/mir_msgs/msg
-- Up-to-date: /home/basmala/mir250_ws/src/MiR250/MIR_250/install/mir_msgs/include/mir_msgs/mir_msgs/msg/detail
-- Installing: /home/basmala/mir250_ws/src/MiR250/MIR_250/install/mir_msgs/include/mir_msgs/mir_msgs/msg/detail/resource_state__rosidl_typesupport_introspection_cpp.hpp
-- Installing: /home/basmala/mir250_ws/src/MiR250/MIR_250/install/mir_msgs/include/mir_msgs/mir_msgs/msg/detail/devices__type_support.cpp
-- Installing: /home/basmala/mir250_ws/src/MiR250/MIR_250/install/mir_msgs/include/mir_msgs/mir_msgs/msg/detail/joystick_vel__type_support.cpp
-- Installing: /home/basmala/mir250_ws/src/MiR250/MIR_250/install/mir_msgs/include/mir_msgs/mir_msgs/msg/detail/web_path__type_support.cpp
-- Installing: /home/basmala/mir250_ws/src/MiR250/MIR_250/install/mir_msgs/include/mir_msgs/mir_msgs/msg/detail/mission_ctrl_command__type_support.cpp
-- Installing: /home/basmala/mir250_ws/src/MiR250/MIR_250/install/mir_msgs/include/mir_msgs/mir_msgs/msg/detail/world_map__type_support.cpp
-- Installing: /home/basmala/mir250_ws/src/MiR250/MIR_250/install/mir_msgs/include/mir_msgs/mir_msgs/msg/detail/local_map_stat__rosidl_typesupport_introspection_cpp.hpp
-- Installing: /home/basmala/mir250_ws/src/MiR250/MIR_250/install/mir_msgs/include/mir_msgs/mir_msgs/msg/detail/world_map__rosidl_typesupport_introspection_cpp.hpp
-- Installing: /home/basmala/mir250_ws/src/MiR250/MIR_250/install/mir_msgs/include/mir_msgs/mir_msgs/msg/detail/robot_mode__type_support.cpp
-- Installing: /home/basmala/mir250_ws/src/MiR250/MIR_250/install/mir_msgs/include/mir_msgs/mir_msgs/msg/detail/proximity__type_support.cpp
-- Installing: /home/basmala/mir250_ws/src/MiR250/MIR_250/install/mir_msgs/include/mir_msgs/mir_msgs/msg/detail/device__type_support.cpp
-- Installing: /home/basmala/mir250_ws/src/MiR250/MIR_250/install/mir_msgs/include/mir_msgs/mir_msgs/msg/detail/user_prompt__type_support.cpp
-- Installing: /home/basmala/mir250_ws/src/MiR250/MIR_250/install/mir_msgs/include/mir_msgs/mir_msgs/msg/detail/event__rosidl_typesupport_introspection_cpp.hpp
-- Installing: /home/basmala/mir250_ws/src/MiR250/MIR_250/install/mir_msgs/include/mir_msgs/mir_msgs/msg/detail/event__type_support.cpp
-- Installing: /home/basmala/mir250_ws/src/MiR250/MIR_250/install/mir_msgs/include/mir_msgs/mir_msgs/msg/detail/twist2_d__type_support.cpp
-- Installing: /home/basmala/mir250_ws/src/MiR250/MIR_250/install/mir_msgs/include/mir_msgs/mir_msgs/msg/detail/resources_state__rosidl_typesupport_introspection_cpp.hpp
-- Installing: /home/basmala/mir250_ws/src/MiR250/MIR_250/install/mir_msgs/include/mir_msgs/mir_msgs/msg/detail/safety_status__type_support.cpp
-- Installing: /home/basmala/mir250_ws/src/MiR250/MIR_250/install/mir_msgs/include/mir_msgs/mir_msgs/msg/detail/proximity__rosidl_typesupport_introspection_cpp.hpp
-- Installing: /home/basmala/mir250_ws/src/MiR250/MIR_250/install/mir_msgs/include/mir_msgs/mir_msgs/msg/detail/height_state__rosidl_typesupport_introspection_cpp.hpp
-- Installing: /home/basmala/mir250_ws/src/MiR250/MIR_250/install/mir_msgs/include/mir_msgs/mir_msgs/msg/detail/trolley__rosidl_typesupport_introspection_cpp.hpp
-- Installing: /home/basmala/mir250_ws/src/MiR250/MIR_250/install/mir_msgs/include/mir_msgs/mir_msgs/msg/detail/external_robot__rosidl_typesupport_introspection_cpp.hpp
-- Installing: /home/basmala/mir250_ws/src/MiR250/MIR_250/install/mir_msgs/include/mir_msgs/mir_msgs/msg/detail/pendant__rosidl_typesupport_introspection_cpp.hpp
-- Installing: /home/basmala/mir250_ws/src/MiR250/MIR_250/install/mir_msgs/include/mir_msgs/mir_msgs/msg/detail/resource_state__type_support.cpp
-- Installing: /home/basmala/mir250_ws/src/MiR250/MIR_250/install/mir_msgs/include/mir_msgs/mir_msgs/msg/detail/power_board_motor_status__type_support.cpp
-- Installing: /home/basmala/mir250_ws/src/MiR250/MIR_250/install/mir_msgs/include/mir_msgs/mir_msgs/msg/detail/i_os__type_support.cpp
-- Installing: /home/basmala/mir250_ws/src/MiR250/MIR_250/install/mir_msgs/include/mir_msgs/mir_msgs/msg/detail/battery_currents__type_support.cpp
-- Installing: /home/basmala/mir250_ws/src/MiR250/MIR_250/install/mir_msgs/include/mir_msgs/mir_msgs/msg/detail/bms_data__rosidl_typesupport_introspection_cpp.hpp
-- Installing: /home/basmala/mir250_ws/src/MiR250/MIR_250/install/mir_msgs/include/mir_msgs/mir_msgs/msg/detail/i_os__rosidl_typesupport_introspection_cpp.hpp
-- Installing: /home/basmala/mir250_ws/src/MiR250/MIR_250/install/mir_msgs/include/mir_msgs/mir_msgs/msg/detail/pendant__type_support.cpp
-- Installing: /home/basmala/mir250_ws/src/MiR250/MIR_250/install/mir_msgs/include/mir_msgs/mir_msgs/msg/detail/events__rosidl_typesupport_introspection_cpp.hpp
-- Installing: /home/basmala/mir250_ws/src/MiR250/MIR_250/install/mir_msgs/include/mir_msgs/mir_msgs/msg/detail/mission_ctrl_state__type_support.cpp
-- Installing: /home/basmala/mir250_ws/src/MiR250/MIR_250/install/mir_msgs/include/mir_msgs/mir_msgs/msg/detail/trolley__type_support.cpp
-- Installing: /home/basmala/mir250_ws/src/MiR250/MIR_250/install/mir_msgs/include/mir_msgs/mir_msgs/msg/detail/external_robot__type_support.cpp
-- Installing: /home/basmala/mir250_ws/src/MiR250/MIR_250/install/mir_msgs/include/mir_msgs/mir_msgs/msg/detail/battery_currents__rosidl_typesupport_introspection_cpp.hpp
-- Installing: /home/basmala/mir250_ws/src/MiR250/MIR_250/install/mir_msgs/include/mir_msgs/mir_msgs/msg/detail/world_model__rosidl_typesupport_introspection_cpp.hpp
-- Installing: /home/basmala/mir250_ws/src/MiR250/MIR_250/install/mir_msgs/include/mir_msgs/mir_msgs/msg/detail/local_map_stat__type_support.cpp
-- Installing: /home/basmala/mir250_ws/src/MiR250/MIR_250/install/mir_msgs/include/mir_msgs/mir_msgs/msg/detail/power_board_motor_status__rosidl_typesupport_introspection_cpp.hpp
-- Installing: /home/basmala/mir250_ws/src/MiR250/MIR_250/install/mir_msgs/include/mir_msgs/mir_msgs/msg/detail/mir_extra__type_support.cpp
-- Installing: /home/basmala/mir250_ws/src/MiR250/MIR_250/install/mir_msgs/include/mir_msgs/mir_msgs/msg/detail/plan_segment__rosidl_typesupport_introspection_cpp.hpp
-- Installing: /home/basmala/mir250_ws/src/MiR250/MIR_250/install/mir_msgs/include/mir_msgs/mir_msgs/msg/detail/user_prompt__rosidl_typesupport_introspection_cpp.hpp
-- Installing: /home/basmala/mir250_ws/src/MiR250/MIR_250/install/mir_msgs/include/mir_msgs/mir_msgs/msg/detail/brake_state__type_support.cpp
-- Installing: /home/basmala/mir250_ws/src/MiR250/MIR_250/install/mir_msgs/include/mir_msgs/mir_msgs/msg/detail/robot_mode__rosidl_typesupport_introspection_cpp.hpp
-- Installing: /home/basmala/mir250_ws/src/MiR250/MIR_250/install/mir_msgs/include/mir_msgs/mir_msgs/msg/detail/events__type_support.cpp
-- Installing: /home/basmala/mir250_ws/src/MiR250/MIR_250/install/mir_msgs/include/mir_msgs/mir_msgs/msg/detail/world_model__type_support.cpp
-- Installing: /home/basmala/mir250_ws/src/MiR250/MIR_250/install/mir_msgs/include/mir_msgs/mir_msgs/msg/detail/gripper_state__type_support.cpp
-- Installing: /home/basmala/mir250_ws/src/MiR250/MIR_250/install/mir_msgs/include/mir_msgs/mir_msgs/msg/detail/plan_segments__type_support.cpp
-- Installing: /home/basmala/mir250_ws/src/MiR250/MIR_250/install/mir_msgs/include/mir_msgs/mir_msgs/msg/detail/mission_ctrl_state__rosidl_typesupport_introspection_cpp.hpp
-- Installing: /home/basmala/mir250_ws/src/MiR250/MIR_250/install/mir_msgs/include/mir_msgs/mir_msgs/msg/detail/brake_state__rosidl_typesupport_introspection_cpp.hpp
-- Installing: /home/basmala/mir250_ws/src/MiR250/MIR_250/install/mir_msgs/include/mir_msgs/mir_msgs/msg/detail/stamped_encoders__type_support.cpp
-- Installing: /home/basmala/mir250_ws/src/MiR250/MIR_250/install/mir_msgs/include/mir_msgs/mir_msgs/msg/detail/hook_status__rosidl_typesupport_introspection_cpp.hpp
-- Installing: /home/basmala/mir250_ws/src/MiR250/MIR_250/install/mir_msgs/include/mir_msgs/mir_msgs/msg/detail/robot_status__type_support.cpp
-- Installing: /home/basmala/mir250_ws/src/MiR250/MIR_250/install/mir_msgs/include/mir_msgs/mir_msgs/msg/detail/serial__rosidl_typesupport_introspection_cpp.hpp
-- Installing: /home/basmala/mir250_ws/src/MiR250/MIR_250/install/mir_msgs/include/mir_msgs/mir_msgs/msg/detail/path__rosidl_typesupport_introspection_cpp.hpp
-- Installing: /home/basmala/mir250_ws/src/MiR250/MIR_250/install/mir_msgs/include/mir_msgs/mir_msgs/msg/detail/stamped_encoders__rosidl_typesupport_introspection_cpp.hpp
-- Installing: /home/basmala/mir250_ws/src/MiR250/MIR_250/install/mir_msgs/include/mir_msgs/mir_msgs/msg/detail/resources_state__type_support.cpp
-- Installing: /home/basmala/mir250_ws/src/MiR250/MIR_250/install/mir_msgs/include/mir_msgs/mir_msgs/msg/detail/pallet_lifter_status__rosidl_typesupport_introspection_cpp.hpp
-- Installing: /home/basmala/mir250_ws/src/MiR250/MIR_250/install/mir_msgs/include/mir_msgs/mir_msgs/msg/detail/robot_status__rosidl_typesupport_introspection_cpp.hpp
-- Installing: /home/basmala/mir250_ws/src/MiR250/MIR_250/install/mir_msgs/include/mir_msgs/mir_msgs/msg/detail/charging_state__type_support.cpp
-- Installing: /home/basmala/mir250_ws/src/MiR250/MIR_250/install/mir_msgs/include/mir_msgs/mir_msgs/msg/detail/devices__rosidl_typesupport_introspection_cpp.hpp
-- Installing: /home/basmala/mir250_ws/src/MiR250/MIR_250/install/mir_msgs/include/mir_msgs/mir_msgs/msg/detail/plan_segments__rosidl_typesupport_introspection_cpp.hpp
-- Installing: /home/basmala/mir250_ws/src/MiR250/MIR_250/install/mir_msgs/include/mir_msgs/mir_msgs/msg/detail/pallet_lifter_status__type_support.cpp
-- Installing: /home/basmala/mir250_ws/src/MiR250/MIR_250/install/mir_msgs/include/mir_msgs/mir_msgs/msg/detail/gripper_state__rosidl_typesupport_introspection_cpp.hpp
-- Installing: /home/basmala/mir250_ws/src/MiR250/MIR_250/install/mir_msgs/include/mir_msgs/mir_msgs/msg/detail/pose2_d__type_support.cpp
-- Installing: /home/basmala/mir250_ws/src/MiR250/MIR_250/install/mir_msgs/include/mir_msgs/mir_msgs/msg/detail/joystick_vel__rosidl_typesupport_introspection_cpp.hpp
-- Installing: /home/basmala/mir250_ws/src/MiR250/MIR_250/install/mir_msgs/include/mir_msgs/mir_msgs/msg/detail/robot_state__rosidl_typesupport_introspection_cpp.hpp
-- Installing: /home/basmala/mir250_ws/src/MiR250/MIR_250/install/mir_msgs/include/mir_msgs/mir_msgs/msg/detail/hook_extended_status__rosidl_typesupport_introspection_cpp.hpp
-- Installing: /home/basmala/mir250_ws/src/MiR250/MIR_250/install/mir_msgs/include/mir_msgs/mir_msgs/msg/detail/hook_extended_status__type_support.cpp
-- Installing: /home/basmala/mir250_ws/src/MiR250/MIR_250/install/mir_msgs/include/mir_msgs/mir_msgs/msg/detail/gpio__type_support.cpp
-- Installing: /home/basmala/mir250_ws/src/MiR250/MIR_250/install/mir_msgs/include/mir_msgs/mir_msgs/msg/detail/path__type_support.cpp
-- Installing: /home/basmala/mir250_ws/src/MiR250/MIR_250/install/mir_msgs/include/mir_msgs/mir_msgs/msg/detail/mir_extra__rosidl_typesupport_introspection_cpp.hpp
-- Installing: /home/basmala/mir250_ws/src/MiR250/MIR_250/install/mir_msgs/include/mir_msgs/mir_msgs/msg/detail/encoders__type_support.cpp
-- Installing: /home/basmala/mir250_ws/src/MiR250/MIR_250/install/mir_msgs/include/mir_msgs/mir_msgs/msg/detail/safety_status__rosidl_typesupport_introspection_cpp.hpp
-- Installing: /home/basmala/mir250_ws/src/MiR250/MIR_250/install/mir_msgs/include/mir_msgs/mir_msgs/msg/detail/external_robots__type_support.cpp
-- Installing: /home/basmala/mir250_ws/src/MiR250/MIR_250/install/mir_msgs/include/mir_msgs/mir_msgs/msg/detail/robot_state__type_support.cpp
-- Installing: /home/basmala/mir250_ws/src/MiR250/MIR_250/install/mir_msgs/include/mir_msgs/mir_msgs/msg/detail/error__rosidl_typesupport_introspection_cpp.hpp
-- Installing: /home/basmala/mir250_ws/src/MiR250/MIR_250/install/mir_msgs/include/mir_msgs/mir_msgs/msg/detail/serial__type_support.cpp
-- Installing: /home/basmala/mir250_ws/src/MiR250/MIR_250/install/mir_msgs/include/mir_msgs/mir_msgs/msg/detail/height_state__type_support.cpp
-- Installing: /home/basmala/mir250_ws/src/MiR250/MIR_250/install/mir_msgs/include/mir_msgs/mir_msgs/msg/detail/error__type_support.cpp
-- Installing: /home/basmala/mir250_ws/src/MiR250/MIR_250/install/mir_msgs/include/mir_msgs/mir_msgs/msg/detail/web_path__rosidl_typesupport_introspection_cpp.hpp
-- Installing: /home/basmala/mir250_ws/src/MiR250/MIR_250/install/mir_msgs/include/mir_msgs/mir_msgs/msg/detail/device__rosidl_typesupport_introspection_cpp.hpp
-- Installing: /home/basmala/mir250_ws/src/MiR250/MIR_250/install/mir_msgs/include/mir_msgs/mir_msgs/msg/detail/bms_data__type_support.cpp
-- Installing: /home/basmala/mir250_ws/src/MiR250/MIR_250/install/mir_msgs/include/mir_msgs/mir_msgs/msg/detail/twist2_d__rosidl_typesupport_introspection_cpp.hpp
-- Installing: /home/basmala/mir250_ws/src/MiR250/MIR_250/install/mir_msgs/include/mir_msgs/mir_msgs/msg/detail/plan_segment__type_support.cpp
-- Installing: /home/basmala/mir250_ws/src/MiR250/MIR_250/install/mir_msgs/include/mir_msgs/mir_msgs/msg/detail/charging_state__rosidl_typesupport_introspection_cpp.hpp
-- Installing: /home/basmala/mir250_ws/src/MiR250/MIR_250/install/mir_msgs/include/mir_msgs/mir_msgs/msg/detail/mission_ctrl_command__rosidl_typesupport_introspection_cpp.hpp
-- Installing: /home/basmala/mir250_ws/src/MiR250/MIR_250/install/mir_msgs/include/mir_msgs/mir_msgs/msg/detail/pose2_d__rosidl_typesupport_introspection_cpp.hpp
-- Installing: /home/basmala/mir250_ws/src/MiR250/MIR_250/install/mir_msgs/include/mir_msgs/mir_msgs/msg/detail/gpio__rosidl_typesupport_introspection_cpp.hpp
-- Installing: /home/basmala/mir250_ws/src/MiR250/MIR_250/install/mir_msgs/include/mir_msgs/mir_msgs/msg/detail/hook_status__type_support.cpp
-- Installing: /home/basmala/mir250_ws/src/MiR250/MIR_250/install/mir_msgs/include/mir_msgs/mir_msgs/msg/detail/external_robots__rosidl_typesupport_introspection_cpp.hpp
-- Installing: /home/basmala/mir250_ws/src/MiR250/MIR_250/install/mir_msgs/include/mir_msgs/mir_msgs/msg/detail/encoders__rosidl_typesupport_introspection_cpp.hpp
-- Installing: /home/basmala/mir250_ws/src/MiR250/MIR_250/install/mir_msgs/lib/libmir_msgs__rosidl_typesupport_introspection_cpp.so
-- Set runtime path of "/home/basmala/mir250_ws/src/MiR250/MIR_250/install/mir_msgs/lib/libmir_msgs__rosidl_typesupport_introspection_cpp.so" to ""
-- Installing: /home/basmala/mir250_ws/src/MiR250/MIR_250/install/mir_msgs/lib/libmir_msgs__rosidl_typesupport_cpp.so
-- Set runtime path of "/home/basmala/mir250_ws/src/MiR250/MIR_250/install/mir_msgs/lib/libmir_msgs__rosidl_typesupport_cpp.so" to ""
-- Installing: /home/basmala/mir250_ws/src/MiR250/MIR_250/install/mir_msgs/share/mir_msgs/environment/pythonpath.sh
-- Installing: /home/basmala/mir250_ws/src/MiR250/MIR_250/install/mir_msgs/share/mir_msgs/environment/pythonpath.dsv
-- Installing: /home/basmala/mir250_ws/src/MiR250/MIR_250/install/mir_msgs/local/lib/python3.10/dist-packages/mir_msgs-1.1.3-py3.10.egg-info
-- Installing: /home/basmala/mir250_ws/src/MiR250/MIR_250/install/mir_msgs/local/lib/python3.10/dist-packages/mir_msgs-1.1.3-py3.10.egg-info/dependency_links.txt
-- Installing: /home/basmala/mir250_ws/src/MiR250/MIR_250/install/mir_msgs/local/lib/python3.10/dist-packages/mir_msgs-1.1.3-py3.10.egg-info/PKG-INFO
-- Installing: /home/basmala/mir250_ws/src/MiR250/MIR_250/install/mir_msgs/local/lib/python3.10/dist-packages/mir_msgs-1.1.3-py3.10.egg-info/SOURCES.txt
-- Installing: /home/basmala/mir250_ws/src/MiR250/MIR_250/install/mir_msgs/local/lib/python3.10/dist-packages/mir_msgs-1.1.3-py3.10.egg-info/top_level.txt
-- Installing: /home/basmala/mir250_ws/src/MiR250/MIR_250/install/mir_msgs/local/lib/python3.10/dist-packages/mir_msgs
-- Installing: /home/basmala/mir250_ws/src/MiR250/MIR_250/install/mir_msgs/local/lib/python3.10/dist-packages/mir_msgs/libmir_msgs__rosidl_generator_py.so
-- Installing: /home/basmala/mir250_ws/src/MiR250/MIR_250/install/mir_msgs/local/lib/python3.10/dist-packages/mir_msgs/_mir_msgs_s.ep.rosidl_typesupport_fastrtps_c.c
-- Installing: /home/basmala/mir250_ws/src/MiR250/MIR_250/install/mir_msgs/local/lib/python3.10/dist-packages/mir_msgs/srv
-- Installing: /home/basmala/mir250_ws/src/MiR250/MIR_250/install/mir_msgs/local/lib/python3.10/dist-packages/mir_msgs/srv/__init__.py
-- Installing: /home/basmala/mir250_ws/src/MiR250/MIR_250/install/mir_msgs/local/lib/python3.10/dist-packages/mir_msgs/srv/_exec_mission.py
-- Installing: /home/basmala/mir250_ws/src/MiR250/MIR_250/install/mir_msgs/local/lib/python3.10/dist-packages/mir_msgs/srv/_exec_mission_s.c
-- Installing: /home/basmala/mir250_ws/src/MiR250/MIR_250/install/mir_msgs/local/lib/python3.10/dist-packages/mir_msgs/msg
-- Installing: /home/basmala/mir250_ws/src/MiR250/MIR_250/install/mir_msgs/local/lib/python3.10/dist-packages/mir_msgs/msg/_trolley_s.c
-- Installing: /home/basmala/mir250_ws/src/MiR250/MIR_250/install/mir_msgs/local/lib/python3.10/dist-packages/mir_msgs/msg/_safety_status.py
-- Installing: /home/basmala/mir250_ws/src/MiR250/MIR_250/install/mir_msgs/local/lib/python3.10/dist-packages/mir_msgs/msg/_gripper_state.py
-- Installing: /home/basmala/mir250_ws/src/MiR250/MIR_250/install/mir_msgs/local/lib/python3.10/dist-packages/mir_msgs/msg/_web_path_s.c
-- Installing: /home/basmala/mir250_ws/src/MiR250/MIR_250/install/mir_msgs/local/lib/python3.10/dist-packages/mir_msgs/msg/_twist2_d.py
-- Installing: /home/basmala/mir250_ws/src/MiR250/MIR_250/install/mir_msgs/local/lib/python3.10/dist-packages/mir_msgs/msg/_height_state_s.c
-- Installing: /home/basmala/mir250_ws/src/MiR250/MIR_250/install/mir_msgs/local/lib/python3.10/dist-packages/mir_msgs/msg/_serial_s.c
-- Installing: /home/basmala/mir250_ws/src/MiR250/MIR_250/install/mir_msgs/local/lib/python3.10/dist-packages/mir_msgs/msg/_external_robots_s.c
-- Installing: /home/basmala/mir250_ws/src/MiR250/MIR_250/install/mir_msgs/local/lib/python3.10/dist-packages/mir_msgs/msg/_hook_status_s.c
-- Installing: /home/basmala/mir250_ws/src/MiR250/MIR_250/install/mir_msgs/local/lib/python3.10/dist-packages/mir_msgs/msg/_hook_extended_status.py
-- Installing: /home/basmala/mir250_ws/src/MiR250/MIR_250/install/mir_msgs/local/lib/python3.10/dist-packages/mir_msgs/msg/_hook_status.py
-- Installing: /home/basmala/mir250_ws/src/MiR250/MIR_250/install/mir_msgs/local/lib/python3.10/dist-packages/mir_msgs/msg/_stamped_encoders.py
-- Installing: /home/basmala/mir250_ws/src/MiR250/MIR_250/install/mir_msgs/local/lib/python3.10/dist-packages/mir_msgs/msg/_resource_state_s.c
-- Installing: /home/basmala/mir250_ws/src/MiR250/MIR_250/install/mir_msgs/local/lib/python3.10/dist-packages/mir_msgs/msg/_device.py
-- Installing: /home/basmala/mir250_ws/src/MiR250/MIR_250/install/mir_msgs/local/lib/python3.10/dist-packages/mir_msgs/msg/_local_map_stat_s.c
-- Installing: /home/basmala/mir250_ws/src/MiR250/MIR_250/install/mir_msgs/local/lib/python3.10/dist-packages/mir_msgs/msg/_plan_segments_s.c
-- Installing: /home/basmala/mir250_ws/src/MiR250/MIR_250/install/mir_msgs/local/lib/python3.10/dist-packages/mir_msgs/msg/_hook_extended_status_s.c
-- Installing: /home/basmala/mir250_ws/src/MiR250/MIR_250/install/mir_msgs/local/lib/python3.10/dist-packages/mir_msgs/msg/_world_model.py
-- Installing: /home/basmala/mir250_ws/src/MiR250/MIR_250/install/mir_msgs/local/lib/python3.10/dist-packages/mir_msgs/msg/_robot_status_s.c
-- Installing: /home/basmala/mir250_ws/src/MiR250/MIR_250/install/mir_msgs/local/lib/python3.10/dist-packages/mir_msgs/msg/_plan_segments.py
-- Installing: /home/basmala/mir250_ws/src/MiR250/MIR_250/install/mir_msgs/local/lib/python3.10/dist-packages/mir_msgs/msg/_mission_ctrl_command_s.c
-- Installing: /home/basmala/mir250_ws/src/MiR250/MIR_250/install/mir_msgs/local/lib/python3.10/dist-packages/mir_msgs/msg/_resources_state.py
-- Installing: /home/basmala/mir250_ws/src/MiR250/MIR_250/install/mir_msgs/local/lib/python3.10/dist-packages/mir_msgs/msg/_charging_state_s.c
-- Installing: /home/basmala/mir250_ws/src/MiR250/MIR_250/install/mir_msgs/local/lib/python3.10/dist-packages/mir_msgs/msg/_robot_mode.py
-- Installing: /home/basmala/mir250_ws/src/MiR250/MIR_250/install/mir_msgs/local/lib/python3.10/dist-packages/mir_msgs/msg/_events_s.c
-- Installing: /home/basmala/mir250_ws/src/MiR250/MIR_250/install/mir_msgs/local/lib/python3.10/dist-packages/mir_msgs/msg/_event.py
-- Installing: /home/basmala/mir250_ws/src/MiR250/MIR_250/install/mir_msgs/local/lib/python3.10/dist-packages/mir_msgs/msg/_pose2_d.py
-- Installing: /home/basmala/mir250_ws/src/MiR250/MIR_250/install/mir_msgs/local/lib/python3.10/dist-packages/mir_msgs/msg/__init__.py
-- Installing: /home/basmala/mir250_ws/src/MiR250/MIR_250/install/mir_msgs/local/lib/python3.10/dist-packages/mir_msgs/msg/_robot_mode_s.c
-- Installing: /home/basmala/mir250_ws/src/MiR250/MIR_250/install/mir_msgs/local/lib/python3.10/dist-packages/mir_msgs/msg/_trolley.py
-- Installing: /home/basmala/mir250_ws/src/MiR250/MIR_250/install/mir_msgs/local/lib/python3.10/dist-packages/mir_msgs/msg/_devices_s.c
-- Installing: /home/basmala/mir250_ws/src/MiR250/MIR_250/install/mir_msgs/local/lib/python3.10/dist-packages/mir_msgs/msg/_pendant.py
-- Installing: /home/basmala/mir250_ws/src/MiR250/MIR_250/install/mir_msgs/local/lib/python3.10/dist-packages/mir_msgs/msg/_path_s.c
-- Installing: /home/basmala/mir250_ws/src/MiR250/MIR_250/install/mir_msgs/local/lib/python3.10/dist-packages/mir_msgs/msg/_brake_state.py
-- Installing: /home/basmala/mir250_ws/src/MiR250/MIR_250/install/mir_msgs/local/lib/python3.10/dist-packages/mir_msgs/msg/_mission_ctrl_state_s.c
-- Installing: /home/basmala/mir250_ws/src/MiR250/MIR_250/install/mir_msgs/local/lib/python3.10/dist-packages/mir_msgs/msg/_external_robot_s.c
-- Installing: /home/basmala/mir250_ws/src/MiR250/MIR_250/install/mir_msgs/local/lib/python3.10/dist-packages/mir_msgs/msg/_pallet_lifter_status.py
-- Installing: /home/basmala/mir250_ws/src/MiR250/MIR_250/install/mir_msgs/local/lib/python3.10/dist-packages/mir_msgs/msg/_robot_state_s.c
-- Installing: /home/basmala/mir250_ws/src/MiR250/MIR_250/install/mir_msgs/local/lib/python3.10/dist-packages/mir_msgs/msg/_user_prompt_s.c
-- Installing: /home/basmala/mir250_ws/src/MiR250/MIR_250/install/mir_msgs/local/lib/python3.10/dist-packages/mir_msgs/msg/_i_os.py
-- Installing: /home/basmala/mir250_ws/src/MiR250/MIR_250/install/mir_msgs/local/lib/python3.10/dist-packages/mir_msgs/msg/_brake_state_s.c
-- Installing: /home/basmala/mir250_ws/src/MiR250/MIR_250/install/mir_msgs/local/lib/python3.10/dist-packages/mir_msgs/msg/_charging_state.py
-- Installing: /home/basmala/mir250_ws/src/MiR250/MIR_250/install/mir_msgs/local/lib/python3.10/dist-packages/mir_msgs/msg/_robot_status.py
-- Installing: /home/basmala/mir250_ws/src/MiR250/MIR_250/install/mir_msgs/local/lib/python3.10/dist-packages/mir_msgs/msg/_i_os_s.c
-- Installing: /home/basmala/mir250_ws/src/MiR250/MIR_250/install/mir_msgs/local/lib/python3.10/dist-packages/mir_msgs/msg/_world_map.py
-- Installing: /home/basmala/mir250_ws/src/MiR250/MIR_250/install/mir_msgs/local/lib/python3.10/dist-packages/mir_msgs/msg/_proximity_s.c
-- Installing: /home/basmala/mir250_ws/src/MiR250/MIR_250/install/mir_msgs/local/lib/python3.10/dist-packages/mir_msgs/msg/_gpio.py
-- Installing: /home/basmala/mir250_ws/src/MiR250/MIR_250/install/mir_msgs/local/lib/python3.10/dist-packages/mir_msgs/msg/_device_s.c
-- Installing: /home/basmala/mir250_ws/src/MiR250/MIR_250/install/mir_msgs/local/lib/python3.10/dist-packages/mir_msgs/msg/_safety_status_s.c
-- Installing: /home/basmala/mir250_ws/src/MiR250/MIR_250/install/mir_msgs/local/lib/python3.10/dist-packages/mir_msgs/msg/_local_map_stat.py
-- Installing: /home/basmala/mir250_ws/src/MiR250/MIR_250/install/mir_msgs/local/lib/python3.10/dist-packages/mir_msgs/msg/_external_robots.py
-- Installing: /home/basmala/mir250_ws/src/MiR250/MIR_250/install/mir_msgs/local/lib/python3.10/dist-packages/mir_msgs/msg/_devices.py
-- Installing: /home/basmala/mir250_ws/src/MiR250/MIR_250/install/mir_msgs/local/lib/python3.10/dist-packages/mir_msgs/msg/_pendant_s.c
-- Installing: /home/basmala/mir250_ws/src/MiR250/MIR_250/install/mir_msgs/local/lib/python3.10/dist-packages/mir_msgs/msg/_encoders_s.c
-- Installing: /home/basmala/mir250_ws/src/MiR250/MIR_250/install/mir_msgs/local/lib/python3.10/dist-packages/mir_msgs/msg/_bms_data.py
-- Installing: /home/basmala/mir250_ws/src/MiR250/MIR_250/install/mir_msgs/local/lib/python3.10/dist-packages/mir_msgs/msg/_web_path.py
-- Installing: /home/basmala/mir250_ws/src/MiR250/MIR_250/install/mir_msgs/local/lib/python3.10/dist-packages/mir_msgs/msg/_mission_ctrl_command.py
-- Installing: /home/basmala/mir250_ws/src/MiR250/MIR_250/install/mir_msgs/local/lib/python3.10/dist-packages/mir_msgs/msg/_pallet_lifter_status_s.c
-- Installing: /home/basmala/mir250_ws/src/MiR250/MIR_250/install/mir_msgs/local/lib/python3.10/dist-packages/mir_msgs/msg/_encoders.py
-- Installing: /home/basmala/mir250_ws/src/MiR250/MIR_250/install/mir_msgs/local/lib/python3.10/dist-packages/mir_msgs/msg/_battery_currents_s.c
-- Installing: /home/basmala/mir250_ws/src/MiR250/MIR_250/install/mir_msgs/local/lib/python3.10/dist-packages/mir_msgs/msg/_resources_state_s.c
-- Installing: /home/basmala/mir250_ws/src/MiR250/MIR_250/install/mir_msgs/local/lib/python3.10/dist-packages/mir_msgs/msg/_proximity.py
-- Installing: /home/basmala/mir250_ws/src/MiR250/MIR_250/install/mir_msgs/local/lib/python3.10/dist-packages/mir_msgs/msg/_twist2_d_s.c
-- Installing: /home/basmala/mir250_ws/src/MiR250/MIR_250/install/mir_msgs/local/lib/python3.10/dist-packages/mir_msgs/msg/_path.py
-- Installing: /home/basmala/mir250_ws/src/MiR250/MIR_250/install/mir_msgs/local/lib/python3.10/dist-packages/mir_msgs/msg/_height_state.py
-- Installing: /home/basmala/mir250_ws/src/MiR250/MIR_250/install/mir_msgs/local/lib/python3.10/dist-packages/mir_msgs/msg/_plan_segment.py
-- Installing: /home/basmala/mir250_ws/src/MiR250/MIR_250/install/mir_msgs/local/lib/python3.10/dist-packages/mir_msgs/msg/_error_s.c
-- Installing: /home/basmala/mir250_ws/src/MiR250/MIR_250/install/mir_msgs/local/lib/python3.10/dist-packages/mir_msgs/msg/_mission_ctrl_state.py
-- Installing: /home/basmala/mir250_ws/src/MiR250/MIR_250/install/mir_msgs/local/lib/python3.10/dist-packages/mir_msgs/msg/_bms_data_s.c
-- Installing: /home/basmala/mir250_ws/src/MiR250/MIR_250/install/mir_msgs/local/lib/python3.10/dist-packages/mir_msgs/msg/_world_map_s.c
-- Installing: /home/basmala/mir250_ws/src/MiR250/MIR_250/install/mir_msgs/local/lib/python3.10/dist-packages/mir_msgs/msg/_external_robot.py
-- Installing: /home/basmala/mir250_ws/src/MiR250/MIR_250/install/mir_msgs/local/lib/python3.10/dist-packages/mir_msgs/msg/_gripper_state_s.c
-- Installing: /home/basmala/mir250_ws/src/MiR250/MIR_250/install/mir_msgs/local/lib/python3.10/dist-packages/mir_msgs/msg/_plan_segment_s.c
-- Installing: /home/basmala/mir250_ws/src/MiR250/MIR_250/install/mir_msgs/local/lib/python3.10/dist-packages/mir_msgs/msg/_power_board_motor_status.py
-- Installing: /home/basmala/mir250_ws/src/MiR250/MIR_250/install/mir_msgs/local/lib/python3.10/dist-packages/mir_msgs/msg/_stamped_encoders_s.c
-- Installing: /home/basmala/mir250_ws/src/MiR250/MIR_250/install/mir_msgs/local/lib/python3.10/dist-packages/mir_msgs/msg/_events.py
-- Installing: /home/basmala/mir250_ws/src/MiR250/MIR_250/install/mir_msgs/local/lib/python3.10/dist-packages/mir_msgs/msg/_robot_state.py
-- Installing: /home/basmala/mir250_ws/src/MiR250/MIR_250/install/mir_msgs/local/lib/python3.10/dist-packages/mir_msgs/msg/_event_s.c
-- Installing: /home/basmala/mir250_ws/src/MiR250/MIR_250/install/mir_msgs/local/lib/python3.10/dist-packages/mir_msgs/msg/_mir_extra.py
-- Installing: /home/basmala/mir250_ws/src/MiR250/MIR_250/install/mir_msgs/local/lib/python3.10/dist-packages/mir_msgs/msg/_joystick_vel.py
-- Installing: /home/basmala/mir250_ws/src/MiR250/MIR_250/install/mir_msgs/local/lib/python3.10/dist-packages/mir_msgs/msg/_world_model_s.c
-- Installing: /home/basmala/mir250_ws/src/MiR250/MIR_250/install/mir_msgs/local/lib/python3.10/dist-packages/mir_msgs/msg/_gpio_s.c
-- Installing: /home/basmala/mir250_ws/src/MiR250/MIR_250/install/mir_msgs/local/lib/python3.10/dist-packages/mir_msgs/msg/_serial.py
-- Installing: /home/basmala/mir250_ws/src/MiR250/MIR_250/install/mir_msgs/local/lib/python3.10/dist-packages/mir_msgs/msg/_resource_state.py
-- Installing: /home/basmala/mir250_ws/src/MiR250/MIR_250/install/mir_msgs/local/lib/python3.10/dist-packages/mir_msgs/msg/_joystick_vel_s.c
-- Installing: /home/basmala/mir250_ws/src/MiR250/MIR_250/install/mir_msgs/local/lib/python3.10/dist-packages/mir_msgs/msg/_power_board_motor_status_s.c
-- Installing: /home/basmala/mir250_ws/src/MiR250/MIR_250/install/mir_msgs/local/lib/python3.10/dist-packages/mir_msgs/msg/_pose2_d_s.c
-- Installing: /home/basmala/mir250_ws/src/MiR250/MIR_250/install/mir_msgs/local/lib/python3.10/dist-packages/mir_msgs/msg/_error.py
-- Installing: /home/basmala/mir250_ws/src/MiR250/MIR_250/install/mir_msgs/local/lib/python3.10/dist-packages/mir_msgs/msg/_mir_extra_s.c
-- Installing: /home/basmala/mir250_ws/src/MiR250/MIR_250/install/mir_msgs/local/lib/python3.10/dist-packages/mir_msgs/msg/_user_prompt.py
-- Installing: /home/basmala/mir250_ws/src/MiR250/MIR_250/install/mir_msgs/local/lib/python3.10/dist-packages/mir_msgs/msg/_battery_currents.py
-- Installing: /home/basmala/mir250_ws/src/MiR250/MIR_250/install/mir_msgs/local/lib/python3.10/dist-packages/mir_msgs/__init__.py
-- Installing: /home/basmala/mir250_ws/src/MiR250/MIR_250/install/mir_msgs/local/lib/python3.10/dist-packages/mir_msgs/mir_msgs_s__rosidl_typesupport_fastrtps_c.cpython-310-x86_64-linux-gnu.so
-- Installing: /home/basmala/mir250_ws/src/MiR250/MIR_250/install/mir_msgs/local/lib/python3.10/dist-packages/mir_msgs/_mir_msgs_s.ep.rosidl_typesupport_introspection_c.c
-- Installing: /home/basmala/mir250_ws/src/MiR250/MIR_250/install/mir_msgs/local/lib/python3.10/dist-packages/mir_msgs/_mir_msgs_s.ep.rosidl_typesupport_c.c
-- Installing: /home/basmala/mir250_ws/src/MiR250/MIR_250/install/mir_msgs/local/lib/python3.10/dist-packages/mir_msgs/mir_msgs_s__rosidl_typesupport_introspection_c.cpython-310-x86_64-linux-gnu.so
-- Installing: /home/basmala/mir250_ws/src/MiR250/MIR_250/install/mir_msgs/local/lib/python3.10/dist-packages/mir_msgs/mir_msgs_s__rosidl_typesupport_c.cpython-310-x86_64-linux-gnu.so
Listing '/home/basmala/mir250_ws/src/MiR250/MIR_250/install/mir_msgs/local/lib/python3.10/dist-packages/mir_msgs'...
Compiling '/home/basmala/mir250_ws/src/MiR250/MIR_250/install/mir_msgs/local/lib/python3.10/dist-packages/mir_msgs/__init__.py'...
Listing '/home/basmala/mir250_ws/src/MiR250/MIR_250/install/mir_msgs/local/lib/python3.10/dist-packages/mir_msgs/msg'...
Compiling '/home/basmala/mir250_ws/src/MiR250/MIR_250/install/mir_msgs/local/lib/python3.10/dist-packages/mir_msgs/msg/__init__.py'...
Compiling '/home/basmala/mir250_ws/src/MiR250/MIR_250/install/mir_msgs/local/lib/python3.10/dist-packages/mir_msgs/msg/_battery_currents.py'...
Compiling '/home/basmala/mir250_ws/src/MiR250/MIR_250/install/mir_msgs/local/lib/python3.10/dist-packages/mir_msgs/msg/_bms_data.py'...
Compiling '/home/basmala/mir250_ws/src/MiR250/MIR_250/install/mir_msgs/local/lib/python3.10/dist-packages/mir_msgs/msg/_brake_state.py'...
Compiling '/home/basmala/mir250_ws/src/MiR250/MIR_250/install/mir_msgs/local/lib/python3.10/dist-packages/mir_msgs/msg/_charging_state.py'...
Compiling '/home/basmala/mir250_ws/src/MiR250/MIR_250/install/mir_msgs/local/lib/python3.10/dist-packages/mir_msgs/msg/_device.py'...
Compiling '/home/basmala/mir250_ws/src/MiR250/MIR_250/install/mir_msgs/local/lib/python3.10/dist-packages/mir_msgs/msg/_devices.py'...
Compiling '/home/basmala/mir250_ws/src/MiR250/MIR_250/install/mir_msgs/local/lib/python3.10/dist-packages/mir_msgs/msg/_encoders.py'...
Compiling '/home/basmala/mir250_ws/src/MiR250/MIR_250/install/mir_msgs/local/lib/python3.10/dist-packages/mir_msgs/msg/_error.py'...
Compiling '/home/basmala/mir250_ws/src/MiR250/MIR_250/install/mir_msgs/local/lib/python3.10/dist-packages/mir_msgs/msg/_event.py'...
Compiling '/home/basmala/mir250_ws/src/MiR250/MIR_250/install/mir_msgs/local/lib/python3.10/dist-packages/mir_msgs/msg/_events.py'...
Compiling '/home/basmala/mir250_ws/src/MiR250/MIR_250/install/mir_msgs/local/lib/python3.10/dist-packages/mir_msgs/msg/_external_robot.py'...
Compiling '/home/basmala/mir250_ws/src/MiR250/MIR_250/install/mir_msgs/local/lib/python3.10/dist-packages/mir_msgs/msg/_external_robots.py'...
Compiling '/home/basmala/mir250_ws/src/MiR250/MIR_250/install/mir_msgs/local/lib/python3.10/dist-packages/mir_msgs/msg/_gpio.py'...
Compiling '/home/basmala/mir250_ws/src/MiR250/MIR_250/install/mir_msgs/local/lib/python3.10/dist-packages/mir_msgs/msg/_gripper_state.py'...
Compiling '/home/basmala/mir250_ws/src/MiR250/MIR_250/install/mir_msgs/local/lib/python3.10/dist-packages/mir_msgs/msg/_height_state.py'...
Compiling '/home/basmala/mir250_ws/src/MiR250/MIR_250/install/mir_msgs/local/lib/python3.10/dist-packages/mir_msgs/msg/_hook_extended_status.py'...
Compiling '/home/basmala/mir250_ws/src/MiR250/MIR_250/install/mir_msgs/local/lib/python3.10/dist-packages/mir_msgs/msg/_hook_status.py'...
Compiling '/home/basmala/mir250_ws/src/MiR250/MIR_250/install/mir_msgs/local/lib/python3.10/dist-packages/mir_msgs/msg/_i_os.py'...
Compiling '/home/basmala/mir250_ws/src/MiR250/MIR_250/install/mir_msgs/local/lib/python3.10/dist-packages/mir_msgs/msg/_joystick_vel.py'...
Compiling '/home/basmala/mir250_ws/src/MiR250/MIR_250/install/mir_msgs/local/lib/python3.10/dist-packages/mir_msgs/msg/_local_map_stat.py'...
Compiling '/home/basmala/mir250_ws/src/MiR250/MIR_250/install/mir_msgs/local/lib/python3.10/dist-packages/mir_msgs/msg/_mir_extra.py'...
Compiling '/home/basmala/mir250_ws/src/MiR250/MIR_250/install/mir_msgs/local/lib/python3.10/dist-packages/mir_msgs/msg/_mission_ctrl_command.py'...
Compiling '/home/basmala/mir250_ws/src/MiR250/MIR_250/install/mir_msgs/local/lib/python3.10/dist-packages/mir_msgs/msg/_mission_ctrl_state.py'...
Compiling '/home/basmala/mir250_ws/src/MiR250/MIR_250/install/mir_msgs/local/lib/python3.10/dist-packages/mir_msgs/msg/_pallet_lifter_status.py'...
Compiling '/home/basmala/mir250_ws/src/MiR250/MIR_250/install/mir_msgs/local/lib/python3.10/dist-packages/mir_msgs/msg/_path.py'...
Compiling '/home/basmala/mir250_ws/src/MiR250/MIR_250/install/mir_msgs/local/lib/python3.10/dist-packages/mir_msgs/msg/_pendant.py'...
Compiling '/home/basmala/mir250_ws/src/MiR250/MIR_250/install/mir_msgs/local/lib/python3.10/dist-packages/mir_msgs/msg/_plan_segment.py'...
Compiling '/home/basmala/mir250_ws/src/MiR250/MIR_250/install/mir_msgs/local/lib/python3.10/dist-packages/mir_msgs/msg/_plan_segments.py'...
Compiling '/home/basmala/mir250_ws/src/MiR250/MIR_250/install/mir_msgs/local/lib/python3.10/dist-packages/mir_msgs/msg/_pose2_d.py'...
Compiling '/home/basmala/mir250_ws/src/MiR250/MIR_250/install/mir_msgs/local/lib/python3.10/dist-packages/mir_msgs/msg/_power_board_motor_status.py'...
Compiling '/home/basmala/mir250_ws/src/MiR250/MIR_250/install/mir_msgs/local/lib/python3.10/dist-packages/mir_msgs/msg/_proximity.py'...
Compiling '/home/basmala/mir250_ws/src/MiR250/MIR_250/install/mir_msgs/local/lib/python3.10/dist-packages/mir_msgs/msg/_resource_state.py'...
Compiling '/home/basmala/mir250_ws/src/MiR250/MIR_250/install/mir_msgs/local/lib/python3.10/dist-packages/mir_msgs/msg/_resources_state.py'...
Compiling '/home/basmala/mir250_ws/src/MiR250/MIR_250/install/mir_msgs/local/lib/python3.10/dist-packages/mir_msgs/msg/_robot_mode.py'...
Compiling '/home/basmala/mir250_ws/src/MiR250/MIR_250/install/mir_msgs/local/lib/python3.10/dist-packages/mir_msgs/msg/_robot_state.py'...
Compiling '/home/basmala/mir250_ws/src/MiR250/MIR_250/install/mir_msgs/local/lib/python3.10/dist-packages/mir_msgs/msg/_robot_status.py'...
Compiling '/home/basmala/mir250_ws/src/MiR250/MIR_250/install/mir_msgs/local/lib/python3.10/dist-packages/mir_msgs/msg/_safety_status.py'...
Compiling '/home/basmala/mir250_ws/src/MiR250/MIR_250/install/mir_msgs/local/lib/python3.10/dist-packages/mir_msgs/msg/_serial.py'...
Compiling '/home/basmala/mir250_ws/src/MiR250/MIR_250/install/mir_msgs/local/lib/python3.10/dist-packages/mir_msgs/msg/_stamped_encoders.py'...
Compiling '/home/basmala/mir250_ws/src/MiR250/MIR_250/install/mir_msgs/local/lib/python3.10/dist-packages/mir_msgs/msg/_trolley.py'...
Compiling '/home/basmala/mir250_ws/src/MiR250/MIR_250/install/mir_msgs/local/lib/python3.10/dist-packages/mir_msgs/msg/_twist2_d.py'...
Compiling '/home/basmala/mir250_ws/src/MiR250/MIR_250/install/mir_msgs/local/lib/python3.10/dist-packages/mir_msgs/msg/_user_prompt.py'...
Compiling '/home/basmala/mir250_ws/src/MiR250/MIR_250/install/mir_msgs/local/lib/python3.10/dist-packages/mir_msgs/msg/_web_path.py'...
Compiling '/home/basmala/mir250_ws/src/MiR250/MIR_250/install/mir_msgs/local/lib/python3.10/dist-packages/mir_msgs/msg/_world_map.py'...
Compiling '/home/basmala/mir250_ws/src/MiR250/MIR_250/install/mir_msgs/local/lib/python3.10/dist-packages/mir_msgs/msg/_world_model.py'...
Listing '/home/basmala/mir250_ws/src/MiR250/MIR_250/install/mir_msgs/local/lib/python3.10/dist-packages/mir_msgs/srv'...
Compiling '/home/basmala/mir250_ws/src/MiR250/MIR_250/install/mir_msgs/local/lib/python3.10/dist-packages/mir_msgs/srv/__init__.py'...
Compiling '/home/basmala/mir250_ws/src/MiR250/MIR_250/install/mir_msgs/local/lib/python3.10/dist-packages/mir_msgs/srv/_exec_mission.py'...
-- Installing: /home/basmala/mir250_ws/src/MiR250/MIR_250/install/mir_msgs/local/lib/python3.10/dist-packages/mir_msgs/mir_msgs_s__rosidl_typesupport_fastrtps_c.cpython-310-x86_64-linux-gnu.so
-- Set runtime path of "/home/basmala/mir250_ws/src/MiR250/MIR_250/install/mir_msgs/local/lib/python3.10/dist-packages/mir_msgs/mir_msgs_s__rosidl_typesupport_fastrtps_c.cpython-310-x86_64-linux-gnu.so" to ""
-- Installing: /home/basmala/mir250_ws/src/MiR250/MIR_250/install/mir_msgs/local/lib/python3.10/dist-packages/mir_msgs/mir_msgs_s__rosidl_typesupport_introspection_c.cpython-310-x86_64-linux-gnu.so
-- Set runtime path of "/home/basmala/mir250_ws/src/MiR250/MIR_250/install/mir_msgs/local/lib/python3.10/dist-packages/mir_msgs/mir_msgs_s__rosidl_typesupport_introspection_c.cpython-310-x86_64-linux-gnu.so" to ""
-- Installing: /home/basmala/mir250_ws/src/MiR250/MIR_250/install/mir_msgs/local/lib/python3.10/dist-packages/mir_msgs/mir_msgs_s__rosidl_typesupport_c.cpython-310-x86_64-linux-gnu.so
-- Set runtime path of "/home/basmala/mir250_ws/src/MiR250/MIR_250/install/mir_msgs/local/lib/python3.10/dist-packages/mir_msgs/mir_msgs_s__rosidl_typesupport_c.cpython-310-x86_64-linux-gnu.so" to ""
-- Installing: /home/basmala/mir250_ws/src/MiR250/MIR_250/install/mir_msgs/lib/libmir_msgs__rosidl_generator_py.so
-- Set runtime path of "/home/basmala/mir250_ws/src/MiR250/MIR_250/install/mir_msgs/lib/libmir_msgs__rosidl_generator_py.so" to ""
-- Installing: /home/basmala/mir250_ws/src/MiR250/MIR_250/install/mir_msgs/share/ament_index/resource_index/rust_packages/mir_msgs
-- Installing: /home/basmala/mir250_ws/src/MiR250/MIR_250/install/mir_msgs/share/mir_msgs/rust
-- Installing: /home/basmala/mir250_ws/src/MiR250/MIR_250/install/mir_msgs/share/mir_msgs/rust/Cargo.toml
-- Installing: /home/basmala/mir250_ws/src/MiR250/MIR_250/install/mir_msgs/share/mir_msgs/rust/build.rs
-- Installing: /home/basmala/mir250_ws/src/MiR250/MIR_250/install/mir_msgs/share/mir_msgs/rust/src
-- Installing: /home/basmala/mir250_ws/src/MiR250/MIR_250/install/mir_msgs/share/mir_msgs/rust/src/srv
-- Installing: /home/basmala/mir250_ws/src/MiR250/MIR_250/install/mir_msgs/share/mir_msgs/rust/src/srv/rmw.rs
-- Installing: /home/basmala/mir250_ws/src/MiR250/MIR_250/install/mir_msgs/share/mir_msgs/rust/src/msg.rs
-- Installing: /home/basmala/mir250_ws/src/MiR250/MIR_250/install/mir_msgs/share/mir_msgs/rust/src/msg
-- Installing: /home/basmala/mir250_ws/src/MiR250/MIR_250/install/mir_msgs/share/mir_msgs/rust/src/msg/rmw.rs
-- Installing: /home/basmala/mir250_ws/src/MiR250/MIR_250/install/mir_msgs/share/mir_msgs/rust/src/srv.rs
-- Installing: /home/basmala/mir250_ws/src/MiR250/MIR_250/install/mir_msgs/share/mir_msgs/rust/src/lib.rs
-- Installing: /home/basmala/mir250_ws/src/MiR250/MIR_250/install/mir_msgs/share/mir_msgs/msg/BatteryCurrents.idl
-- Installing: /home/basmala/mir250_ws/src/MiR250/MIR_250/install/mir_msgs/share/mir_msgs/msg/BMSData.idl
-- Installing: /home/basmala/mir250_ws/src/MiR250/MIR_250/install/mir_msgs/share/mir_msgs/msg/BrakeState.idl
-- Installing: /home/basmala/mir250_ws/src/MiR250/MIR_250/install/mir_msgs/share/mir_msgs/msg/ChargingState.idl
-- Installing: /home/basmala/mir250_ws/src/MiR250/MIR_250/install/mir_msgs/share/mir_msgs/msg/Device.idl
-- Installing: /home/basmala/mir250_ws/src/MiR250/MIR_250/install/mir_msgs/share/mir_msgs/msg/Devices.idl
-- Installing: /home/basmala/mir250_ws/src/MiR250/MIR_250/install/mir_msgs/share/mir_msgs/msg/Encoders.idl
-- Installing: /home/basmala/mir250_ws/src/MiR250/MIR_250/install/mir_msgs/share/mir_msgs/msg/Error.idl
-- Installing: /home/basmala/mir250_ws/src/MiR250/MIR_250/install/mir_msgs/share/mir_msgs/msg/Event.idl
-- Installing: /home/basmala/mir250_ws/src/MiR250/MIR_250/install/mir_msgs/share/mir_msgs/msg/Events.idl
-- Installing: /home/basmala/mir250_ws/src/MiR250/MIR_250/install/mir_msgs/share/mir_msgs/msg/ExternalRobot.idl
-- Installing: /home/basmala/mir250_ws/src/MiR250/MIR_250/install/mir_msgs/share/mir_msgs/msg/ExternalRobots.idl
-- Installing: /home/basmala/mir250_ws/src/MiR250/MIR_250/install/mir_msgs/share/mir_msgs/msg/Gpio.idl
-- Installing: /home/basmala/mir250_ws/src/MiR250/MIR_250/install/mir_msgs/share/mir_msgs/msg/GripperState.idl
-- Installing: /home/basmala/mir250_ws/src/MiR250/MIR_250/install/mir_msgs/share/mir_msgs/msg/HeightState.idl
-- Installing: /home/basmala/mir250_ws/src/MiR250/MIR_250/install/mir_msgs/share/mir_msgs/msg/HookExtendedStatus.idl
-- Installing: /home/basmala/mir250_ws/src/MiR250/MIR_250/install/mir_msgs/share/mir_msgs/msg/HookStatus.idl
-- Installing: /home/basmala/mir250_ws/src/MiR250/MIR_250/install/mir_msgs/share/mir_msgs/msg/IOs.idl
-- Installing: /home/basmala/mir250_ws/src/MiR250/MIR_250/install/mir_msgs/share/mir_msgs/msg/JoystickVel.idl
-- Installing: /home/basmala/mir250_ws/src/MiR250/MIR_250/install/mir_msgs/share/mir_msgs/msg/LocalMapStat.idl
-- Installing: /home/basmala/mir250_ws/src/MiR250/MIR_250/install/mir_msgs/share/mir_msgs/msg/MirExtra.idl
-- Installing: /home/basmala/mir250_ws/src/MiR250/MIR_250/install/mir_msgs/share/mir_msgs/msg/MissionCtrlCommand.idl
-- Installing: /home/basmala/mir250_ws/src/MiR250/MIR_250/install/mir_msgs/share/mir_msgs/msg/MissionCtrlState.idl
-- Installing: /home/basmala/mir250_ws/src/MiR250/MIR_250/install/mir_msgs/share/mir_msgs/msg/PalletLifterStatus.idl
-- Installing: /home/basmala/mir250_ws/src/MiR250/MIR_250/install/mir_msgs/share/mir_msgs/msg/Path.idl
-- Installing: /home/basmala/mir250_ws/src/MiR250/MIR_250/install/mir_msgs/share/mir_msgs/msg/Pendant.idl
-- Installing: /home/basmala/mir250_ws/src/MiR250/MIR_250/install/mir_msgs/share/mir_msgs/msg/PlanSegment.idl
-- Installing: /home/basmala/mir250_ws/src/MiR250/MIR_250/install/mir_msgs/share/mir_msgs/msg/PlanSegments.idl
-- Installing: /home/basmala/mir250_ws/src/MiR250/MIR_250/install/mir_msgs/share/mir_msgs/msg/Pose2D.idl
-- Installing: /home/basmala/mir250_ws/src/MiR250/MIR_250/install/mir_msgs/share/mir_msgs/msg/PowerBoardMotorStatus.idl
-- Installing: /home/basmala/mir250_ws/src/MiR250/MIR_250/install/mir_msgs/share/mir_msgs/msg/Proximity.idl
-- Installing: /home/basmala/mir250_ws/src/MiR250/MIR_250/install/mir_msgs/share/mir_msgs/msg/ResourcesState.idl
-- Installing: /home/basmala/mir250_ws/src/MiR250/MIR_250/install/mir_msgs/share/mir_msgs/msg/ResourceState.idl
-- Installing: /home/basmala/mir250_ws/src/MiR250/MIR_250/install/mir_msgs/share/mir_msgs/msg/RobotMode.idl
-- Installing: /home/basmala/mir250_ws/src/MiR250/MIR_250/install/mir_msgs/share/mir_msgs/msg/RobotState.idl
-- Installing: /home/basmala/mir250_ws/src/MiR250/MIR_250/install/mir_msgs/share/mir_msgs/msg/RobotStatus.idl
-- Installing: /home/basmala/mir250_ws/src/MiR250/MIR_250/install/mir_msgs/share/mir_msgs/msg/SafetyStatus.idl
-- Installing: /home/basmala/mir250_ws/src/MiR250/MIR_250/install/mir_msgs/share/mir_msgs/msg/Serial.idl
-- Installing: /home/basmala/mir250_ws/src/MiR250/MIR_250/install/mir_msgs/share/mir_msgs/msg/StampedEncoders.idl
-- Installing: /home/basmala/mir250_ws/src/MiR250/MIR_250/install/mir_msgs/share/mir_msgs/msg/Trolley.idl
-- Installing: /home/basmala/mir250_ws/src/MiR250/MIR_250/install/mir_msgs/share/mir_msgs/msg/Twist2D.idl
-- Installing: /home/basmala/mir250_ws/src/MiR250/MIR_250/install/mir_msgs/share/mir_msgs/msg/UserPrompt.idl
-- Installing: /home/basmala/mir250_ws/src/MiR250/MIR_250/install/mir_msgs/share/mir_msgs/msg/WebPath.idl
-- Installing: /home/basmala/mir250_ws/src/MiR250/MIR_250/install/mir_msgs/share/mir_msgs/msg/WorldMap.idl
-- Installing: /home/basmala/mir250_ws/src/MiR250/MIR_250/install/mir_msgs/share/mir_msgs/msg/WorldModel.idl
-- Installing: /home/basmala/mir250_ws/src/MiR250/MIR_250/install/mir_msgs/share/mir_msgs/srv/ExecMission.idl
-- Installing: /home/basmala/mir250_ws/src/MiR250/MIR_250/install/mir_msgs/share/mir_msgs/msg/BatteryCurrents.msg
-- Installing: /home/basmala/mir250_ws/src/MiR250/MIR_250/install/mir_msgs/share/mir_msgs/msg/BMSData.msg
-- Installing: /home/basmala/mir250_ws/src/MiR250/MIR_250/install/mir_msgs/share/mir_msgs/msg/BrakeState.msg
-- Installing: /home/basmala/mir250_ws/src/MiR250/MIR_250/install/mir_msgs/share/mir_msgs/msg/ChargingState.msg
-- Installing: /home/basmala/mir250_ws/src/MiR250/MIR_250/install/mir_msgs/share/mir_msgs/msg/Device.msg
-- Installing: /home/basmala/mir250_ws/src/MiR250/MIR_250/install/mir_msgs/share/mir_msgs/msg/Devices.msg
-- Installing: /home/basmala/mir250_ws/src/MiR250/MIR_250/install/mir_msgs/share/mir_msgs/msg/Encoders.msg
-- Installing: /home/basmala/mir250_ws/src/MiR250/MIR_250/install/mir_msgs/share/mir_msgs/msg/Error.msg
-- Installing: /home/basmala/mir250_ws/src/MiR250/MIR_250/install/mir_msgs/share/mir_msgs/msg/Event.msg
-- Installing: /home/basmala/mir250_ws/src/MiR250/MIR_250/install/mir_msgs/share/mir_msgs/msg/Events.msg
-- Installing: /home/basmala/mir250_ws/src/MiR250/MIR_250/install/mir_msgs/share/mir_msgs/msg/ExternalRobot.msg
-- Installing: /home/basmala/mir250_ws/src/MiR250/MIR_250/install/mir_msgs/share/mir_msgs/msg/ExternalRobots.msg
-- Installing: /home/basmala/mir250_ws/src/MiR250/MIR_250/install/mir_msgs/share/mir_msgs/msg/Gpio.msg
-- Installing: /home/basmala/mir250_ws/src/MiR250/MIR_250/install/mir_msgs/share/mir_msgs/msg/GripperState.msg
-- Installing: /home/basmala/mir250_ws/src/MiR250/MIR_250/install/mir_msgs/share/mir_msgs/msg/HeightState.msg
-- Installing: /home/basmala/mir250_ws/src/MiR250/MIR_250/install/mir_msgs/share/mir_msgs/msg/HookExtendedStatus.msg
-- Installing: /home/basmala/mir250_ws/src/MiR250/MIR_250/install/mir_msgs/share/mir_msgs/msg/HookStatus.msg
-- Installing: /home/basmala/mir250_ws/src/MiR250/MIR_250/install/mir_msgs/share/mir_msgs/msg/IOs.msg
-- Installing: /home/basmala/mir250_ws/src/MiR250/MIR_250/install/mir_msgs/share/mir_msgs/msg/JoystickVel.msg
-- Installing: /home/basmala/mir250_ws/src/MiR250/MIR_250/install/mir_msgs/share/mir_msgs/msg/LocalMapStat.msg
-- Installing: /home/basmala/mir250_ws/src/MiR250/MIR_250/install/mir_msgs/share/mir_msgs/msg/MirExtra.msg
-- Installing: /home/basmala/mir250_ws/src/MiR250/MIR_250/install/mir_msgs/share/mir_msgs/msg/MissionCtrlCommand.msg
-- Installing: /home/basmala/mir250_ws/src/MiR250/MIR_250/install/mir_msgs/share/mir_msgs/msg/MissionCtrlState.msg
-- Installing: /home/basmala/mir250_ws/src/MiR250/MIR_250/install/mir_msgs/share/mir_msgs/msg/PalletLifterStatus.msg
-- Installing: /home/basmala/mir250_ws/src/MiR250/MIR_250/install/mir_msgs/share/mir_msgs/msg/Path.msg
-- Installing: /home/basmala/mir250_ws/src/MiR250/MIR_250/install/mir_msgs/share/mir_msgs/msg/Pendant.msg
-- Installing: /home/basmala/mir250_ws/src/MiR250/MIR_250/install/mir_msgs/share/mir_msgs/msg/PlanSegment.msg
-- Installing: /home/basmala/mir250_ws/src/MiR250/MIR_250/install/mir_msgs/share/mir_msgs/msg/PlanSegments.msg
-- Installing: /home/basmala/mir250_ws/src/MiR250/MIR_250/install/mir_msgs/share/mir_msgs/msg/Pose2D.msg
-- Installing: /home/basmala/mir250_ws/src/MiR250/MIR_250/install/mir_msgs/share/mir_msgs/msg/PowerBoardMotorStatus.msg
-- Installing: /home/basmala/mir250_ws/src/MiR250/MIR_250/install/mir_msgs/share/mir_msgs/msg/Proximity.msg
-- Installing: /home/basmala/mir250_ws/src/MiR250/MIR_250/install/mir_msgs/share/mir_msgs/msg/ResourcesState.msg
-- Installing: /home/basmala/mir250_ws/src/MiR250/MIR_250/install/mir_msgs/share/mir_msgs/msg/ResourceState.msg
-- Installing: /home/basmala/mir250_ws/src/MiR250/MIR_250/install/mir_msgs/share/mir_msgs/msg/RobotMode.msg
-- Installing: /home/basmala/mir250_ws/src/MiR250/MIR_250/install/mir_msgs/share/mir_msgs/msg/RobotState.msg
-- Installing: /home/basmala/mir250_ws/src/MiR250/MIR_250/install/mir_msgs/share/mir_msgs/msg/RobotStatus.msg
-- Installing: /home/basmala/mir250_ws/src/MiR250/MIR_250/install/mir_msgs/share/mir_msgs/msg/SafetyStatus.msg
-- Installing: /home/basmala/mir250_ws/src/MiR250/MIR_250/install/mir_msgs/share/mir_msgs/msg/Serial.msg
-- Installing: /home/basmala/mir250_ws/src/MiR250/MIR_250/install/mir_msgs/share/mir_msgs/msg/StampedEncoders.msg
-- Installing: /home/basmala/mir250_ws/src/MiR250/MIR_250/install/mir_msgs/share/mir_msgs/msg/Trolley.msg
-- Installing: /home/basmala/mir250_ws/src/MiR250/MIR_250/install/mir_msgs/share/mir_msgs/msg/Twist2D.msg
-- Installing: /home/basmala/mir250_ws/src/MiR250/MIR_250/install/mir_msgs/share/mir_msgs/msg/UserPrompt.msg
-- Installing: /home/basmala/mir250_ws/src/MiR250/MIR_250/install/mir_msgs/share/mir_msgs/msg/WebPath.msg
-- Installing: /home/basmala/mir250_ws/src/MiR250/MIR_250/install/mir_msgs/share/mir_msgs/msg/WorldMap.msg
-- Installing: /home/basmala/mir250_ws/src/MiR250/MIR_250/install/mir_msgs/share/mir_msgs/msg/WorldModel.msg
-- Installing: /home/basmala/mir250_ws/src/MiR250/MIR_250/install/mir_msgs/share/mir_msgs/srv/ExecMission.srv
-- Installing: /home/basmala/mir250_ws/src/MiR250/MIR_250/install/mir_msgs/share/mir_msgs/srv/ExecMission_Request.msg
-- Installing: /home/basmala/mir250_ws/src/MiR250/MIR_250/install/mir_msgs/share/mir_msgs/srv/ExecMission_Response.msg
-- Installing: /home/basmala/mir250_ws/src/MiR250/MIR_250/install/mir_msgs/share/ament_index/resource_index/package_run_dependencies/mir_msgs
-- Installing: /home/basmala/mir250_ws/src/MiR250/MIR_250/install/mir_msgs/share/ament_index/resource_index/parent_prefix_path/mir_msgs
-- Installing: /home/basmala/mir250_ws/src/MiR250/MIR_250/install/mir_msgs/share/mir_msgs/environment/ament_prefix_path.sh
-- Installing: /home/basmala/mir250_ws/src/MiR250/MIR_250/install/mir_msgs/share/mir_msgs/environment/ament_prefix_path.dsv
-- Installing: /home/basmala/mir250_ws/src/MiR250/MIR_250/install/mir_msgs/share/mir_msgs/environment/path.sh
-- Installing: /home/basmala/mir250_ws/src/MiR250/MIR_250/install/mir_msgs/share/mir_msgs/environment/path.dsv
-- Installing: /home/basmala/mir250_ws/src/MiR250/MIR_250/install/mir_msgs/share/mir_msgs/local_setup.bash
-- Installing: /home/basmala/mir250_ws/src/MiR250/MIR_250/install/mir_msgs/share/mir_msgs/local_setup.sh
-- Installing: /home/basmala/mir250_ws/src/MiR250/MIR_250/install/mir_msgs/share/mir_msgs/local_setup.zsh
-- Installing: /home/basmala/mir250_ws/src/MiR250/MIR_250/install/mir_msgs/share/mir_msgs/local_setup.dsv
-- Installing: /home/basmala/mir250_ws/src/MiR250/MIR_250/install/mir_msgs/share/mir_msgs/package.dsv
-- Installing: /home/basmala/mir250_ws/src/MiR250/MIR_250/install/mir_msgs/share/ament_index/resource_index/packages/mir_msgs
-- Installing: /home/basmala/mir250_ws/src/MiR250/MIR_250/install/mir_msgs/share/mir_msgs/cmake/export_mir_msgs__rosidl_generator_cExport.cmake
-- Installing: /home/basmala/mir250_ws/src/MiR250/MIR_250/install/mir_msgs/share/mir_msgs/cmake/export_mir_msgs__rosidl_generator_cExport-noconfig.cmake
-- Installing: /home/basmala/mir250_ws/src/MiR250/MIR_250/install/mir_msgs/share/mir_msgs/cmake/export_mir_msgs__rosidl_typesupport_fastrtps_cExport.cmake
-- Installing: /home/basmala/mir250_ws/src/MiR250/MIR_250/install/mir_msgs/share/mir_msgs/cmake/export_mir_msgs__rosidl_typesupport_fastrtps_cExport-noconfig.cmake
-- Installing: /home/basmala/mir250_ws/src/MiR250/MIR_250/install/mir_msgs/share/mir_msgs/cmake/export_mir_msgs__rosidl_generator_cppExport.cmake
-- Installing: /home/basmala/mir250_ws/src/MiR250/MIR_250/install/mir_msgs/share/mir_msgs/cmake/export_mir_msgs__rosidl_typesupport_fastrtps_cppExport.cmake
-- Installing: /home/basmala/mir250_ws/src/MiR250/MIR_250/install/mir_msgs/share/mir_msgs/cmake/export_mir_msgs__rosidl_typesupport_fastrtps_cppExport-noconfig.cmake
-- Installing: /home/basmala/mir250_ws/src/MiR250/MIR_250/install/mir_msgs/share/mir_msgs/cmake/mir_msgs__rosidl_typesupport_introspection_cExport.cmake
-- Installing: /home/basmala/mir250_ws/src/MiR250/MIR_250/install/mir_msgs/share/mir_msgs/cmake/mir_msgs__rosidl_typesupport_introspection_cExport-noconfig.cmake
-- Installing: /home/basmala/mir250_ws/src/MiR250/MIR_250/install/mir_msgs/share/mir_msgs/cmake/mir_msgs__rosidl_typesupport_cExport.cmake
-- Installing: /home/basmala/mir250_ws/src/MiR250/MIR_250/install/mir_msgs/share/mir_msgs/cmake/mir_msgs__rosidl_typesupport_cExport-noconfig.cmake
-- Installing: /home/basmala/mir250_ws/src/MiR250/MIR_250/install/mir_msgs/share/mir_msgs/cmake/mir_msgs__rosidl_typesupport_introspection_cppExport.cmake
-- Installing: /home/basmala/mir250_ws/src/MiR250/MIR_250/install/mir_msgs/share/mir_msgs/cmake/mir_msgs__rosidl_typesupport_introspection_cppExport-noconfig.cmake
-- Installing: /home/basmala/mir250_ws/src/MiR250/MIR_250/install/mir_msgs/share/mir_msgs/cmake/mir_msgs__rosidl_typesupport_cppExport.cmake
-- Installing: /home/basmala/mir250_ws/src/MiR250/MIR_250/install/mir_msgs/share/mir_msgs/cmake/mir_msgs__rosidl_typesupport_cppExport-noconfig.cmake
-- Installing: /home/basmala/mir250_ws/src/MiR250/MIR_250/install/mir_msgs/share/mir_msgs/cmake/export_mir_msgs__rosidl_generator_pyExport.cmake
-- Installing: /home/basmala/mir250_ws/src/MiR250/MIR_250/install/mir_msgs/share/mir_msgs/cmake/export_mir_msgs__rosidl_generator_pyExport-noconfig.cmake
-- Installing: /home/basmala/mir250_ws/src/MiR250/MIR_250/install/mir_msgs/share/mir_msgs/cmake/rosidl_cmake-extras.cmake
-- Installing: /home/basmala/mir250_ws/src/MiR250/MIR_250/install/mir_msgs/share/mir_msgs/cmake/ament_cmake_export_dependencies-extras.cmake
-- Installing: /home/basmala/mir250_ws/src/MiR250/MIR_250/install/mir_msgs/share/mir_msgs/cmake/ament_cmake_export_include_directories-extras.cmake
-- Installing: /home/basmala/mir250_ws/src/MiR250/MIR_250/install/mir_msgs/share/mir_msgs/cmake/ament_cmake_export_libraries-extras.cmake
-- Installing: /home/basmala/mir250_ws/src/MiR250/MIR_250/install/mir_msgs/share/mir_msgs/cmake/ament_cmake_export_targets-extras.cmake
-- Installing: /home/basmala/mir250_ws/src/MiR250/MIR_250/install/mir_msgs/share/mir_msgs/cmake/rosidl_cmake_export_typesupport_targets-extras.cmake
-- Installing: /home/basmala/mir250_ws/src/MiR250/MIR_250/install/mir_msgs/share/mir_msgs/cmake/rosidl_cmake_export_typesupport_libraries-extras.cmake
-- Installing: /home/basmala/mir250_ws/src/MiR250/MIR_250/install/mir_msgs/share/mir_msgs/cmake/mir_msgsConfig.cmake
-- Installing: /home/basmala/mir250_ws/src/MiR250/MIR_250/install/mir_msgs/share/mir_msgs/cmake/mir_msgsConfig-version.cmake
-- Installing: /home/basmala/mir250_ws/src/MiR250/MIR_250/install/mir_msgs/share/mir_msgs/package.xml
