[0.034s] Invoking command in '/home/basmala/mir250_ws/src/MiR250/MIR_250/build/mir_msgs': CMAKE_PREFIX_PATH=${CMAKE_PREFIX_PATH}:/home/basmala/mir250_ws/src/MiR250/MIR_250/install/mir_restapi:/home/basmala/mir250_ws/src/MiR250/MIR_250/install/mir_manual_navigation:/home/basmala/mir250_ws/src/MiR250/MIR_250/install/graph_based_navigation_system:/home/basmala/mir250_ws/src/MiR250/MIR_250/install/mir_driver:/home/basmala/mir250_ws/install/mir_restapi:/home/basmala/mir250_ws/install/mir_manual_navigation:/home/basmala/mir250_ws/install/graph_based_navigation_system:/home/basmala/mir250_ws/install/mir_driver:/opt/ros/humble /usr/bin/cmake /home/basmala/mir250_ws/src/MiR250/MIR_250/mir_msgs -DCMAKE_INSTALL_PREFIX=/home/basmala/mir250_ws/src/MiR250/MIR_250/install/mir_msgs
[0.307s] -- The C compiler identification is GNU 11.4.0
[0.308s] -- The CXX compiler identification is GNU 11.4.0
[0.308s] -- Detecting C compiler ABI info
[0.372s] -- Detecting C compiler ABI info - done
[0.384s] -- Check for working C compiler: /usr/bin/cc - skipped
[0.384s] -- Detecting C compile features
[0.385s] -- Detecting C compile features - done
[0.389s] -- Detecting CXX compiler ABI info
[0.516s] -- Detecting CXX compiler ABI info - done
[0.529s] -- Check for working CXX compiler: /usr/bin/c++ - skipped
[0.530s] -- Detecting CXX compile features
[0.530s] -- Detecting CXX compile features - done
[0.536s] -- Found ament_cmake: 1.3.14 (/opt/ros/humble/share/ament_cmake/cmake)
[0.800s] -- Found Python3: /usr/bin/python3 (found version "3.10.12") found components: Interpreter 
[0.975s] -- Found builtin_interfaces: 1.2.2 (/opt/ros/humble/share/builtin_interfaces/cmake)
[1.040s] -- Found rosidl_generator_c: 3.1.8 (/opt/ros/humble/share/rosidl_generator_c/cmake)
[1.052s] -- Found rosidl_adapter: 3.1.8 (/opt/ros/humble/share/rosidl_adapter/cmake)
[1.071s] -- Found rosidl_generator_cpp: 3.1.8 (/opt/ros/humble/share/rosidl_generator_cpp/cmake)
[1.104s] -- Using all available rosidl_typesupport_c: rosidl_typesupport_fastrtps_c;rosidl_typesupport_introspection_c
[1.149s] -- Using all available rosidl_typesupport_cpp: rosidl_typesupport_fastrtps_cpp;rosidl_typesupport_introspection_cpp
[1.186s] -- Found rosidl_default_generators: 1.2.1 (/opt/ros/humble/share/rosidl_default_generators/cmake)
[1.227s] -- Found geometry_msgs: 4.9.1 (/opt/ros/humble/share/geometry_msgs/cmake)
[2.061s] -- Found ament_cmake_ros: 0.10.0 (/opt/ros/humble/share/ament_cmake_ros/cmake)
[2.642s] -- Using all available rosidl_typesupport_c: rosidl_typesupport_fastrtps_c;rosidl_typesupport_introspection_c
[2.897s] -- Using all available rosidl_typesupport_cpp: rosidl_typesupport_fastrtps_cpp;rosidl_typesupport_introspection_cpp
[2.937s] -- Found PythonInterp: /usr/bin/python3 (found suitable version "3.10.12", minimum required is "3.6") 
[2.939s] -- Found python_cmake_module: 0.10.0 (/opt/ros/humble/share/python_cmake_module/cmake)
[2.973s] -- Found PythonLibs: /usr/lib/x86_64-linux-gnu/libpython3.10.so (found suitable version "3.10.12", minimum required is "3.5") 
[2.973s] -- Using PYTHON_EXECUTABLE: /usr/bin/python3
[2.973s] -- Using PYTHON_INCLUDE_DIRS: /usr/include/python3.10
[2.974s] -- Using PYTHON_LIBRARIES: /usr/lib/x86_64-linux-gnu/libpython3.10.so
[3.002s] -- Found PythonExtra: .so  
[3.330s] -- Configuring done
[3.582s] -- Generating done
[3.627s] -- Build files have been written to: /home/basmala/mir250_ws/src/MiR250/MIR_250/build/mir_msgs
[3.644s] Invoked command in '/home/basmala/mir250_ws/src/MiR250/MIR_250/build/mir_msgs' returned '0': CMAKE_PREFIX_PATH=${CMAKE_PREFIX_PATH}:/home/basmala/mir250_ws/src/MiR250/MIR_250/install/mir_restapi:/home/basmala/mir250_ws/src/MiR250/MIR_250/install/mir_manual_navigation:/home/basmala/mir250_ws/src/MiR250/MIR_250/install/graph_based_navigation_system:/home/basmala/mir250_ws/src/MiR250/MIR_250/install/mir_driver:/home/basmala/mir250_ws/install/mir_restapi:/home/basmala/mir250_ws/install/mir_manual_navigation:/home/basmala/mir250_ws/install/graph_based_navigation_system:/home/basmala/mir250_ws/install/mir_driver:/opt/ros/humble /usr/bin/cmake /home/basmala/mir250_ws/src/MiR250/MIR_250/mir_msgs -DCMAKE_INSTALL_PREFIX=/home/basmala/mir250_ws/src/MiR250/MIR_250/install/mir_msgs
[3.647s] Invoking command in '/home/basmala/mir250_ws/src/MiR250/MIR_250/build/mir_msgs': CMAKE_PREFIX_PATH=${CMAKE_PREFIX_PATH}:/home/basmala/mir250_ws/src/MiR250/MIR_250/install/mir_restapi:/home/basmala/mir250_ws/src/MiR250/MIR_250/install/mir_manual_navigation:/home/basmala/mir250_ws/src/MiR250/MIR_250/install/graph_based_navigation_system:/home/basmala/mir250_ws/src/MiR250/MIR_250/install/mir_driver:/home/basmala/mir250_ws/install/mir_restapi:/home/basmala/mir250_ws/install/mir_manual_navigation:/home/basmala/mir250_ws/install/graph_based_navigation_system:/home/basmala/mir250_ws/install/mir_driver:/opt/ros/humble /usr/bin/cmake --build /home/basmala/mir250_ws/src/MiR250/MIR_250/build/mir_msgs -- -j20 -l20
[3.841s] [  0%] [34m[1mGenerating C code for ROS interfaces[0m
[3.861s] [  1%] [34m[1mGenerating Rust code for ROS interfaces[0m
[3.865s] [  1%] [34m[1mGenerating C++ code for ROS interfaces[0m
[3.878s] [  1%] Built target ament_cmake_python_copy_mir_msgs
[4.490s] running egg_info
[4.490s] creating mir_msgs.egg-info
[4.496s] writing mir_msgs.egg-info/PKG-INFO
[4.497s] writing dependency_links to mir_msgs.egg-info/dependency_links.txt
[4.507s] writing top-level names to mir_msgs.egg-info/top_level.txt
[4.508s] writing manifest file 'mir_msgs.egg-info/SOURCES.txt'
[4.517s] reading manifest file 'mir_msgs.egg-info/SOURCES.txt'
[4.519s] writing manifest file 'mir_msgs.egg-info/SOURCES.txt'
[4.634s] [  1%] Built target ament_cmake_python_build_mir_msgs_egg
[8.482s] [  1%] Built target mir_msgs__rs
[9.841s] [  1%] Built target mir_msgs__cpp
[9.863s] [  1%] [34m[1mGenerating C++ type support dispatch for ROS interfaces[0m
[9.864s] [  1%] [34m[1mGenerating C++ introspection for ROS interfaces[0m
[9.865s] [  1%] [34m[1mGenerating C++ type support for eProsima Fast-RTPS[0m
[10.679s] [  1%] [32mBuilding C object CMakeFiles/mir_msgs__rosidl_generator_c.dir/rosidl_generator_c/mir_msgs/msg/detail/bms_data__functions.c.o[0m
[10.680s] [  1%] [32mBuilding C object CMakeFiles/mir_msgs__rosidl_generator_c.dir/rosidl_generator_c/mir_msgs/msg/detail/brake_state__functions.c.o[0m
[10.680s] [  1%] [32mBuilding C object CMakeFiles/mir_msgs__rosidl_generator_c.dir/rosidl_generator_c/mir_msgs/msg/detail/charging_state__functions.c.o[0m
[10.683s] [  1%] [32mBuilding C object CMakeFiles/mir_msgs__rosidl_generator_c.dir/rosidl_generator_c/mir_msgs/msg/detail/devices__functions.c.o[0m
[10.683s] [  1%] [32mBuilding C object CMakeFiles/mir_msgs__rosidl_generator_c.dir/rosidl_generator_c/mir_msgs/msg/detail/error__functions.c.o[0m
[10.684s] [  2%] [32mBuilding C object CMakeFiles/mir_msgs__rosidl_generator_c.dir/rosidl_generator_c/mir_msgs/msg/detail/event__functions.c.o[0m
[10.684s] [  2%] [32mBuilding C object CMakeFiles/mir_msgs__rosidl_generator_c.dir/rosidl_generator_c/mir_msgs/msg/detail/events__functions.c.o[0m
[10.684s] [  3%] [32mBuilding C object CMakeFiles/mir_msgs__rosidl_generator_c.dir/rosidl_generator_c/mir_msgs/msg/detail/battery_currents__functions.c.o[0m
[10.686s] [  4%] [32mBuilding C object CMakeFiles/mir_msgs__rosidl_generator_c.dir/rosidl_generator_c/mir_msgs/msg/detail/device__functions.c.o[0m
[10.690s] [  4%] [32mBuilding C object CMakeFiles/mir_msgs__rosidl_generator_c.dir/rosidl_generator_c/mir_msgs/msg/detail/external_robot__functions.c.o[0m
[10.690s] [  4%] [32mBuilding C object CMakeFiles/mir_msgs__rosidl_generator_c.dir/rosidl_generator_c/mir_msgs/msg/detail/encoders__functions.c.o[0m
[10.696s] [  4%] [32mBuilding C object CMakeFiles/mir_msgs__rosidl_generator_c.dir/rosidl_generator_c/mir_msgs/msg/detail/external_robots__functions.c.o[0m
[10.696s] [  4%] [32mBuilding C object CMakeFiles/mir_msgs__rosidl_generator_c.dir/rosidl_generator_c/mir_msgs/msg/detail/hook_extended_status__functions.c.o[0m
[10.696s] [  5%] [32mBuilding C object CMakeFiles/mir_msgs__rosidl_generator_c.dir/rosidl_generator_c/mir_msgs/msg/detail/hook_status__functions.c.o[0m
[10.697s] [  5%] [32mBuilding C object CMakeFiles/mir_msgs__rosidl_generator_c.dir/rosidl_generator_c/mir_msgs/msg/detail/height_state__functions.c.o[0m
[10.700s] [  6%] [32mBuilding C object CMakeFiles/mir_msgs__rosidl_generator_c.dir/rosidl_generator_c/mir_msgs/msg/detail/gpio__functions.c.o[0m
[10.703s] [  6%] [32mBuilding C object CMakeFiles/mir_msgs__rosidl_generator_c.dir/rosidl_generator_c/mir_msgs/msg/detail/gripper_state__functions.c.o[0m
[10.802s] [  6%] [32mBuilding C object CMakeFiles/mir_msgs__rosidl_generator_c.dir/rosidl_generator_c/mir_msgs/msg/detail/joystick_vel__functions.c.o[0m
[10.813s] [  6%] [32mBuilding C object CMakeFiles/mir_msgs__rosidl_generator_c.dir/rosidl_generator_c/mir_msgs/msg/detail/i_os__functions.c.o[0m
[10.815s] [  6%] [32mBuilding C object CMakeFiles/mir_msgs__rosidl_generator_c.dir/rosidl_generator_c/mir_msgs/msg/detail/local_map_stat__functions.c.o[0m
[10.818s] [  6%] [32mBuilding C object CMakeFiles/mir_msgs__rosidl_generator_c.dir/rosidl_generator_c/mir_msgs/msg/detail/mission_ctrl_command__functions.c.o[0m
[10.819s] [  7%] [32mBuilding C object CMakeFiles/mir_msgs__rosidl_generator_c.dir/rosidl_generator_c/mir_msgs/msg/detail/mir_extra__functions.c.o[0m
[10.826s] [  7%] [32mBuilding C object CMakeFiles/mir_msgs__rosidl_generator_c.dir/rosidl_generator_c/mir_msgs/msg/detail/pallet_lifter_status__functions.c.o[0m
[10.835s] [  7%] [32mBuilding C object CMakeFiles/mir_msgs__rosidl_generator_c.dir/rosidl_generator_c/mir_msgs/msg/detail/pendant__functions.c.o[0m
[10.835s] [  8%] [32mBuilding C object CMakeFiles/mir_msgs__rosidl_generator_c.dir/rosidl_generator_c/mir_msgs/msg/detail/path__functions.c.o[0m
[10.836s] [  8%] [32mBuilding C object CMakeFiles/mir_msgs__rosidl_generator_c.dir/rosidl_generator_c/mir_msgs/msg/detail/mission_ctrl_state__functions.c.o[0m
[10.849s] [  8%] [32mBuilding C object CMakeFiles/mir_msgs__rosidl_generator_c.dir/rosidl_generator_c/mir_msgs/msg/detail/plan_segment__functions.c.o[0m
[10.860s] [  8%] [32mBuilding C object CMakeFiles/mir_msgs__rosidl_generator_c.dir/rosidl_generator_c/mir_msgs/msg/detail/power_board_motor_status__functions.c.o[0m
[10.871s] [  8%] [32mBuilding C object CMakeFiles/mir_msgs__rosidl_generator_c.dir/rosidl_generator_c/mir_msgs/msg/detail/plan_segments__functions.c.o[0m
[10.873s] [  9%] [32mBuilding C object CMakeFiles/mir_msgs__rosidl_generator_c.dir/rosidl_generator_c/mir_msgs/msg/detail/pose2_d__functions.c.o[0m
[10.877s] [  9%] [32mBuilding C object CMakeFiles/mir_msgs__rosidl_generator_c.dir/rosidl_generator_c/mir_msgs/msg/detail/proximity__functions.c.o[0m
[10.881s] [  9%] [32mBuilding C object CMakeFiles/mir_msgs__rosidl_generator_c.dir/rosidl_generator_c/mir_msgs/msg/detail/resources_state__functions.c.o[0m
[10.890s] [ 10%] [32mBuilding C object CMakeFiles/mir_msgs__rosidl_generator_c.dir/rosidl_generator_c/mir_msgs/msg/detail/resource_state__functions.c.o[0m
[10.922s] [ 10%] [32mBuilding C object CMakeFiles/mir_msgs__rosidl_generator_c.dir/rosidl_generator_c/mir_msgs/msg/detail/robot_mode__functions.c.o[0m
[10.941s] [ 10%] [32mBuilding C object CMakeFiles/mir_msgs__rosidl_generator_c.dir/rosidl_generator_c/mir_msgs/msg/detail/robot_state__functions.c.o[0m
[10.945s] [ 10%] [32mBuilding C object CMakeFiles/mir_msgs__rosidl_generator_c.dir/rosidl_generator_c/mir_msgs/msg/detail/robot_status__functions.c.o[0m
[10.961s] [ 10%] [32mBuilding C object CMakeFiles/mir_msgs__rosidl_generator_c.dir/rosidl_generator_c/mir_msgs/msg/detail/serial__functions.c.o[0m
[10.973s] [ 11%] [32mBuilding C object CMakeFiles/mir_msgs__rosidl_generator_c.dir/rosidl_generator_c/mir_msgs/msg/detail/safety_status__functions.c.o[0m
[10.973s] [ 11%] [32mBuilding C object CMakeFiles/mir_msgs__rosidl_generator_c.dir/rosidl_generator_c/mir_msgs/msg/detail/stamped_encoders__functions.c.o[0m
[10.984s] [ 12%] [32mBuilding C object CMakeFiles/mir_msgs__rosidl_generator_c.dir/rosidl_generator_c/mir_msgs/msg/detail/twist2_d__functions.c.o[0m
[10.984s] [ 12%] [32mBuilding C object CMakeFiles/mir_msgs__rosidl_generator_c.dir/rosidl_generator_c/mir_msgs/msg/detail/trolley__functions.c.o[0m
[10.989s] [ 12%] [32mBuilding C object CMakeFiles/mir_msgs__rosidl_generator_c.dir/rosidl_generator_c/mir_msgs/msg/detail/web_path__functions.c.o[0m
[11.004s] [ 12%] [32mBuilding C object CMakeFiles/mir_msgs__rosidl_generator_c.dir/rosidl_generator_c/mir_msgs/msg/detail/user_prompt__functions.c.o[0m
[11.009s] [ 12%] [32mBuilding C object CMakeFiles/mir_msgs__rosidl_generator_c.dir/rosidl_generator_c/mir_msgs/msg/detail/world_map__functions.c.o[0m
[11.015s] [ 12%] [32mBuilding C object CMakeFiles/mir_msgs__rosidl_generator_c.dir/rosidl_generator_c/mir_msgs/srv/detail/exec_mission__functions.c.o[0m
[11.022s] [ 13%] [32mBuilding C object CMakeFiles/mir_msgs__rosidl_generator_c.dir/rosidl_generator_c/mir_msgs/msg/detail/world_model__functions.c.o[0m
[11.127s] [ 13%] [32m[1mLinking C shared library libmir_msgs__rosidl_generator_c.so[0m
[11.203s] [ 13%] Built target mir_msgs__rosidl_generator_c
[11.221s] [ 14%] [34m[1mGenerating C type support for eProsima Fast-RTPS[0m
[11.224s] [ 15%] [34m[1mGenerating C introspection for ROS interfaces[0m
[11.225s] [ 16%] [34m[1mGenerating C type support dispatch for ROS interfaces[0m
[14.346s] [ 16%] [32mBuilding CXX object CMakeFiles/mir_msgs__rosidl_typesupport_c.dir/rosidl_typesupport_c/mir_msgs/msg/brake_state__type_support.cpp.o[0m
[14.347s] [ 16%] [32mBuilding CXX object CMakeFiles/mir_msgs__rosidl_typesupport_c.dir/rosidl_typesupport_c/mir_msgs/msg/battery_currents__type_support.cpp.o[0m
[14.348s] [ 16%] [32mBuilding CXX object CMakeFiles/mir_msgs__rosidl_typesupport_c.dir/rosidl_typesupport_c/mir_msgs/msg/encoders__type_support.cpp.o[0m
[14.351s] [ 17%] [32mBuilding CXX object CMakeFiles/mir_msgs__rosidl_typesupport_c.dir/rosidl_typesupport_c/mir_msgs/msg/events__type_support.cpp.o[0m
[14.352s] [ 17%] [32mBuilding CXX object CMakeFiles/mir_msgs__rosidl_typesupport_c.dir/rosidl_typesupport_c/mir_msgs/msg/devices__type_support.cpp.o[0m
[14.352s] [ 18%] [32mBuilding CXX object CMakeFiles/mir_msgs__rosidl_typesupport_c.dir/rosidl_typesupport_c/mir_msgs/msg/charging_state__type_support.cpp.o[0m
[14.352s] [ 18%] [32mBuilding CXX object CMakeFiles/mir_msgs__rosidl_typesupport_c.dir/rosidl_typesupport_c/mir_msgs/msg/event__type_support.cpp.o[0m
[14.353s] [ 18%] [32mBuilding CXX object CMakeFiles/mir_msgs__rosidl_typesupport_c.dir/rosidl_typesupport_c/mir_msgs/msg/error__type_support.cpp.o[0m
[14.353s] [ 18%] [32mBuilding CXX object CMakeFiles/mir_msgs__rosidl_typesupport_c.dir/rosidl_typesupport_c/mir_msgs/msg/device__type_support.cpp.o[0m
[14.353s] [ 19%] [32mBuilding CXX object CMakeFiles/mir_msgs__rosidl_typesupport_c.dir/rosidl_typesupport_c/mir_msgs/msg/external_robots__type_support.cpp.o[0m
[14.353s] [ 19%] [32mBuilding CXX object CMakeFiles/mir_msgs__rosidl_typesupport_c.dir/rosidl_typesupport_c/mir_msgs/msg/bms_data__type_support.cpp.o[0m
[14.356s] [ 19%] [32mBuilding CXX object CMakeFiles/mir_msgs__rosidl_typesupport_c.dir/rosidl_typesupport_c/mir_msgs/msg/gpio__type_support.cpp.o[0m
[14.359s] [ 19%] [32mBuilding CXX object CMakeFiles/mir_msgs__rosidl_typesupport_c.dir/rosidl_typesupport_c/mir_msgs/msg/external_robot__type_support.cpp.o[0m
[14.363s] [ 19%] [32mBuilding CXX object CMakeFiles/mir_msgs__rosidl_typesupport_c.dir/rosidl_typesupport_c/mir_msgs/msg/gripper_state__type_support.cpp.o[0m
[14.366s] [ 19%] [32mBuilding CXX object CMakeFiles/mir_msgs__rosidl_typesupport_c.dir/rosidl_typesupport_c/mir_msgs/msg/height_state__type_support.cpp.o[0m
[14.416s] [ 19%] [32mBuilding CXX object CMakeFiles/mir_msgs__rosidl_typesupport_c.dir/rosidl_typesupport_c/mir_msgs/msg/hook_status__type_support.cpp.o[0m
[14.418s] [ 19%] [32mBuilding CXX object CMakeFiles/mir_msgs__rosidl_typesupport_c.dir/rosidl_typesupport_c/mir_msgs/msg/i_os__type_support.cpp.o[0m
[14.423s] [ 19%] [32mBuilding CXX object CMakeFiles/mir_msgs__rosidl_typesupport_c.dir/rosidl_typesupport_c/mir_msgs/msg/joystick_vel__type_support.cpp.o[0m
[14.427s] [ 20%] [32mBuilding CXX object CMakeFiles/mir_msgs__rosidl_typesupport_c.dir/rosidl_typesupport_c/mir_msgs/msg/local_map_stat__type_support.cpp.o[0m
[14.427s] [ 21%] [32mBuilding CXX object CMakeFiles/mir_msgs__rosidl_typesupport_c.dir/rosidl_typesupport_c/mir_msgs/msg/hook_extended_status__type_support.cpp.o[0m
[14.431s] [ 21%] [32mBuilding CXX object CMakeFiles/mir_msgs__rosidl_typesupport_c.dir/rosidl_typesupport_c/mir_msgs/msg/mir_extra__type_support.cpp.o[0m
[14.437s] [ 21%] [32mBuilding CXX object CMakeFiles/mir_msgs__rosidl_typesupport_c.dir/rosidl_typesupport_c/mir_msgs/msg/mission_ctrl_command__type_support.cpp.o[0m
[14.442s] [ 21%] [32mBuilding CXX object CMakeFiles/mir_msgs__rosidl_typesupport_c.dir/rosidl_typesupport_c/mir_msgs/msg/mission_ctrl_state__type_support.cpp.o[0m
[14.462s] [ 21%] [32mBuilding CXX object CMakeFiles/mir_msgs__rosidl_typesupport_c.dir/rosidl_typesupport_c/mir_msgs/msg/path__type_support.cpp.o[0m
[14.465s] [ 22%] [32mBuilding CXX object CMakeFiles/mir_msgs__rosidl_typesupport_c.dir/rosidl_typesupport_c/mir_msgs/msg/pallet_lifter_status__type_support.cpp.o[0m
[14.476s] [ 22%] [32mBuilding CXX object CMakeFiles/mir_msgs__rosidl_typesupport_c.dir/rosidl_typesupport_c/mir_msgs/msg/plan_segment__type_support.cpp.o[0m
[14.481s] [ 22%] [32mBuilding CXX object CMakeFiles/mir_msgs__rosidl_typesupport_c.dir/rosidl_typesupport_c/mir_msgs/msg/pendant__type_support.cpp.o[0m
[14.503s] [ 23%] [32mBuilding CXX object CMakeFiles/mir_msgs__rosidl_typesupport_c.dir/rosidl_typesupport_c/mir_msgs/msg/plan_segments__type_support.cpp.o[0m
[14.507s] [ 23%] [32mBuilding CXX object CMakeFiles/mir_msgs__rosidl_typesupport_c.dir/rosidl_typesupport_c/mir_msgs/msg/pose2_d__type_support.cpp.o[0m
[14.516s] [ 23%] [32mBuilding CXX object CMakeFiles/mir_msgs__rosidl_typesupport_c.dir/rosidl_typesupport_c/mir_msgs/msg/power_board_motor_status__type_support.cpp.o[0m
[14.525s] [ 23%] [32mBuilding CXX object CMakeFiles/mir_msgs__rosidl_typesupport_c.dir/rosidl_typesupport_c/mir_msgs/msg/proximity__type_support.cpp.o[0m
[14.535s] [ 24%] [32mBuilding CXX object CMakeFiles/mir_msgs__rosidl_typesupport_c.dir/rosidl_typesupport_c/mir_msgs/msg/resources_state__type_support.cpp.o[0m
[14.542s] [ 24%] [32mBuilding CXX object CMakeFiles/mir_msgs__rosidl_typesupport_c.dir/rosidl_typesupport_c/mir_msgs/msg/resource_state__type_support.cpp.o[0m
[14.545s] [ 24%] [32mBuilding CXX object CMakeFiles/mir_msgs__rosidl_typesupport_c.dir/rosidl_typesupport_c/mir_msgs/msg/robot_mode__type_support.cpp.o[0m
[14.546s] [ 24%] [32mBuilding CXX object CMakeFiles/mir_msgs__rosidl_typesupport_c.dir/rosidl_typesupport_c/mir_msgs/msg/robot_state__type_support.cpp.o[0m
[14.550s] [ 24%] [32mBuilding CXX object CMakeFiles/mir_msgs__rosidl_typesupport_c.dir/rosidl_typesupport_c/mir_msgs/msg/safety_status__type_support.cpp.o[0m
[14.555s] [ 25%] [32mBuilding CXX object CMakeFiles/mir_msgs__rosidl_typesupport_c.dir/rosidl_typesupport_c/mir_msgs/msg/robot_status__type_support.cpp.o[0m
[14.572s] [ 25%] [32mBuilding CXX object CMakeFiles/mir_msgs__rosidl_typesupport_c.dir/rosidl_typesupport_c/mir_msgs/msg/stamped_encoders__type_support.cpp.o[0m
[14.573s] [ 26%] [32mBuilding CXX object CMakeFiles/mir_msgs__rosidl_typesupport_c.dir/rosidl_typesupport_c/mir_msgs/msg/trolley__type_support.cpp.o[0m
[14.584s] [ 26%] [32mBuilding CXX object CMakeFiles/mir_msgs__rosidl_typesupport_c.dir/rosidl_typesupport_c/mir_msgs/msg/twist2_d__type_support.cpp.o[0m
[14.584s] [ 26%] [32mBuilding CXX object CMakeFiles/mir_msgs__rosidl_typesupport_c.dir/rosidl_typesupport_c/mir_msgs/msg/serial__type_support.cpp.o[0m
[14.605s] [ 26%] [32mBuilding CXX object CMakeFiles/mir_msgs__rosidl_typesupport_c.dir/rosidl_typesupport_c/mir_msgs/msg/user_prompt__type_support.cpp.o[0m
[14.615s] [ 27%] [32mBuilding CXX object CMakeFiles/mir_msgs__rosidl_typesupport_c.dir/rosidl_typesupport_c/mir_msgs/msg/world_map__type_support.cpp.o[0m
[14.615s] [ 27%] [32mBuilding CXX object CMakeFiles/mir_msgs__rosidl_typesupport_c.dir/rosidl_typesupport_c/mir_msgs/msg/web_path__type_support.cpp.o[0m
[14.627s] [ 27%] [32mBuilding CXX object CMakeFiles/mir_msgs__rosidl_typesupport_c.dir/rosidl_typesupport_c/mir_msgs/msg/world_model__type_support.cpp.o[0m
[14.650s] [ 27%] [32mBuilding CXX object CMakeFiles/mir_msgs__rosidl_typesupport_c.dir/rosidl_typesupport_c/mir_msgs/srv/exec_mission__type_support.cpp.o[0m
[14.731s] [ 27%] [32m[1mLinking CXX shared library libmir_msgs__rosidl_typesupport_c.so[0m
[14.774s] [ 28%] [32mBuilding CXX object CMakeFiles/mir_msgs__rosidl_typesupport_cpp.dir/rosidl_typesupport_cpp/mir_msgs/msg/battery_currents__type_support.cpp.o[0m
[14.775s] [ 28%] [32mBuilding CXX object CMakeFiles/mir_msgs__rosidl_typesupport_cpp.dir/rosidl_typesupport_cpp/mir_msgs/msg/bms_data__type_support.cpp.o[0m
[14.781s] [ 29%] [32mBuilding CXX object CMakeFiles/mir_msgs__rosidl_typesupport_cpp.dir/rosidl_typesupport_cpp/mir_msgs/msg/device__type_support.cpp.o[0m
[14.781s] [ 29%] [32mBuilding CXX object CMakeFiles/mir_msgs__rosidl_typesupport_cpp.dir/rosidl_typesupport_cpp/mir_msgs/msg/charging_state__type_support.cpp.o[0m
[14.781s] [ 29%] [32mBuilding CXX object CMakeFiles/mir_msgs__rosidl_typesupport_cpp.dir/rosidl_typesupport_cpp/mir_msgs/msg/devices__type_support.cpp.o[0m
[14.783s] [ 29%] [32mBuilding CXX object CMakeFiles/mir_msgs__rosidl_typesupport_cpp.dir/rosidl_typesupport_cpp/mir_msgs/msg/encoders__type_support.cpp.o[0m
[14.787s] [ 29%] [32mBuilding CXX object CMakeFiles/mir_msgs__rosidl_typesupport_cpp.dir/rosidl_typesupport_cpp/mir_msgs/msg/error__type_support.cpp.o[0m
[14.787s] [ 30%] [32mBuilding CXX object CMakeFiles/mir_msgs__rosidl_typesupport_cpp.dir/rosidl_typesupport_cpp/mir_msgs/msg/event__type_support.cpp.o[0m
[14.790s] [ 30%] [32mBuilding CXX object CMakeFiles/mir_msgs__rosidl_typesupport_cpp.dir/rosidl_typesupport_cpp/mir_msgs/msg/brake_state__type_support.cpp.o[0m
[14.795s] [ 30%] [32mBuilding CXX object CMakeFiles/mir_msgs__rosidl_typesupport_cpp.dir/rosidl_typesupport_cpp/mir_msgs/msg/events__type_support.cpp.o[0m
[14.795s] [ 30%] [32mBuilding CXX object CMakeFiles/mir_msgs__rosidl_typesupport_cpp.dir/rosidl_typesupport_cpp/mir_msgs/msg/external_robots__type_support.cpp.o[0m
[14.801s] [ 30%] [32mBuilding CXX object CMakeFiles/mir_msgs__rosidl_typesupport_cpp.dir/rosidl_typesupport_cpp/mir_msgs/msg/gripper_state__type_support.cpp.o[0m
[14.813s] [ 30%] [32mBuilding CXX object CMakeFiles/mir_msgs__rosidl_typesupport_cpp.dir/rosidl_typesupport_cpp/mir_msgs/msg/external_robot__type_support.cpp.o[0m
[14.813s] [ 30%] [32mBuilding CXX object CMakeFiles/mir_msgs__rosidl_typesupport_cpp.dir/rosidl_typesupport_cpp/mir_msgs/msg/height_state__type_support.cpp.o[0m
[14.813s] [ 31%] [32mBuilding CXX object CMakeFiles/mir_msgs__rosidl_typesupport_cpp.dir/rosidl_typesupport_cpp/mir_msgs/msg/gpio__type_support.cpp.o[0m
[14.835s] [ 32%] [32mBuilding CXX object CMakeFiles/mir_msgs__rosidl_typesupport_introspection_cpp.dir/rosidl_typesupport_introspection_cpp/mir_msgs/msg/detail/battery_currents__type_support.cpp.o[0m
[14.920s] [ 32%] Built target mir_msgs__rosidl_typesupport_c
[14.961s] [ 32%] [32mBuilding CXX object CMakeFiles/mir_msgs__rosidl_typesupport_cpp.dir/rosidl_typesupport_cpp/mir_msgs/msg/hook_extended_status__type_support.cpp.o[0m
[15.529s] [ 33%] [32mBuilding CXX object CMakeFiles/mir_msgs__rosidl_typesupport_cpp.dir/rosidl_typesupport_cpp/mir_msgs/msg/hook_status__type_support.cpp.o[0m
[15.540s] [ 33%] [32mBuilding CXX object CMakeFiles/mir_msgs__rosidl_typesupport_introspection_cpp.dir/rosidl_typesupport_introspection_cpp/mir_msgs/msg/detail/bms_data__type_support.cpp.o[0m
[15.560s] [ 33%] [32mBuilding CXX object CMakeFiles/mir_msgs__rosidl_typesupport_cpp.dir/rosidl_typesupport_cpp/mir_msgs/msg/i_os__type_support.cpp.o[0m
[15.582s] [ 33%] [32mBuilding CXX object CMakeFiles/mir_msgs__rosidl_typesupport_introspection_cpp.dir/rosidl_typesupport_introspection_cpp/mir_msgs/msg/detail/brake_state__type_support.cpp.o[0m
[15.607s] [ 33%] [32mBuilding CXX object CMakeFiles/mir_msgs__rosidl_typesupport_cpp.dir/rosidl_typesupport_cpp/mir_msgs/msg/joystick_vel__type_support.cpp.o[0m
[15.657s] [ 33%] [32mBuilding CXX object CMakeFiles/mir_msgs__rosidl_typesupport_cpp.dir/rosidl_typesupport_cpp/mir_msgs/msg/local_map_stat__type_support.cpp.o[0m
[15.673s] [ 33%] [32mBuilding CXX object CMakeFiles/mir_msgs__rosidl_typesupport_introspection_cpp.dir/rosidl_typesupport_introspection_cpp/mir_msgs/msg/detail/charging_state__type_support.cpp.o[0m
[15.683s] [ 34%] [32mBuilding CXX object CMakeFiles/mir_msgs__rosidl_typesupport_cpp.dir/rosidl_typesupport_cpp/mir_msgs/msg/mir_extra__type_support.cpp.o[0m
[15.696s] [ 35%] [32mBuilding CXX object CMakeFiles/mir_msgs__rosidl_typesupport_introspection_cpp.dir/rosidl_typesupport_introspection_cpp/mir_msgs/msg/detail/device__type_support.cpp.o[0m
[15.700s] [ 35%] [32mBuilding CXX object CMakeFiles/mir_msgs__rosidl_typesupport_introspection_cpp.dir/rosidl_typesupport_introspection_cpp/mir_msgs/msg/detail/devices__type_support.cpp.o[0m
[15.704s] [ 35%] [32mBuilding CXX object CMakeFiles/mir_msgs__rosidl_typesupport_cpp.dir/rosidl_typesupport_cpp/mir_msgs/msg/mission_ctrl_command__type_support.cpp.o[0m
[15.720s] [ 35%] [32mBuilding CXX object CMakeFiles/mir_msgs__rosidl_typesupport_cpp.dir/rosidl_typesupport_cpp/mir_msgs/msg/mission_ctrl_state__type_support.cpp.o[0m
[15.758s] [ 35%] [32mBuilding CXX object CMakeFiles/mir_msgs__rosidl_typesupport_introspection_cpp.dir/rosidl_typesupport_introspection_cpp/mir_msgs/msg/detail/encoders__type_support.cpp.o[0m
[15.778s] [ 35%] [32mBuilding CXX object CMakeFiles/mir_msgs__rosidl_typesupport_introspection_cpp.dir/rosidl_typesupport_introspection_cpp/mir_msgs/msg/detail/error__type_support.cpp.o[0m
[15.783s] [ 35%] [32mBuilding CXX object CMakeFiles/mir_msgs__rosidl_typesupport_cpp.dir/rosidl_typesupport_cpp/mir_msgs/msg/pallet_lifter_status__type_support.cpp.o[0m
[15.818s] [ 36%] [32mBuilding CXX object CMakeFiles/mir_msgs__rosidl_typesupport_introspection_cpp.dir/rosidl_typesupport_introspection_cpp/mir_msgs/msg/detail/event__type_support.cpp.o[0m
[15.858s] [ 37%] [32mBuilding CXX object CMakeFiles/mir_msgs__rosidl_typesupport_cpp.dir/rosidl_typesupport_cpp/mir_msgs/msg/path__type_support.cpp.o[0m
[16.153s] [ 37%] [32mBuilding CXX object CMakeFiles/mir_msgs__rosidl_typesupport_introspection_cpp.dir/rosidl_typesupport_introspection_cpp/mir_msgs/msg/detail/events__type_support.cpp.o[0m
[16.241s] [ 37%] [32mBuilding CXX object CMakeFiles/mir_msgs__rosidl_typesupport_introspection_cpp.dir/rosidl_typesupport_introspection_cpp/mir_msgs/msg/detail/external_robot__type_support.cpp.o[0m
[16.346s] [ 37%] [32mBuilding CXX object CMakeFiles/mir_msgs__rosidl_typesupport_introspection_cpp.dir/rosidl_typesupport_introspection_cpp/mir_msgs/msg/detail/external_robots__type_support.cpp.o[0m
[16.425s] [ 37%] [32mBuilding CXX object CMakeFiles/mir_msgs__rosidl_typesupport_cpp.dir/rosidl_typesupport_cpp/mir_msgs/msg/pendant__type_support.cpp.o[0m
[16.547s] [ 38%] [32mBuilding CXX object CMakeFiles/mir_msgs__rosidl_typesupport_introspection_cpp.dir/rosidl_typesupport_introspection_cpp/mir_msgs/msg/detail/gpio__type_support.cpp.o[0m
[16.586s] [ 38%] [32mBuilding CXX object CMakeFiles/mir_msgs__rosidl_typesupport_cpp.dir/rosidl_typesupport_cpp/mir_msgs/msg/plan_segment__type_support.cpp.o[0m
[16.611s] [ 38%] [32mBuilding CXX object CMakeFiles/mir_msgs__rosidl_typesupport_introspection_cpp.dir/rosidl_typesupport_introspection_cpp/mir_msgs/msg/detail/gripper_state__type_support.cpp.o[0m
[16.617s] [ 39%] [32mBuilding CXX object CMakeFiles/mir_msgs__rosidl_typesupport_cpp.dir/rosidl_typesupport_cpp/mir_msgs/msg/pose2_d__type_support.cpp.o[0m
[16.622s] [ 39%] [32mBuilding CXX object CMakeFiles/mir_msgs__rosidl_typesupport_cpp.dir/rosidl_typesupport_cpp/mir_msgs/msg/plan_segments__type_support.cpp.o[0m
[16.650s] [ 39%] [32mBuilding CXX object CMakeFiles/mir_msgs__rosidl_typesupport_cpp.dir/rosidl_typesupport_cpp/mir_msgs/msg/power_board_motor_status__type_support.cpp.o[0m
[16.672s] [ 39%] [32mBuilding CXX object CMakeFiles/mir_msgs__rosidl_typesupport_cpp.dir/rosidl_typesupport_cpp/mir_msgs/msg/proximity__type_support.cpp.o[0m
[16.736s] [ 39%] [32mBuilding CXX object CMakeFiles/mir_msgs__rosidl_typesupport_cpp.dir/rosidl_typesupport_cpp/mir_msgs/msg/resources_state__type_support.cpp.o[0m
[16.750s] [ 39%] [32mBuilding CXX object CMakeFiles/mir_msgs__rosidl_typesupport_introspection_cpp.dir/rosidl_typesupport_introspection_cpp/mir_msgs/msg/detail/height_state__type_support.cpp.o[0m
[16.920s] [ 40%] [32mBuilding CXX object CMakeFiles/mir_msgs__rosidl_typesupport_introspection_cpp.dir/rosidl_typesupport_introspection_cpp/mir_msgs/msg/detail/hook_status__type_support.cpp.o[0m
[16.926s] [ 40%] [32mBuilding CXX object CMakeFiles/mir_msgs__rosidl_typesupport_introspection_cpp.dir/rosidl_typesupport_introspection_cpp/mir_msgs/msg/detail/hook_extended_status__type_support.cpp.o[0m
[16.962s] [ 41%] [32mBuilding CXX object CMakeFiles/mir_msgs__rosidl_typesupport_cpp.dir/rosidl_typesupport_cpp/mir_msgs/msg/resource_state__type_support.cpp.o[0m
[17.022s] [ 41%] [32mBuilding CXX object CMakeFiles/mir_msgs__rosidl_typesupport_cpp.dir/rosidl_typesupport_cpp/mir_msgs/msg/robot_mode__type_support.cpp.o[0m
[17.079s] [ 41%] [32mBuilding CXX object CMakeFiles/mir_msgs__rosidl_typesupport_introspection_cpp.dir/rosidl_typesupport_introspection_cpp/mir_msgs/msg/detail/i_os__type_support.cpp.o[0m
[17.201s] [ 41%] [32mBuilding CXX object CMakeFiles/mir_msgs__rosidl_typesupport_cpp.dir/rosidl_typesupport_cpp/mir_msgs/msg/robot_state__type_support.cpp.o[0m
[17.248s] [ 41%] [32mBuilding CXX object CMakeFiles/mir_msgs__rosidl_typesupport_introspection_cpp.dir/rosidl_typesupport_introspection_cpp/mir_msgs/msg/detail/joystick_vel__type_support.cpp.o[0m
[17.304s] [ 41%] [32mBuilding CXX object CMakeFiles/mir_msgs__rosidl_typesupport_introspection_cpp.dir/rosidl_typesupport_introspection_cpp/mir_msgs/msg/detail/local_map_stat__type_support.cpp.o[0m
[17.327s] [ 42%] [32mBuilding CXX object CMakeFiles/mir_msgs__rosidl_typesupport_introspection_cpp.dir/rosidl_typesupport_introspection_cpp/mir_msgs/msg/detail/mir_extra__type_support.cpp.o[0m
[17.331s] [ 42%] [32mBuilding CXX object CMakeFiles/mir_msgs__rosidl_typesupport_cpp.dir/rosidl_typesupport_cpp/mir_msgs/msg/robot_status__type_support.cpp.o[0m
[17.336s] [ 43%] [32mBuilding CXX object CMakeFiles/mir_msgs__rosidl_typesupport_cpp.dir/rosidl_typesupport_cpp/mir_msgs/msg/safety_status__type_support.cpp.o[0m
[17.381s] [ 43%] [32mBuilding CXX object CMakeFiles/mir_msgs__rosidl_typesupport_cpp.dir/rosidl_typesupport_cpp/mir_msgs/msg/serial__type_support.cpp.o[0m
[17.453s] [ 43%] [32mBuilding CXX object CMakeFiles/mir_msgs__rosidl_typesupport_introspection_cpp.dir/rosidl_typesupport_introspection_cpp/mir_msgs/msg/detail/mission_ctrl_command__type_support.cpp.o[0m
[17.527s] [ 43%] [32mBuilding CXX object CMakeFiles/mir_msgs__rosidl_typesupport_cpp.dir/rosidl_typesupport_cpp/mir_msgs/msg/stamped_encoders__type_support.cpp.o[0m
[17.539s] [ 43%] [32mBuilding CXX object CMakeFiles/mir_msgs__rosidl_typesupport_cpp.dir/rosidl_typesupport_cpp/mir_msgs/msg/trolley__type_support.cpp.o[0m
[17.623s] [ 43%] [32mBuilding CXX object CMakeFiles/mir_msgs__rosidl_typesupport_introspection_cpp.dir/rosidl_typesupport_introspection_cpp/mir_msgs/msg/detail/mission_ctrl_state__type_support.cpp.o[0m
[17.796s] [ 44%] [32mBuilding CXX object CMakeFiles/mir_msgs__rosidl_typesupport_cpp.dir/rosidl_typesupport_cpp/mir_msgs/msg/twist2_d__type_support.cpp.o[0m
[17.816s] [ 44%] [32mBuilding CXX object CMakeFiles/mir_msgs__rosidl_typesupport_cpp.dir/rosidl_typesupport_cpp/mir_msgs/msg/user_prompt__type_support.cpp.o[0m
[17.880s] [ 44%] [32mBuilding CXX object CMakeFiles/mir_msgs__rosidl_typesupport_introspection_cpp.dir/rosidl_typesupport_introspection_cpp/mir_msgs/msg/detail/pallet_lifter_status__type_support.cpp.o[0m
[17.903s] [ 44%] [32mBuilding CXX object CMakeFiles/mir_msgs__rosidl_typesupport_cpp.dir/rosidl_typesupport_cpp/mir_msgs/msg/web_path__type_support.cpp.o[0m
[17.952s] [ 45%] [32mBuilding CXX object CMakeFiles/mir_msgs__rosidl_typesupport_introspection_cpp.dir/rosidl_typesupport_introspection_cpp/mir_msgs/msg/detail/path__type_support.cpp.o[0m
[18.127s] [ 45%] [32mBuilding CXX object CMakeFiles/mir_msgs__rosidl_typesupport_cpp.dir/rosidl_typesupport_cpp/mir_msgs/msg/world_map__type_support.cpp.o[0m
[18.142s] [ 46%] [32mBuilding CXX object CMakeFiles/mir_msgs__rosidl_typesupport_cpp.dir/rosidl_typesupport_cpp/mir_msgs/msg/world_model__type_support.cpp.o[0m
[18.193s] [ 46%] [32mBuilding CXX object CMakeFiles/mir_msgs__rosidl_typesupport_introspection_cpp.dir/rosidl_typesupport_introspection_cpp/mir_msgs/msg/detail/pendant__type_support.cpp.o[0m
[18.257s] [ 46%] [32mBuilding C object CMakeFiles/mir_msgs__rosidl_typesupport_introspection_c.dir/rosidl_typesupport_introspection_c/mir_msgs/msg/detail/battery_currents__type_support.c.o[0m
[18.298s] [ 46%] [32mBuilding C object CMakeFiles/mir_msgs__rosidl_typesupport_introspection_c.dir/rosidl_typesupport_introspection_c/mir_msgs/msg/detail/bms_data__type_support.c.o[0m
[18.310s] [ 46%] [32mBuilding CXX object CMakeFiles/mir_msgs__rosidl_typesupport_introspection_cpp.dir/rosidl_typesupport_introspection_cpp/mir_msgs/msg/detail/plan_segment__type_support.cpp.o[0m
[18.316s] [ 46%] [32mBuilding C object CMakeFiles/mir_msgs__rosidl_typesupport_introspection_c.dir/rosidl_typesupport_introspection_c/mir_msgs/msg/detail/brake_state__type_support.c.o[0m
[18.388s] [ 46%] [32mBuilding C object CMakeFiles/mir_msgs__rosidl_typesupport_introspection_c.dir/rosidl_typesupport_introspection_c/mir_msgs/msg/detail/device__type_support.c.o[0m
[18.394s] [ 47%] [32mBuilding C object CMakeFiles/mir_msgs__rosidl_typesupport_introspection_c.dir/rosidl_typesupport_introspection_c/mir_msgs/msg/detail/charging_state__type_support.c.o[0m
[18.408s] [ 47%] [32mBuilding CXX object CMakeFiles/mir_msgs__rosidl_typesupport_cpp.dir/rosidl_typesupport_cpp/mir_msgs/srv/exec_mission__type_support.cpp.o[0m
[18.458s] [ 47%] [32mBuilding C object CMakeFiles/mir_msgs__rosidl_typesupport_introspection_c.dir/rosidl_typesupport_introspection_c/mir_msgs/msg/detail/devices__type_support.c.o[0m
[18.490s] [ 47%] [32mBuilding C object CMakeFiles/mir_msgs__rosidl_typesupport_introspection_c.dir/rosidl_typesupport_introspection_c/mir_msgs/msg/detail/encoders__type_support.c.o[0m
[18.503s] [ 47%] [32mBuilding CXX object CMakeFiles/mir_msgs__rosidl_typesupport_introspection_cpp.dir/rosidl_typesupport_introspection_cpp/mir_msgs/msg/detail/plan_segments__type_support.cpp.o[0m
[18.541s] [ 48%] [32mBuilding C object CMakeFiles/mir_msgs__rosidl_typesupport_introspection_c.dir/rosidl_typesupport_introspection_c/mir_msgs/msg/detail/error__type_support.c.o[0m
[18.573s] [ 48%] [32mBuilding C object CMakeFiles/mir_msgs__rosidl_typesupport_introspection_c.dir/rosidl_typesupport_introspection_c/mir_msgs/msg/detail/event__type_support.c.o[0m
[18.630s] [ 48%] [32mBuilding CXX object CMakeFiles/mir_msgs__rosidl_typesupport_fastrtps_c.dir/rosidl_typesupport_fastrtps_c/mir_msgs/msg/detail/battery_currents__type_support_c.cpp.o[0m
[18.638s] [ 49%] [32mBuilding CXX object CMakeFiles/mir_msgs__rosidl_typesupport_introspection_cpp.dir/rosidl_typesupport_introspection_cpp/mir_msgs/msg/detail/pose2_d__type_support.cpp.o[0m
[18.651s] [ 49%] [32mBuilding CXX object CMakeFiles/mir_msgs__rosidl_typesupport_fastrtps_c.dir/rosidl_typesupport_fastrtps_c/mir_msgs/msg/detail/bms_data__type_support_c.cpp.o[0m
[18.655s] [ 49%] [32mBuilding CXX object CMakeFiles/mir_msgs__rosidl_typesupport_fastrtps_c.dir/rosidl_typesupport_fastrtps_c/mir_msgs/msg/detail/brake_state__type_support_c.cpp.o[0m
[18.684s] [ 50%] [32mBuilding CXX object CMakeFiles/mir_msgs__rosidl_typesupport_fastrtps_c.dir/rosidl_typesupport_fastrtps_c/mir_msgs/msg/detail/charging_state__type_support_c.cpp.o[0m
[18.691s] [ 50%] [32mBuilding CXX object CMakeFiles/mir_msgs__rosidl_typesupport_introspection_cpp.dir/rosidl_typesupport_introspection_cpp/mir_msgs/msg/detail/power_board_motor_status__type_support.cpp.o[0m
[18.693s] [ 50%] [32mBuilding C object CMakeFiles/mir_msgs__rosidl_typesupport_introspection_c.dir/rosidl_typesupport_introspection_c/mir_msgs/msg/detail/events__type_support.c.o[0m
[18.708s] [ 50%] [32mBuilding CXX object CMakeFiles/mir_msgs__rosidl_typesupport_introspection_cpp.dir/rosidl_typesupport_introspection_cpp/mir_msgs/msg/detail/proximity__type_support.cpp.o[0m
[18.743s] [ 50%] [32mBuilding CXX object CMakeFiles/mir_msgs__rosidl_typesupport_fastrtps_c.dir/rosidl_typesupport_fastrtps_c/mir_msgs/msg/detail/device__type_support_c.cpp.o[0m
[18.756s] [ 50%] [32mBuilding C object CMakeFiles/mir_msgs__rosidl_typesupport_introspection_c.dir/rosidl_typesupport_introspection_c/mir_msgs/msg/detail/external_robot__type_support.c.o[0m
[18.781s] [ 50%] [32mBuilding CXX object CMakeFiles/mir_msgs__rosidl_typesupport_fastrtps_c.dir/rosidl_typesupport_fastrtps_c/mir_msgs/msg/detail/devices__type_support_c.cpp.o[0m
[18.869s] [ 51%] [32mBuilding C object CMakeFiles/mir_msgs__rosidl_typesupport_introspection_c.dir/rosidl_typesupport_introspection_c/mir_msgs/msg/detail/external_robots__type_support.c.o[0m
[18.878s] [ 52%] [32mBuilding CXX object CMakeFiles/mir_msgs__rosidl_typesupport_fastrtps_cpp.dir/rosidl_typesupport_fastrtps_cpp/mir_msgs/msg/detail/dds_fastrtps/battery_currents__type_support.cpp.o[0m
[18.910s] [ 52%] [32mBuilding CXX object CMakeFiles/mir_msgs__rosidl_typesupport_fastrtps_cpp.dir/rosidl_typesupport_fastrtps_cpp/mir_msgs/msg/detail/dds_fastrtps/bms_data__type_support.cpp.o[0m
[18.925s] [ 52%] [32mBuilding CXX object CMakeFiles/mir_msgs__rosidl_typesupport_fastrtps_c.dir/rosidl_typesupport_fastrtps_c/mir_msgs/msg/detail/encoders__type_support_c.cpp.o[0m
[18.931s] [ 52%] [32mBuilding CXX object CMakeFiles/mir_msgs__rosidl_typesupport_introspection_cpp.dir/rosidl_typesupport_introspection_cpp/mir_msgs/msg/detail/resources_state__type_support.cpp.o[0m
[18.984s] [ 53%] [32mBuilding CXX object CMakeFiles/mir_msgs__rosidl_typesupport_fastrtps_c.dir/rosidl_typesupport_fastrtps_c/mir_msgs/msg/detail/error__type_support_c.cpp.o[0m
[18.991s] [ 53%] [32mBuilding C object CMakeFiles/mir_msgs__rosidl_typesupport_introspection_c.dir/rosidl_typesupport_introspection_c/mir_msgs/msg/detail/gpio__type_support.c.o[0m
[19.106s] [ 53%] [32mBuilding CXX object CMakeFiles/mir_msgs__rosidl_typesupport_fastrtps_c.dir/rosidl_typesupport_fastrtps_c/mir_msgs/msg/detail/event__type_support_c.cpp.o[0m
[19.106s] [ 53%] [32m[1mLinking CXX shared library libmir_msgs__rosidl_typesupport_cpp.so[0m
[19.184s] [ 53%] [32mBuilding C object CMakeFiles/mir_msgs__rosidl_typesupport_introspection_c.dir/rosidl_typesupport_introspection_c/mir_msgs/msg/detail/gripper_state__type_support.c.o[0m
[19.191s] [ 53%] [32mBuilding C object CMakeFiles/mir_msgs__rosidl_typesupport_introspection_c.dir/rosidl_typesupport_introspection_c/mir_msgs/msg/detail/height_state__type_support.c.o[0m
[19.270s] [ 53%] Built target mir_msgs__rosidl_typesupport_cpp
[19.271s] [ 53%] [32mBuilding CXX object CMakeFiles/mir_msgs__rosidl_typesupport_fastrtps_cpp.dir/rosidl_typesupport_fastrtps_cpp/mir_msgs/msg/detail/dds_fastrtps/brake_state__type_support.cpp.o[0m
[19.308s] [ 54%] [32mBuilding C object CMakeFiles/mir_msgs__rosidl_typesupport_introspection_c.dir/rosidl_typesupport_introspection_c/mir_msgs/msg/detail/hook_extended_status__type_support.c.o[0m
[19.310s] [ 54%] [32mBuilding CXX object CMakeFiles/mir_msgs__rosidl_typesupport_fastrtps_c.dir/rosidl_typesupport_fastrtps_c/mir_msgs/msg/detail/events__type_support_c.cpp.o[0m
[19.376s] [ 54%] [32mBuilding CXX object CMakeFiles/mir_msgs__rosidl_typesupport_fastrtps_cpp.dir/rosidl_typesupport_fastrtps_cpp/mir_msgs/msg/detail/dds_fastrtps/charging_state__type_support.cpp.o[0m
[19.402s] [ 54%] [32mBuilding C object CMakeFiles/mir_msgs__rosidl_typesupport_introspection_c.dir/rosidl_typesupport_introspection_c/mir_msgs/msg/detail/hook_status__type_support.c.o[0m
[19.482s] [ 54%] [32mBuilding C object CMakeFiles/mir_msgs__rosidl_typesupport_introspection_c.dir/rosidl_typesupport_introspection_c/mir_msgs/msg/detail/i_os__type_support.c.o[0m
[19.546s] [ 55%] [32mBuilding CXX object CMakeFiles/mir_msgs__rosidl_typesupport_introspection_cpp.dir/rosidl_typesupport_introspection_cpp/mir_msgs/msg/detail/resource_state__type_support.cpp.o[0m
[19.551s] [ 55%] [32mBuilding CXX object CMakeFiles/mir_msgs__rosidl_typesupport_introspection_cpp.dir/rosidl_typesupport_introspection_cpp/mir_msgs/msg/detail/robot_mode__type_support.cpp.o[0m
[19.551s] [ 56%] [32mBuilding CXX object CMakeFiles/mir_msgs__rosidl_typesupport_fastrtps_cpp.dir/rosidl_typesupport_fastrtps_cpp/mir_msgs/msg/detail/dds_fastrtps/device__type_support.cpp.o[0m
[19.573s] [ 56%] [32mBuilding C object CMakeFiles/mir_msgs__rosidl_typesupport_introspection_c.dir/rosidl_typesupport_introspection_c/mir_msgs/msg/detail/joystick_vel__type_support.c.o[0m
[19.596s] [ 56%] [32mBuilding CXX object CMakeFiles/mir_msgs__rosidl_typesupport_fastrtps_cpp.dir/rosidl_typesupport_fastrtps_cpp/mir_msgs/msg/detail/dds_fastrtps/devices__type_support.cpp.o[0m
[19.652s] [ 57%] [32mBuilding C object CMakeFiles/mir_msgs__rosidl_typesupport_introspection_c.dir/rosidl_typesupport_introspection_c/mir_msgs/msg/detail/local_map_stat__type_support.c.o[0m
[19.653s] [ 57%] [32mBuilding CXX object CMakeFiles/mir_msgs__rosidl_typesupport_introspection_cpp.dir/rosidl_typesupport_introspection_cpp/mir_msgs/msg/detail/robot_state__type_support.cpp.o[0m
[19.663s] [ 57%] [32mBuilding CXX object CMakeFiles/mir_msgs__rosidl_typesupport_fastrtps_cpp.dir/rosidl_typesupport_fastrtps_cpp/mir_msgs/msg/detail/dds_fastrtps/encoders__type_support.cpp.o[0m
[19.679s] [ 57%] [32mBuilding CXX object CMakeFiles/mir_msgs__rosidl_typesupport_fastrtps_cpp.dir/rosidl_typesupport_fastrtps_cpp/mir_msgs/msg/detail/dds_fastrtps/error__type_support.cpp.o[0m
[19.708s] [ 57%] [32mBuilding CXX object CMakeFiles/mir_msgs__rosidl_typesupport_introspection_cpp.dir/rosidl_typesupport_introspection_cpp/mir_msgs/msg/detail/robot_status__type_support.cpp.o[0m
[19.741s] [ 57%] [32mBuilding C object CMakeFiles/mir_msgs__rosidl_typesupport_introspection_c.dir/rosidl_typesupport_introspection_c/mir_msgs/msg/detail/mir_extra__type_support.c.o[0m
[19.750s] [ 58%] [32mBuilding CXX object CMakeFiles/mir_msgs__rosidl_typesupport_introspection_cpp.dir/rosidl_typesupport_introspection_cpp/mir_msgs/msg/detail/safety_status__type_support.cpp.o[0m
[19.815s] [ 58%] [32mBuilding CXX object CMakeFiles/mir_msgs__rosidl_typesupport_introspection_cpp.dir/rosidl_typesupport_introspection_cpp/mir_msgs/msg/detail/serial__type_support.cpp.o[0m
[19.830s] [ 58%] [32mBuilding C object CMakeFiles/mir_msgs__rosidl_typesupport_introspection_c.dir/rosidl_typesupport_introspection_c/mir_msgs/msg/detail/mission_ctrl_command__type_support.c.o[0m
[19.856s] [ 58%] [32mBuilding CXX object CMakeFiles/mir_msgs__rosidl_typesupport_fastrtps_c.dir/rosidl_typesupport_fastrtps_c/mir_msgs/msg/detail/external_robot__type_support_c.cpp.o[0m
[19.929s] [ 58%] [32mBuilding CXX object CMakeFiles/mir_msgs__rosidl_typesupport_introspection_cpp.dir/rosidl_typesupport_introspection_cpp/mir_msgs/msg/detail/stamped_encoders__type_support.cpp.o[0m
[19.970s] [ 58%] [32mBuilding C object CMakeFiles/mir_msgs__rosidl_typesupport_introspection_c.dir/rosidl_typesupport_introspection_c/mir_msgs/msg/detail/mission_ctrl_state__type_support.c.o[0m
[20.064s] [ 59%] [32mBuilding CXX object CMakeFiles/mir_msgs__rosidl_typesupport_fastrtps_cpp.dir/rosidl_typesupport_fastrtps_cpp/mir_msgs/msg/detail/dds_fastrtps/event__type_support.cpp.o[0m
[20.114s] [ 60%] [32mBuilding CXX object CMakeFiles/mir_msgs__rosidl_typesupport_fastrtps_c.dir/rosidl_typesupport_fastrtps_c/mir_msgs/msg/detail/external_robots__type_support_c.cpp.o[0m
[20.125s] [ 61%] [32mBuilding C object CMakeFiles/mir_msgs__rosidl_typesupport_introspection_c.dir/rosidl_typesupport_introspection_c/mir_msgs/msg/detail/pallet_lifter_status__type_support.c.o[0m
[20.213s] [ 61%] [32mBuilding CXX object CMakeFiles/mir_msgs__rosidl_typesupport_introspection_cpp.dir/rosidl_typesupport_introspection_cpp/mir_msgs/msg/detail/trolley__type_support.cpp.o[0m
[20.244s] [ 61%] [32mBuilding C object CMakeFiles/mir_msgs__rosidl_typesupport_introspection_c.dir/rosidl_typesupport_introspection_c/mir_msgs/msg/detail/pendant__type_support.c.o[0m
[20.259s] [ 61%] [32mBuilding C object CMakeFiles/mir_msgs__rosidl_typesupport_introspection_c.dir/rosidl_typesupport_introspection_c/mir_msgs/msg/detail/path__type_support.c.o[0m
[20.333s] [ 61%] [32mBuilding CXX object CMakeFiles/mir_msgs__rosidl_typesupport_fastrtps_cpp.dir/rosidl_typesupport_fastrtps_cpp/mir_msgs/msg/detail/dds_fastrtps/events__type_support.cpp.o[0m
[20.357s] [ 61%] [32mBuilding C object CMakeFiles/mir_msgs__rosidl_typesupport_introspection_c.dir/rosidl_typesupport_introspection_c/mir_msgs/msg/detail/plan_segment__type_support.c.o[0m
[20.397s] [ 61%] [32mBuilding CXX object CMakeFiles/mir_msgs__rosidl_typesupport_fastrtps_c.dir/rosidl_typesupport_fastrtps_c/mir_msgs/msg/detail/gpio__type_support_c.cpp.o[0m
[20.434s] [ 61%] [32mBuilding CXX object CMakeFiles/mir_msgs__rosidl_typesupport_fastrtps_cpp.dir/rosidl_typesupport_fastrtps_cpp/mir_msgs/msg/detail/dds_fastrtps/external_robot__type_support.cpp.o[0m
[20.488s] [ 61%] [32mBuilding CXX object CMakeFiles/mir_msgs__rosidl_typesupport_fastrtps_c.dir/rosidl_typesupport_fastrtps_c/mir_msgs/msg/detail/gripper_state__type_support_c.cpp.o[0m
[20.553s] [ 62%] [32mBuilding C object CMakeFiles/mir_msgs__rosidl_typesupport_introspection_c.dir/rosidl_typesupport_introspection_c/mir_msgs/msg/detail/plan_segments__type_support.c.o[0m
[20.559s] [ 62%] [32mBuilding CXX object CMakeFiles/mir_msgs__rosidl_typesupport_fastrtps_cpp.dir/rosidl_typesupport_fastrtps_cpp/mir_msgs/msg/detail/dds_fastrtps/external_robots__type_support.cpp.o[0m
[20.564s] [ 63%] [32mBuilding CXX object CMakeFiles/mir_msgs__rosidl_typesupport_introspection_cpp.dir/rosidl_typesupport_introspection_cpp/mir_msgs/msg/detail/twist2_d__type_support.cpp.o[0m
[20.569s] [ 63%] [32mBuilding CXX object CMakeFiles/mir_msgs__rosidl_typesupport_fastrtps_c.dir/rosidl_typesupport_fastrtps_c/mir_msgs/msg/detail/height_state__type_support_c.cpp.o[0m
[20.693s] [ 63%] [32mBuilding C object CMakeFiles/mir_msgs__rosidl_typesupport_introspection_c.dir/rosidl_typesupport_introspection_c/mir_msgs/msg/detail/pose2_d__type_support.c.o[0m
[20.695s] [ 64%] [32mBuilding CXX object CMakeFiles/mir_msgs__rosidl_typesupport_fastrtps_c.dir/rosidl_typesupport_fastrtps_c/mir_msgs/msg/detail/hook_extended_status__type_support_c.cpp.o[0m
[20.733s] [ 64%] [32mBuilding C object CMakeFiles/mir_msgs__rosidl_typesupport_introspection_c.dir/rosidl_typesupport_introspection_c/mir_msgs/msg/detail/power_board_motor_status__type_support.c.o[0m
[20.776s] [ 65%] [32mBuilding CXX object CMakeFiles/mir_msgs__rosidl_typesupport_fastrtps_cpp.dir/rosidl_typesupport_fastrtps_cpp/mir_msgs/msg/detail/dds_fastrtps/gpio__type_support.cpp.o[0m
[20.805s] [ 65%] [32mBuilding CXX object CMakeFiles/mir_msgs__rosidl_typesupport_fastrtps_c.dir/rosidl_typesupport_fastrtps_c/mir_msgs/msg/detail/hook_status__type_support_c.cpp.o[0m
[20.813s] [ 65%] [32mBuilding CXX object CMakeFiles/mir_msgs__rosidl_typesupport_introspection_cpp.dir/rosidl_typesupport_introspection_cpp/mir_msgs/msg/detail/user_prompt__type_support.cpp.o[0m
[20.840s] [ 65%] [32mBuilding CXX object CMakeFiles/mir_msgs__rosidl_typesupport_introspection_cpp.dir/rosidl_typesupport_introspection_cpp/mir_msgs/msg/detail/web_path__type_support.cpp.o[0m
[20.869s] [ 65%] [32mBuilding CXX object CMakeFiles/mir_msgs__rosidl_typesupport_fastrtps_c.dir/rosidl_typesupport_fastrtps_c/mir_msgs/msg/detail/i_os__type_support_c.cpp.o[0m
[20.887s] [ 65%] [32mBuilding CXX object CMakeFiles/mir_msgs__rosidl_typesupport_fastrtps_cpp.dir/rosidl_typesupport_fastrtps_cpp/mir_msgs/msg/detail/dds_fastrtps/gripper_state__type_support.cpp.o[0m
[20.903s] [ 65%] [32mBuilding C object CMakeFiles/mir_msgs__rosidl_typesupport_introspection_c.dir/rosidl_typesupport_introspection_c/mir_msgs/msg/detail/proximity__type_support.c.o[0m
[20.914s] [ 66%] [32mBuilding C object CMakeFiles/mir_msgs__rosidl_typesupport_introspection_c.dir/rosidl_typesupport_introspection_c/mir_msgs/msg/detail/resources_state__type_support.c.o[0m
[20.928s] [ 66%] [32mBuilding CXX object CMakeFiles/mir_msgs__rosidl_typesupport_fastrtps_cpp.dir/rosidl_typesupport_fastrtps_cpp/mir_msgs/msg/detail/dds_fastrtps/height_state__type_support.cpp.o[0m
[20.969s] [ 66%] [32mBuilding CXX object CMakeFiles/mir_msgs__rosidl_typesupport_fastrtps_cpp.dir/rosidl_typesupport_fastrtps_cpp/mir_msgs/msg/detail/dds_fastrtps/hook_extended_status__type_support.cpp.o[0m
[21.028s] [ 66%] [32mBuilding C object CMakeFiles/mir_msgs__rosidl_typesupport_introspection_c.dir/rosidl_typesupport_introspection_c/mir_msgs/msg/detail/resource_state__type_support.c.o[0m
[21.061s] [ 66%] [32mBuilding CXX object CMakeFiles/mir_msgs__rosidl_typesupport_fastrtps_c.dir/rosidl_typesupport_fastrtps_c/mir_msgs/msg/detail/joystick_vel__type_support_c.cpp.o[0m
[21.093s] [ 66%] [32mBuilding CXX object CMakeFiles/mir_msgs__rosidl_typesupport_introspection_cpp.dir/rosidl_typesupport_introspection_cpp/mir_msgs/msg/detail/world_map__type_support.cpp.o[0m
[21.183s] [ 66%] [32mBuilding C object CMakeFiles/mir_msgs__rosidl_typesupport_introspection_c.dir/rosidl_typesupport_introspection_c/mir_msgs/msg/detail/robot_mode__type_support.c.o[0m
[21.216s] [ 67%] [32mBuilding CXX object CMakeFiles/mir_msgs__rosidl_typesupport_fastrtps_c.dir/rosidl_typesupport_fastrtps_c/mir_msgs/msg/detail/local_map_stat__type_support_c.cpp.o[0m
[21.258s] [ 67%] [32mBuilding C object CMakeFiles/mir_msgs__rosidl_typesupport_introspection_c.dir/rosidl_typesupport_introspection_c/mir_msgs/msg/detail/robot_state__type_support.c.o[0m
[21.262s] [ 68%] [32mBuilding C object CMakeFiles/mir_msgs__rosidl_typesupport_introspection_c.dir/rosidl_typesupport_introspection_c/mir_msgs/msg/detail/robot_status__type_support.c.o[0m
[21.330s] [ 69%] [32mBuilding CXX object CMakeFiles/mir_msgs__rosidl_typesupport_introspection_cpp.dir/rosidl_typesupport_introspection_cpp/mir_msgs/msg/detail/world_model__type_support.cpp.o[0m
[21.335s] [ 69%] [32mBuilding C object CMakeFiles/mir_msgs__rosidl_typesupport_introspection_c.dir/rosidl_typesupport_introspection_c/mir_msgs/msg/detail/safety_status__type_support.c.o[0m
[21.338s] [ 70%] [32mBuilding CXX object CMakeFiles/mir_msgs__rosidl_typesupport_fastrtps_cpp.dir/rosidl_typesupport_fastrtps_cpp/mir_msgs/msg/detail/dds_fastrtps/hook_status__type_support.cpp.o[0m
[21.360s] [ 70%] [32mBuilding CXX object CMakeFiles/mir_msgs__rosidl_typesupport_fastrtps_cpp.dir/rosidl_typesupport_fastrtps_cpp/mir_msgs/msg/detail/dds_fastrtps/i_os__type_support.cpp.o[0m
[21.412s] [ 70%] [32mBuilding C object CMakeFiles/mir_msgs__rosidl_typesupport_introspection_c.dir/rosidl_typesupport_introspection_c/mir_msgs/msg/detail/serial__type_support.c.o[0m
[21.470s] [ 70%] [32mBuilding CXX object CMakeFiles/mir_msgs__rosidl_typesupport_fastrtps_cpp.dir/rosidl_typesupport_fastrtps_cpp/mir_msgs/msg/detail/dds_fastrtps/joystick_vel__type_support.cpp.o[0m
[21.491s] [ 70%] [32mBuilding C object CMakeFiles/mir_msgs__rosidl_typesupport_introspection_c.dir/rosidl_typesupport_introspection_c/mir_msgs/msg/detail/stamped_encoders__type_support.c.o[0m
[21.594s] [ 71%] [32mBuilding C object CMakeFiles/mir_msgs__rosidl_typesupport_introspection_c.dir/rosidl_typesupport_introspection_c/mir_msgs/msg/detail/trolley__type_support.c.o[0m
[21.622s] [ 71%] [32mBuilding C object CMakeFiles/mir_msgs__rosidl_typesupport_introspection_c.dir/rosidl_typesupport_introspection_c/mir_msgs/msg/detail/twist2_d__type_support.c.o[0m
[21.635s] [ 71%] [32mBuilding CXX object CMakeFiles/mir_msgs__rosidl_typesupport_introspection_cpp.dir/rosidl_typesupport_introspection_cpp/mir_msgs/srv/detail/exec_mission__type_support.cpp.o[0m
[21.676s] [ 71%] [32mBuilding CXX object CMakeFiles/mir_msgs__rosidl_typesupport_fastrtps_c.dir/rosidl_typesupport_fastrtps_c/mir_msgs/msg/detail/mir_extra__type_support_c.cpp.o[0m
[21.748s] [ 71%] [32mBuilding CXX object CMakeFiles/mir_msgs__rosidl_typesupport_fastrtps_c.dir/rosidl_typesupport_fastrtps_c/mir_msgs/msg/detail/mission_ctrl_command__type_support_c.cpp.o[0m
[21.760s] [ 71%] [32mBuilding C object CMakeFiles/mir_msgs__rosidl_typesupport_introspection_c.dir/rosidl_typesupport_introspection_c/mir_msgs/msg/detail/user_prompt__type_support.c.o[0m
[21.772s] [ 71%] [32mBuilding C object CMakeFiles/mir_msgs__rosidl_typesupport_introspection_c.dir/rosidl_typesupport_introspection_c/mir_msgs/msg/detail/web_path__type_support.c.o[0m
[21.772s] [ 71%] [32mBuilding CXX object CMakeFiles/mir_msgs__rosidl_typesupport_fastrtps_cpp.dir/rosidl_typesupport_fastrtps_cpp/mir_msgs/msg/detail/dds_fastrtps/local_map_stat__type_support.cpp.o[0m
[21.784s] [ 72%] [32mBuilding C object CMakeFiles/mir_msgs__rosidl_typesupport_introspection_c.dir/rosidl_typesupport_introspection_c/mir_msgs/msg/detail/world_map__type_support.c.o[0m
[21.880s] [ 72%] [32mBuilding CXX object CMakeFiles/mir_msgs__rosidl_typesupport_fastrtps_c.dir/rosidl_typesupport_fastrtps_c/mir_msgs/msg/detail/mission_ctrl_state__type_support_c.cpp.o[0m
[21.885s] [ 73%] [32mBuilding CXX object CMakeFiles/mir_msgs__rosidl_typesupport_fastrtps_c.dir/rosidl_typesupport_fastrtps_c/mir_msgs/msg/detail/pallet_lifter_status__type_support_c.cpp.o[0m
[21.952s] [ 73%] [32mBuilding C object CMakeFiles/mir_msgs__rosidl_typesupport_introspection_c.dir/rosidl_typesupport_introspection_c/mir_msgs/msg/detail/world_model__type_support.c.o[0m
[21.952s] [ 73%] [32mBuilding CXX object CMakeFiles/mir_msgs__rosidl_typesupport_fastrtps_c.dir/rosidl_typesupport_fastrtps_c/mir_msgs/msg/detail/path__type_support_c.cpp.o[0m
[21.982s] [ 73%] [32mBuilding C object CMakeFiles/mir_msgs__rosidl_typesupport_introspection_c.dir/rosidl_typesupport_introspection_c/mir_msgs/srv/detail/exec_mission__type_support.c.o[0m
[22.003s] [ 73%] [32mBuilding CXX object CMakeFiles/mir_msgs__rosidl_typesupport_fastrtps_c.dir/rosidl_typesupport_fastrtps_c/mir_msgs/msg/detail/pendant__type_support_c.cpp.o[0m
[22.027s] [ 73%] [32mBuilding CXX object CMakeFiles/mir_msgs__rosidl_typesupport_fastrtps_cpp.dir/rosidl_typesupport_fastrtps_cpp/mir_msgs/msg/detail/dds_fastrtps/mission_ctrl_command__type_support.cpp.o[0m
[22.031s] [ 74%] [32mBuilding CXX object CMakeFiles/mir_msgs__rosidl_typesupport_fastrtps_cpp.dir/rosidl_typesupport_fastrtps_cpp/mir_msgs/msg/detail/dds_fastrtps/mir_extra__type_support.cpp.o[0m
[22.071s] [ 74%] [32mBuilding CXX object CMakeFiles/mir_msgs__rosidl_typesupport_fastrtps_cpp.dir/rosidl_typesupport_fastrtps_cpp/mir_msgs/msg/detail/dds_fastrtps/mission_ctrl_state__type_support.cpp.o[0m
[22.076s] [ 74%] [32mBuilding CXX object CMakeFiles/mir_msgs__rosidl_typesupport_fastrtps_c.dir/rosidl_typesupport_fastrtps_c/mir_msgs/msg/detail/plan_segment__type_support_c.cpp.o[0m
[22.090s] [ 74%] [32mBuilding CXX object CMakeFiles/mir_msgs__rosidl_typesupport_fastrtps_cpp.dir/rosidl_typesupport_fastrtps_cpp/mir_msgs/msg/detail/dds_fastrtps/pallet_lifter_status__type_support.cpp.o[0m
[22.135s] [ 74%] [32m[1mLinking C shared library libmir_msgs__rosidl_typesupport_introspection_c.so[0m
[22.221s] [ 75%] [32mBuilding CXX object CMakeFiles/mir_msgs__rosidl_typesupport_fastrtps_cpp.dir/rosidl_typesupport_fastrtps_cpp/mir_msgs/msg/detail/dds_fastrtps/path__type_support.cpp.o[0m
[22.342s] [ 75%] Built target mir_msgs__rosidl_typesupport_introspection_c
[22.349s] [ 76%] [32mBuilding CXX object CMakeFiles/mir_msgs__rosidl_typesupport_fastrtps_c.dir/rosidl_typesupport_fastrtps_c/mir_msgs/msg/detail/plan_segments__type_support_c.cpp.o[0m
[22.368s] [ 76%] [32mBuilding CXX object CMakeFiles/mir_msgs__rosidl_typesupport_fastrtps_c.dir/rosidl_typesupport_fastrtps_c/mir_msgs/msg/detail/pose2_d__type_support_c.cpp.o[0m
[22.396s] [ 76%] [32mBuilding CXX object CMakeFiles/mir_msgs__rosidl_typesupport_fastrtps_c.dir/rosidl_typesupport_fastrtps_c/mir_msgs/msg/detail/power_board_motor_status__type_support_c.cpp.o[0m
[22.479s] [ 76%] [32mBuilding CXX object CMakeFiles/mir_msgs__rosidl_typesupport_fastrtps_cpp.dir/rosidl_typesupport_fastrtps_cpp/mir_msgs/msg/detail/dds_fastrtps/pendant__type_support.cpp.o[0m
[22.487s] [ 76%] [32mBuilding CXX object CMakeFiles/mir_msgs__rosidl_typesupport_fastrtps_c.dir/rosidl_typesupport_fastrtps_c/mir_msgs/msg/detail/proximity__type_support_c.cpp.o[0m
[22.562s] [ 77%] [32mBuilding CXX object CMakeFiles/mir_msgs__rosidl_typesupport_fastrtps_c.dir/rosidl_typesupport_fastrtps_c/mir_msgs/msg/detail/resources_state__type_support_c.cpp.o[0m
[22.712s] [ 77%] [32mBuilding CXX object CMakeFiles/mir_msgs__rosidl_typesupport_fastrtps_c.dir/rosidl_typesupport_fastrtps_c/mir_msgs/msg/detail/resource_state__type_support_c.cpp.o[0m
[22.742s] [ 77%] [32mBuilding CXX object CMakeFiles/mir_msgs__rosidl_typesupport_fastrtps_cpp.dir/rosidl_typesupport_fastrtps_cpp/mir_msgs/msg/detail/dds_fastrtps/plan_segment__type_support.cpp.o[0m
[22.783s] [ 77%] [32mBuilding CXX object CMakeFiles/mir_msgs__rosidl_typesupport_fastrtps_cpp.dir/rosidl_typesupport_fastrtps_cpp/mir_msgs/msg/detail/dds_fastrtps/plan_segments__type_support.cpp.o[0m
[22.791s] [ 77%] [32mBuilding CXX object CMakeFiles/mir_msgs__rosidl_typesupport_fastrtps_c.dir/rosidl_typesupport_fastrtps_c/mir_msgs/msg/detail/robot_mode__type_support_c.cpp.o[0m
[22.801s] [ 77%] [32mBuilding CXX object CMakeFiles/mir_msgs__rosidl_typesupport_fastrtps_c.dir/rosidl_typesupport_fastrtps_c/mir_msgs/msg/detail/robot_state__type_support_c.cpp.o[0m
[22.854s] [ 77%] [32m[1mLinking CXX shared library libmir_msgs__rosidl_typesupport_introspection_cpp.so[0m
[22.912s] [ 78%] [32mBuilding CXX object CMakeFiles/mir_msgs__rosidl_typesupport_fastrtps_cpp.dir/rosidl_typesupport_fastrtps_cpp/mir_msgs/msg/detail/dds_fastrtps/pose2_d__type_support.cpp.o[0m
[22.986s] [ 79%] [32mBuilding CXX object CMakeFiles/mir_msgs__rosidl_typesupport_fastrtps_c.dir/rosidl_typesupport_fastrtps_c/mir_msgs/msg/detail/robot_status__type_support_c.cpp.o[0m
[23.030s] [ 79%] [32mBuilding CXX object CMakeFiles/mir_msgs__rosidl_typesupport_fastrtps_c.dir/rosidl_typesupport_fastrtps_c/mir_msgs/msg/detail/safety_status__type_support_c.cpp.o[0m
[23.059s] [ 79%] [32mBuilding CXX object CMakeFiles/mir_msgs__rosidl_typesupport_fastrtps_c.dir/rosidl_typesupport_fastrtps_c/mir_msgs/msg/detail/serial__type_support_c.cpp.o[0m
[23.198s] [ 79%] [32mBuilding CXX object CMakeFiles/mir_msgs__rosidl_typesupport_fastrtps_c.dir/rosidl_typesupport_fastrtps_c/mir_msgs/msg/detail/stamped_encoders__type_support_c.cpp.o[0m
[23.237s] [ 80%] [32mBuilding CXX object CMakeFiles/mir_msgs__rosidl_typesupport_fastrtps_c.dir/rosidl_typesupport_fastrtps_c/mir_msgs/msg/detail/trolley__type_support_c.cpp.o[0m
[23.240s] [ 80%] [32mBuilding CXX object CMakeFiles/mir_msgs__rosidl_typesupport_fastrtps_cpp.dir/rosidl_typesupport_fastrtps_cpp/mir_msgs/msg/detail/dds_fastrtps/power_board_motor_status__type_support.cpp.o[0m
[23.255s] [ 80%] Built target mir_msgs__rosidl_typesupport_introspection_cpp
[23.273s] [ 80%] [32mBuilding CXX object CMakeFiles/mir_msgs__rosidl_typesupport_fastrtps_c.dir/rosidl_typesupport_fastrtps_c/mir_msgs/msg/detail/twist2_d__type_support_c.cpp.o[0m
[23.297s] [ 80%] [32mBuilding CXX object CMakeFiles/mir_msgs__rosidl_typesupport_fastrtps_cpp.dir/rosidl_typesupport_fastrtps_cpp/mir_msgs/msg/detail/dds_fastrtps/proximity__type_support.cpp.o[0m
[23.299s] [ 80%] [32mBuilding CXX object CMakeFiles/mir_msgs__rosidl_typesupport_fastrtps_c.dir/rosidl_typesupport_fastrtps_c/mir_msgs/msg/detail/user_prompt__type_support_c.cpp.o[0m
[23.324s] [ 80%] [32mBuilding CXX object CMakeFiles/mir_msgs__rosidl_typesupport_fastrtps_c.dir/rosidl_typesupport_fastrtps_c/mir_msgs/msg/detail/web_path__type_support_c.cpp.o[0m
[23.382s] [ 81%] [32mBuilding CXX object CMakeFiles/mir_msgs__rosidl_typesupport_fastrtps_c.dir/rosidl_typesupport_fastrtps_c/mir_msgs/msg/detail/world_map__type_support_c.cpp.o[0m
[23.399s] [ 81%] [32mBuilding CXX object CMakeFiles/mir_msgs__rosidl_typesupport_fastrtps_c.dir/rosidl_typesupport_fastrtps_c/mir_msgs/msg/detail/world_model__type_support_c.cpp.o[0m
[23.414s] [ 81%] [32mBuilding CXX object CMakeFiles/mir_msgs__rosidl_typesupport_fastrtps_cpp.dir/rosidl_typesupport_fastrtps_cpp/mir_msgs/msg/detail/dds_fastrtps/resources_state__type_support.cpp.o[0m
[23.510s] [ 82%] [32mBuilding CXX object CMakeFiles/mir_msgs__rosidl_typesupport_fastrtps_cpp.dir/rosidl_typesupport_fastrtps_cpp/mir_msgs/msg/detail/dds_fastrtps/resource_state__type_support.cpp.o[0m
[23.730s] [ 82%] [32mBuilding CXX object CMakeFiles/mir_msgs__rosidl_typesupport_fastrtps_cpp.dir/rosidl_typesupport_fastrtps_cpp/mir_msgs/msg/detail/dds_fastrtps/robot_mode__type_support.cpp.o[0m
[23.872s] [ 82%] [32mBuilding CXX object CMakeFiles/mir_msgs__rosidl_typesupport_fastrtps_cpp.dir/rosidl_typesupport_fastrtps_cpp/mir_msgs/msg/detail/dds_fastrtps/robot_state__type_support.cpp.o[0m
[23.895s] [ 82%] [32mBuilding CXX object CMakeFiles/mir_msgs__rosidl_typesupport_fastrtps_c.dir/rosidl_typesupport_fastrtps_c/mir_msgs/srv/detail/exec_mission__type_support_c.cpp.o[0m
[23.906s] [ 82%] [32mBuilding CXX object CMakeFiles/mir_msgs__rosidl_typesupport_fastrtps_cpp.dir/rosidl_typesupport_fastrtps_cpp/mir_msgs/msg/detail/dds_fastrtps/robot_status__type_support.cpp.o[0m
[23.921s] [ 83%] [32mBuilding CXX object CMakeFiles/mir_msgs__rosidl_typesupport_fastrtps_cpp.dir/rosidl_typesupport_fastrtps_cpp/mir_msgs/msg/detail/dds_fastrtps/safety_status__type_support.cpp.o[0m
[23.970s] [ 83%] [32mBuilding CXX object CMakeFiles/mir_msgs__rosidl_typesupport_fastrtps_cpp.dir/rosidl_typesupport_fastrtps_cpp/mir_msgs/msg/detail/dds_fastrtps/serial__type_support.cpp.o[0m
[23.984s] [ 83%] [32mBuilding CXX object CMakeFiles/mir_msgs__rosidl_typesupport_fastrtps_cpp.dir/rosidl_typesupport_fastrtps_cpp/mir_msgs/msg/detail/dds_fastrtps/stamped_encoders__type_support.cpp.o[0m
[24.066s] [ 83%] [32mBuilding CXX object CMakeFiles/mir_msgs__rosidl_typesupport_fastrtps_cpp.dir/rosidl_typesupport_fastrtps_cpp/mir_msgs/msg/detail/dds_fastrtps/trolley__type_support.cpp.o[0m
[24.119s] [ 84%] [32mBuilding CXX object CMakeFiles/mir_msgs__rosidl_typesupport_fastrtps_cpp.dir/rosidl_typesupport_fastrtps_cpp/mir_msgs/msg/detail/dds_fastrtps/twist2_d__type_support.cpp.o[0m
[24.175s] [ 84%] [32mBuilding CXX object CMakeFiles/mir_msgs__rosidl_typesupport_fastrtps_cpp.dir/rosidl_typesupport_fastrtps_cpp/mir_msgs/msg/detail/dds_fastrtps/user_prompt__type_support.cpp.o[0m
[24.185s] [ 84%] [32mBuilding CXX object CMakeFiles/mir_msgs__rosidl_typesupport_fastrtps_cpp.dir/rosidl_typesupport_fastrtps_cpp/mir_msgs/msg/detail/dds_fastrtps/web_path__type_support.cpp.o[0m
[24.212s] [ 84%] [32mBuilding CXX object CMakeFiles/mir_msgs__rosidl_typesupport_fastrtps_cpp.dir/rosidl_typesupport_fastrtps_cpp/mir_msgs/msg/detail/dds_fastrtps/world_map__type_support.cpp.o[0m
[24.218s] [ 85%] [32mBuilding CXX object CMakeFiles/mir_msgs__rosidl_typesupport_fastrtps_cpp.dir/rosidl_typesupport_fastrtps_cpp/mir_msgs/msg/detail/dds_fastrtps/world_model__type_support.cpp.o[0m
[24.250s] [ 85%] [32mBuilding CXX object CMakeFiles/mir_msgs__rosidl_typesupport_fastrtps_cpp.dir/rosidl_typesupport_fastrtps_cpp/mir_msgs/srv/detail/dds_fastrtps/exec_mission__type_support.cpp.o[0m
[24.815s] [ 85%] [32m[1mLinking CXX shared library libmir_msgs__rosidl_typesupport_fastrtps_c.so[0m
[24.972s] [ 85%] Built target mir_msgs__rosidl_typesupport_fastrtps_c
[25.289s] [ 85%] [32m[1mLinking CXX shared library libmir_msgs__rosidl_typesupport_fastrtps_cpp.so[0m
[25.474s] [ 85%] Built target mir_msgs__rosidl_typesupport_fastrtps_cpp
[25.510s] [ 85%] Built target mir_msgs
[25.550s] [ 85%] [34m[1mGenerating Python code for ROS interfaces[0m
[31.820s] [ 85%] Built target mir_msgs__py
[31.851s] [ 85%] [32mBuilding C object CMakeFiles/mir_msgs__rosidl_generator_py.dir/rosidl_generator_py/mir_msgs/msg/_charging_state_s.c.o[0m
[31.851s] [ 86%] [32mBuilding C object CMakeFiles/mir_msgs__rosidl_generator_py.dir/rosidl_generator_py/mir_msgs/msg/_devices_s.c.o[0m
[31.851s] [ 87%] [32mBuilding C object CMakeFiles/mir_msgs__rosidl_generator_py.dir/rosidl_generator_py/mir_msgs/msg/_bms_data_s.c.o[0m
[31.851s] [ 87%] [32mBuilding C object CMakeFiles/mir_msgs__rosidl_generator_py.dir/rosidl_generator_py/mir_msgs/msg/_battery_currents_s.c.o[0m
[31.851s] [ 87%] [32mBuilding C object CMakeFiles/mir_msgs__rosidl_generator_py.dir/rosidl_generator_py/mir_msgs/msg/_device_s.c.o[0m
[31.852s] [ 87%] [32mBuilding C object CMakeFiles/mir_msgs__rosidl_generator_py.dir/rosidl_generator_py/mir_msgs/msg/_brake_state_s.c.o[0m
[31.852s] [ 87%] [32mBuilding C object CMakeFiles/mir_msgs__rosidl_generator_py.dir/rosidl_generator_py/mir_msgs/msg/_encoders_s.c.o[0m
[31.853s] [ 87%] [32mBuilding C object CMakeFiles/mir_msgs__rosidl_generator_py.dir/rosidl_generator_py/mir_msgs/msg/_error_s.c.o[0m
[31.853s] [ 87%] [32mBuilding C object CMakeFiles/mir_msgs__rosidl_generator_py.dir/rosidl_generator_py/mir_msgs/msg/_external_robot_s.c.o[0m
[31.854s] [ 88%] [32mBuilding C object CMakeFiles/mir_msgs__rosidl_generator_py.dir/rosidl_generator_py/mir_msgs/msg/_event_s.c.o[0m
[31.857s] [ 88%] [32mBuilding C object CMakeFiles/mir_msgs__rosidl_generator_py.dir/rosidl_generator_py/mir_msgs/msg/_events_s.c.o[0m
[31.857s] [ 88%] [32mBuilding C object CMakeFiles/mir_msgs__rosidl_generator_py.dir/rosidl_generator_py/mir_msgs/msg/_external_robots_s.c.o[0m
[31.857s] [ 89%] [32mBuilding C object CMakeFiles/mir_msgs__rosidl_generator_py.dir/rosidl_generator_py/mir_msgs/msg/_gripper_state_s.c.o[0m
[31.857s] [ 89%] [32mBuilding C object CMakeFiles/mir_msgs__rosidl_generator_py.dir/rosidl_generator_py/mir_msgs/msg/_height_state_s.c.o[0m
[31.857s] [ 89%] [32mBuilding C object CMakeFiles/mir_msgs__rosidl_generator_py.dir/rosidl_generator_py/mir_msgs/msg/_gpio_s.c.o[0m
[31.858s] [ 89%] [32mBuilding C object CMakeFiles/mir_msgs__rosidl_generator_py.dir/rosidl_generator_py/mir_msgs/msg/_hook_extended_status_s.c.o[0m
[31.858s] [ 90%] [32mBuilding C object CMakeFiles/mir_msgs__rosidl_generator_py.dir/rosidl_generator_py/mir_msgs/msg/_hook_status_s.c.o[0m
[31.862s] [ 90%] [32mBuilding C object CMakeFiles/mir_msgs__rosidl_generator_py.dir/rosidl_generator_py/mir_msgs/msg/_joystick_vel_s.c.o[0m
[31.866s] [ 90%] [32mBuilding C object CMakeFiles/mir_msgs__rosidl_generator_py.dir/rosidl_generator_py/mir_msgs/msg/_i_os_s.c.o[0m
[31.869s] [ 90%] [32mBuilding C object CMakeFiles/mir_msgs__rosidl_generator_py.dir/rosidl_generator_py/mir_msgs/msg/_local_map_stat_s.c.o[0m
[32.083s] [ 91%] [32mBuilding C object CMakeFiles/mir_msgs__rosidl_generator_py.dir/rosidl_generator_py/mir_msgs/msg/_mir_extra_s.c.o[0m
[32.093s] [ 91%] [32mBuilding C object CMakeFiles/mir_msgs__rosidl_generator_py.dir/rosidl_generator_py/mir_msgs/msg/_mission_ctrl_command_s.c.o[0m
[32.094s] [ 91%] [32mBuilding C object CMakeFiles/mir_msgs__rosidl_generator_py.dir/rosidl_generator_py/mir_msgs/msg/_pallet_lifter_status_s.c.o[0m
[32.098s] [ 91%] [32mBuilding C object CMakeFiles/mir_msgs__rosidl_generator_py.dir/rosidl_generator_py/mir_msgs/msg/_pendant_s.c.o[0m
[32.098s] [ 92%] [32mBuilding C object CMakeFiles/mir_msgs__rosidl_generator_py.dir/rosidl_generator_py/mir_msgs/msg/_path_s.c.o[0m
[32.098s] [ 92%] [32mBuilding C object CMakeFiles/mir_msgs__rosidl_generator_py.dir/rosidl_generator_py/mir_msgs/msg/_plan_segment_s.c.o[0m
[32.103s] [ 92%] [32mBuilding C object CMakeFiles/mir_msgs__rosidl_generator_py.dir/rosidl_generator_py/mir_msgs/msg/_power_board_motor_status_s.c.o[0m
[32.104s] [ 92%] [32mBuilding C object CMakeFiles/mir_msgs__rosidl_generator_py.dir/rosidl_generator_py/mir_msgs/msg/_plan_segments_s.c.o[0m
[32.104s] [ 93%] [32mBuilding C object CMakeFiles/mir_msgs__rosidl_generator_py.dir/rosidl_generator_py/mir_msgs/msg/_pose2_d_s.c.o[0m
[32.104s] [ 93%] [32mBuilding C object CMakeFiles/mir_msgs__rosidl_generator_py.dir/rosidl_generator_py/mir_msgs/msg/_mission_ctrl_state_s.c.o[0m
[32.110s] [ 93%] [32mBuilding C object CMakeFiles/mir_msgs__rosidl_generator_py.dir/rosidl_generator_py/mir_msgs/msg/_resources_state_s.c.o[0m
[32.110s] [ 93%] [32mBuilding C object CMakeFiles/mir_msgs__rosidl_generator_py.dir/rosidl_generator_py/mir_msgs/msg/_proximity_s.c.o[0m
[32.121s] [ 93%] [32mBuilding C object CMakeFiles/mir_msgs__rosidl_generator_py.dir/rosidl_generator_py/mir_msgs/msg/_robot_mode_s.c.o[0m
[32.123s] [ 93%] [32mBuilding C object CMakeFiles/mir_msgs__rosidl_generator_py.dir/rosidl_generator_py/mir_msgs/msg/_robot_state_s.c.o[0m
[32.124s] [ 94%] [32mBuilding C object CMakeFiles/mir_msgs__rosidl_generator_py.dir/rosidl_generator_py/mir_msgs/msg/_resource_state_s.c.o[0m
[32.128s] [ 94%] [32mBuilding C object CMakeFiles/mir_msgs__rosidl_generator_py.dir/rosidl_generator_py/mir_msgs/msg/_robot_status_s.c.o[0m
[32.166s] [ 94%] [32mBuilding C object CMakeFiles/mir_msgs__rosidl_generator_py.dir/rosidl_generator_py/mir_msgs/msg/_serial_s.c.o[0m
[32.170s] [ 94%] [32mBuilding C object CMakeFiles/mir_msgs__rosidl_generator_py.dir/rosidl_generator_py/mir_msgs/msg/_stamped_encoders_s.c.o[0m
[32.190s] [ 95%] [32mBuilding C object CMakeFiles/mir_msgs__rosidl_generator_py.dir/rosidl_generator_py/mir_msgs/msg/_safety_status_s.c.o[0m
[32.194s] [ 95%] [32mBuilding C object CMakeFiles/mir_msgs__rosidl_generator_py.dir/rosidl_generator_py/mir_msgs/msg/_trolley_s.c.o[0m
[32.330s] [ 96%] [32mBuilding C object CMakeFiles/mir_msgs__rosidl_generator_py.dir/rosidl_generator_py/mir_msgs/msg/_twist2_d_s.c.o[0m
[32.335s] [ 96%] [32mBuilding C object CMakeFiles/mir_msgs__rosidl_generator_py.dir/rosidl_generator_py/mir_msgs/msg/_user_prompt_s.c.o[0m
[32.344s] [ 96%] [32mBuilding C object CMakeFiles/mir_msgs__rosidl_generator_py.dir/rosidl_generator_py/mir_msgs/msg/_world_map_s.c.o[0m
[32.346s] [ 97%] [32mBuilding C object CMakeFiles/mir_msgs__rosidl_generator_py.dir/rosidl_generator_py/mir_msgs/msg/_world_model_s.c.o[0m
[32.352s] [ 97%] [32mBuilding C object CMakeFiles/mir_msgs__rosidl_generator_py.dir/rosidl_generator_py/mir_msgs/msg/_web_path_s.c.o[0m
[32.355s] [ 97%] [32mBuilding C object CMakeFiles/mir_msgs__rosidl_generator_py.dir/rosidl_generator_py/mir_msgs/srv/_exec_mission_s.c.o[0m
[32.523s] [ 97%] [32m[1mLinking C shared library rosidl_generator_py/mir_msgs/libmir_msgs__rosidl_generator_py.so[0m
[32.576s] [ 97%] Built target mir_msgs__rosidl_generator_py
[32.604s] [ 98%] [32mBuilding C object CMakeFiles/mir_msgs__rosidl_typesupport_introspection_c__pyext.dir/rosidl_generator_py/mir_msgs/_mir_msgs_s.ep.rosidl_typesupport_introspection_c.c.o[0m
[32.606s] [100%] [32mBuilding C object CMakeFiles/mir_msgs__rosidl_typesupport_c__pyext.dir/rosidl_generator_py/mir_msgs/_mir_msgs_s.ep.rosidl_typesupport_c.c.o[0m
[32.606s] [100%] [32mBuilding C object CMakeFiles/mir_msgs__rosidl_typesupport_fastrtps_c__pyext.dir/rosidl_generator_py/mir_msgs/_mir_msgs_s.ep.rosidl_typesupport_fastrtps_c.c.o[0m
[32.931s] [100%] [32m[1mLinking C shared library rosidl_generator_py/mir_msgs/mir_msgs_s__rosidl_typesupport_c.cpython-310-x86_64-linux-gnu.so[0m
[32.946s] [100%] [32m[1mLinking C shared library rosidl_generator_py/mir_msgs/mir_msgs_s__rosidl_typesupport_fastrtps_c.cpython-310-x86_64-linux-gnu.so[0m
[32.981s] [100%] [32m[1mLinking C shared library rosidl_generator_py/mir_msgs/mir_msgs_s__rosidl_typesupport_introspection_c.cpython-310-x86_64-linux-gnu.so[0m
[33.016s] [100%] Built target mir_msgs__rosidl_typesupport_c__pyext
[33.023s] [100%] Built target mir_msgs__rosidl_typesupport_fastrtps_c__pyext
[33.048s] [100%] Built target mir_msgs__rosidl_typesupport_introspection_c__pyext
[33.064s] Invoked command in '/home/basmala/mir250_ws/src/MiR250/MIR_250/build/mir_msgs' returned '0': CMAKE_PREFIX_PATH=${CMAKE_PREFIX_PATH}:/home/basmala/mir250_ws/src/MiR250/MIR_250/install/mir_restapi:/home/basmala/mir250_ws/src/MiR250/MIR_250/install/mir_manual_navigation:/home/basmala/mir250_ws/src/MiR250/MIR_250/install/graph_based_navigation_system:/home/basmala/mir250_ws/src/MiR250/MIR_250/install/mir_driver:/home/basmala/mir250_ws/install/mir_restapi:/home/basmala/mir250_ws/install/mir_manual_navigation:/home/basmala/mir250_ws/install/graph_based_navigation_system:/home/basmala/mir250_ws/install/mir_driver:/opt/ros/humble /usr/bin/cmake --build /home/basmala/mir250_ws/src/MiR250/MIR_250/build/mir_msgs -- -j20 -l20
[33.065s] Invoking command in '/home/basmala/mir250_ws/src/MiR250/MIR_250/build/mir_msgs': CMAKE_PREFIX_PATH=${CMAKE_PREFIX_PATH}:/home/basmala/mir250_ws/src/MiR250/MIR_250/install/mir_restapi:/home/basmala/mir250_ws/src/MiR250/MIR_250/install/mir_manual_navigation:/home/basmala/mir250_ws/src/MiR250/MIR_250/install/graph_based_navigation_system:/home/basmala/mir250_ws/src/MiR250/MIR_250/install/mir_driver:/home/basmala/mir250_ws/install/mir_restapi:/home/basmala/mir250_ws/install/mir_manual_navigation:/home/basmala/mir250_ws/install/graph_based_navigation_system:/home/basmala/mir250_ws/install/mir_driver:/opt/ros/humble /usr/bin/cmake --install /home/basmala/mir250_ws/src/MiR250/MIR_250/build/mir_msgs
[33.076s] -- Install configuration: ""
[33.076s] -- Installing: /home/basmala/mir250_ws/src/MiR250/MIR_250/install/mir_msgs/share/ament_index/resource_index/rosidl_interfaces/mir_msgs
[33.076s] -- Installing: /home/basmala/mir250_ws/src/MiR250/MIR_250/install/mir_msgs/include/mir_msgs/mir_msgs
[33.076s] -- Installing: /home/basmala/mir250_ws/src/MiR250/MIR_250/install/mir_msgs/include/mir_msgs/mir_msgs/srv
[33.076s] -- Installing: /home/basmala/mir250_ws/src/MiR250/MIR_250/install/mir_msgs/include/mir_msgs/mir_msgs/srv/detail
[33.076s] -- Installing: /home/basmala/mir250_ws/src/MiR250/MIR_250/install/mir_msgs/include/mir_msgs/mir_msgs/srv/detail/exec_mission__functions.c
[33.077s] -- Installing: /home/basmala/mir250_ws/src/MiR250/MIR_250/install/mir_msgs/include/mir_msgs/mir_msgs/srv/detail/exec_mission__functions.h
[33.077s] -- Installing: /home/basmala/mir250_ws/src/MiR250/MIR_250/install/mir_msgs/include/mir_msgs/mir_msgs/srv/detail/exec_mission__struct.h
[33.077s] -- Installing: /home/basmala/mir250_ws/src/MiR250/MIR_250/install/mir_msgs/include/mir_msgs/mir_msgs/srv/detail/exec_mission__type_support.h
[33.077s] -- Installing: /home/basmala/mir250_ws/src/MiR250/MIR_250/install/mir_msgs/include/mir_msgs/mir_msgs/srv/exec_mission.h
[33.078s] -- Installing: /home/basmala/mir250_ws/src/MiR250/MIR_250/install/mir_msgs/include/mir_msgs/mir_msgs/msg
[33.078s] -- Installing: /home/basmala/mir250_ws/src/MiR250/MIR_250/install/mir_msgs/include/mir_msgs/mir_msgs/msg/stamped_encoders.h
[33.078s] -- Installing: /home/basmala/mir250_ws/src/MiR250/MIR_250/install/mir_msgs/include/mir_msgs/mir_msgs/msg/pendant.h
[33.078s] -- Installing: /home/basmala/mir250_ws/src/MiR250/MIR_250/install/mir_msgs/include/mir_msgs/mir_msgs/msg/external_robots.h
[33.078s] -- Installing: /home/basmala/mir250_ws/src/MiR250/MIR_250/install/mir_msgs/include/mir_msgs/mir_msgs/msg/path.h
[33.079s] -- Installing: /home/basmala/mir250_ws/src/MiR250/MIR_250/install/mir_msgs/include/mir_msgs/mir_msgs/msg/encoders.h
[33.079s] -- Installing: /home/basmala/mir250_ws/src/MiR250/MIR_250/install/mir_msgs/include/mir_msgs/mir_msgs/msg/proximity.h
[33.079s] -- Installing: /home/basmala/mir250_ws/src/MiR250/MIR_250/install/mir_msgs/include/mir_msgs/mir_msgs/msg/device.h
[33.079s] -- Installing: /home/basmala/mir250_ws/src/MiR250/MIR_250/install/mir_msgs/include/mir_msgs/mir_msgs/msg/twist2_d.h
[33.079s] -- Installing: /home/basmala/mir250_ws/src/MiR250/MIR_250/install/mir_msgs/include/mir_msgs/mir_msgs/msg/event.h
[33.079s] -- Installing: /home/basmala/mir250_ws/src/MiR250/MIR_250/install/mir_msgs/include/mir_msgs/mir_msgs/msg/pallet_lifter_status.h
[33.079s] -- Installing: /home/basmala/mir250_ws/src/MiR250/MIR_250/install/mir_msgs/include/mir_msgs/mir_msgs/msg/devices.h
[33.079s] -- Installing: /home/basmala/mir250_ws/src/MiR250/MIR_250/install/mir_msgs/include/mir_msgs/mir_msgs/msg/world_model.h
[33.079s] -- Installing: /home/basmala/mir250_ws/src/MiR250/MIR_250/install/mir_msgs/include/mir_msgs/mir_msgs/msg/events.h
[33.079s] -- Installing: /home/basmala/mir250_ws/src/MiR250/MIR_250/install/mir_msgs/include/mir_msgs/mir_msgs/msg/resources_state.h
[33.080s] -- Installing: /home/basmala/mir250_ws/src/MiR250/MIR_250/install/mir_msgs/include/mir_msgs/mir_msgs/msg/robot_state.h
[33.080s] -- Installing: /home/basmala/mir250_ws/src/MiR250/MIR_250/install/mir_msgs/include/mir_msgs/mir_msgs/msg/world_map.h
[33.080s] -- Installing: /home/basmala/mir250_ws/src/MiR250/MIR_250/install/mir_msgs/include/mir_msgs/mir_msgs/msg/i_os.h
[33.080s] -- Installing: /home/basmala/mir250_ws/src/MiR250/MIR_250/install/mir_msgs/include/mir_msgs/mir_msgs/msg/trolley.h
[33.080s] -- Installing: /home/basmala/mir250_ws/src/MiR250/MIR_250/install/mir_msgs/include/mir_msgs/mir_msgs/msg/rosidl_generator_c__visibility_control.h
[33.080s] -- Installing: /home/basmala/mir250_ws/src/MiR250/MIR_250/install/mir_msgs/include/mir_msgs/mir_msgs/msg/gripper_state.h
[33.080s] -- Installing: /home/basmala/mir250_ws/src/MiR250/MIR_250/install/mir_msgs/include/mir_msgs/mir_msgs/msg/error.h
[33.080s] -- Installing: /home/basmala/mir250_ws/src/MiR250/MIR_250/install/mir_msgs/include/mir_msgs/mir_msgs/msg/mission_ctrl_command.h
[33.080s] -- Installing: /home/basmala/mir250_ws/src/MiR250/MIR_250/install/mir_msgs/include/mir_msgs/mir_msgs/msg/mir_extra.h
[33.081s] -- Installing: /home/basmala/mir250_ws/src/MiR250/MIR_250/install/mir_msgs/include/mir_msgs/mir_msgs/msg/serial.h
[33.081s] -- Installing: /home/basmala/mir250_ws/src/MiR250/MIR_250/install/mir_msgs/include/mir_msgs/mir_msgs/msg/joystick_vel.h
[33.081s] -- Installing: /home/basmala/mir250_ws/src/MiR250/MIR_250/install/mir_msgs/include/mir_msgs/mir_msgs/msg/battery_currents.h
[33.081s] -- Installing: /home/basmala/mir250_ws/src/MiR250/MIR_250/install/mir_msgs/include/mir_msgs/mir_msgs/msg/detail
[33.081s] -- Installing: /home/basmala/mir250_ws/src/MiR250/MIR_250/install/mir_msgs/include/mir_msgs/mir_msgs/msg/detail/height_state__type_support.h
[33.081s] -- Installing: /home/basmala/mir250_ws/src/MiR250/MIR_250/install/mir_msgs/include/mir_msgs/mir_msgs/msg/detail/gpio__functions.c
[33.081s] -- Installing: /home/basmala/mir250_ws/src/MiR250/MIR_250/install/mir_msgs/include/mir_msgs/mir_msgs/msg/detail/robot_mode__type_support.h
[33.081s] -- Installing: /home/basmala/mir250_ws/src/MiR250/MIR_250/install/mir_msgs/include/mir_msgs/mir_msgs/msg/detail/events__functions.c
[33.081s] -- Installing: /home/basmala/mir250_ws/src/MiR250/MIR_250/install/mir_msgs/include/mir_msgs/mir_msgs/msg/detail/path__functions.c
[33.082s] -- Installing: /home/basmala/mir250_ws/src/MiR250/MIR_250/install/mir_msgs/include/mir_msgs/mir_msgs/msg/detail/web_path__struct.h
[33.082s] -- Installing: /home/basmala/mir250_ws/src/MiR250/MIR_250/install/mir_msgs/include/mir_msgs/mir_msgs/msg/detail/mission_ctrl_state__struct.h
[33.082s] -- Installing: /home/basmala/mir250_ws/src/MiR250/MIR_250/install/mir_msgs/include/mir_msgs/mir_msgs/msg/detail/resources_state__struct.h
[33.082s] -- Installing: /home/basmala/mir250_ws/src/MiR250/MIR_250/install/mir_msgs/include/mir_msgs/mir_msgs/msg/detail/robot_state__functions.c
[33.082s] -- Installing: /home/basmala/mir250_ws/src/MiR250/MIR_250/install/mir_msgs/include/mir_msgs/mir_msgs/msg/detail/hook_status__struct.h
[33.082s] -- Installing: /home/basmala/mir250_ws/src/MiR250/MIR_250/install/mir_msgs/include/mir_msgs/mir_msgs/msg/detail/height_state__struct.h
[33.082s] -- Installing: /home/basmala/mir250_ws/src/MiR250/MIR_250/install/mir_msgs/include/mir_msgs/mir_msgs/msg/detail/devices__type_support.h
[33.082s] -- Installing: /home/basmala/mir250_ws/src/MiR250/MIR_250/install/mir_msgs/include/mir_msgs/mir_msgs/msg/detail/external_robots__type_support.h
[33.082s] -- Installing: /home/basmala/mir250_ws/src/MiR250/MIR_250/install/mir_msgs/include/mir_msgs/mir_msgs/msg/detail/mission_ctrl_command__functions.c
[33.083s] -- Installing: /home/basmala/mir250_ws/src/MiR250/MIR_250/install/mir_msgs/include/mir_msgs/mir_msgs/msg/detail/encoders__functions.c
[33.083s] -- Installing: /home/basmala/mir250_ws/src/MiR250/MIR_250/install/mir_msgs/include/mir_msgs/mir_msgs/msg/detail/robot_mode__functions.h
[33.083s] -- Installing: /home/basmala/mir250_ws/src/MiR250/MIR_250/install/mir_msgs/include/mir_msgs/mir_msgs/msg/detail/mission_ctrl_state__type_support.h
[33.083s] -- Installing: /home/basmala/mir250_ws/src/MiR250/MIR_250/install/mir_msgs/include/mir_msgs/mir_msgs/msg/detail/mission_ctrl_state__functions.c
[33.083s] -- Installing: /home/basmala/mir250_ws/src/MiR250/MIR_250/install/mir_msgs/include/mir_msgs/mir_msgs/msg/detail/pallet_lifter_status__struct.h
[33.083s] -- Installing: /home/basmala/mir250_ws/src/MiR250/MIR_250/install/mir_msgs/include/mir_msgs/mir_msgs/msg/detail/devices__struct.h
[33.083s] -- Installing: /home/basmala/mir250_ws/src/MiR250/MIR_250/install/mir_msgs/include/mir_msgs/mir_msgs/msg/detail/charging_state__functions.h
[33.083s] -- Installing: /home/basmala/mir250_ws/src/MiR250/MIR_250/install/mir_msgs/include/mir_msgs/mir_msgs/msg/detail/plan_segment__functions.c
[33.083s] -- Installing: /home/basmala/mir250_ws/src/MiR250/MIR_250/install/mir_msgs/include/mir_msgs/mir_msgs/msg/detail/world_model__functions.c
[33.084s] -- Installing: /home/basmala/mir250_ws/src/MiR250/MIR_250/install/mir_msgs/include/mir_msgs/mir_msgs/msg/detail/brake_state__functions.h
[33.084s] -- Installing: /home/basmala/mir250_ws/src/MiR250/MIR_250/install/mir_msgs/include/mir_msgs/mir_msgs/msg/detail/encoders__type_support.h
[33.084s] -- Installing: /home/basmala/mir250_ws/src/MiR250/MIR_250/install/mir_msgs/include/mir_msgs/mir_msgs/msg/detail/power_board_motor_status__struct.h
[33.084s] -- Installing: /home/basmala/mir250_ws/src/MiR250/MIR_250/install/mir_msgs/include/mir_msgs/mir_msgs/msg/detail/encoders__struct.h
[33.084s] -- Installing: /home/basmala/mir250_ws/src/MiR250/MIR_250/install/mir_msgs/include/mir_msgs/mir_msgs/msg/detail/joystick_vel__type_support.h
[33.084s] -- Installing: /home/basmala/mir250_ws/src/MiR250/MIR_250/install/mir_msgs/include/mir_msgs/mir_msgs/msg/detail/hook_status__functions.c
[33.084s] -- Installing: /home/basmala/mir250_ws/src/MiR250/MIR_250/install/mir_msgs/include/mir_msgs/mir_msgs/msg/detail/trolley__functions.h
[33.085s] -- Installing: /home/basmala/mir250_ws/src/MiR250/MIR_250/install/mir_msgs/include/mir_msgs/mir_msgs/msg/detail/battery_currents__struct.h
[33.085s] -- Installing: /home/basmala/mir250_ws/src/MiR250/MIR_250/install/mir_msgs/include/mir_msgs/mir_msgs/msg/detail/battery_currents__type_support.h
[33.085s] -- Installing: /home/basmala/mir250_ws/src/MiR250/MIR_250/install/mir_msgs/include/mir_msgs/mir_msgs/msg/detail/device__type_support.h
[33.085s] -- Installing: /home/basmala/mir250_ws/src/MiR250/MIR_250/install/mir_msgs/include/mir_msgs/mir_msgs/msg/detail/trolley__struct.h
[33.085s] -- Installing: /home/basmala/mir250_ws/src/MiR250/MIR_250/install/mir_msgs/include/mir_msgs/mir_msgs/msg/detail/twist2_d__type_support.h
[33.086s] -- Installing: /home/basmala/mir250_ws/src/MiR250/MIR_250/install/mir_msgs/include/mir_msgs/mir_msgs/msg/detail/i_os__functions.h
[33.086s] -- Installing: /home/basmala/mir250_ws/src/MiR250/MIR_250/install/mir_msgs/include/mir_msgs/mir_msgs/msg/detail/safety_status__type_support.h
[33.086s] -- Installing: /home/basmala/mir250_ws/src/MiR250/MIR_250/install/mir_msgs/include/mir_msgs/mir_msgs/msg/detail/mission_ctrl_command__functions.h
[33.086s] -- Installing: /home/basmala/mir250_ws/src/MiR250/MIR_250/install/mir_msgs/include/mir_msgs/mir_msgs/msg/detail/robot_mode__struct.h
[33.086s] -- Installing: /home/basmala/mir250_ws/src/MiR250/MIR_250/install/mir_msgs/include/mir_msgs/mir_msgs/msg/detail/resource_state__functions.h
[33.086s] -- Installing: /home/basmala/mir250_ws/src/MiR250/MIR_250/install/mir_msgs/include/mir_msgs/mir_msgs/msg/detail/trolley__type_support.h
[33.086s] -- Installing: /home/basmala/mir250_ws/src/MiR250/MIR_250/install/mir_msgs/include/mir_msgs/mir_msgs/msg/detail/local_map_stat__struct.h
[33.086s] -- Installing: /home/basmala/mir250_ws/src/MiR250/MIR_250/install/mir_msgs/include/mir_msgs/mir_msgs/msg/detail/hook_status__functions.h
[33.087s] -- Installing: /home/basmala/mir250_ws/src/MiR250/MIR_250/install/mir_msgs/include/mir_msgs/mir_msgs/msg/detail/pose2_d__type_support.h
[33.087s] -- Installing: /home/basmala/mir250_ws/src/MiR250/MIR_250/install/mir_msgs/include/mir_msgs/mir_msgs/msg/detail/external_robot__struct.h
[33.087s] -- Installing: /home/basmala/mir250_ws/src/MiR250/MIR_250/install/mir_msgs/include/mir_msgs/mir_msgs/msg/detail/plan_segments__functions.h
[33.087s] -- Installing: /home/basmala/mir250_ws/src/MiR250/MIR_250/install/mir_msgs/include/mir_msgs/mir_msgs/msg/detail/stamped_encoders__type_support.h
[33.087s] -- Installing: /home/basmala/mir250_ws/src/MiR250/MIR_250/install/mir_msgs/include/mir_msgs/mir_msgs/msg/detail/robot_status__struct.h
[33.087s] -- Installing: /home/basmala/mir250_ws/src/MiR250/MIR_250/install/mir_msgs/include/mir_msgs/mir_msgs/msg/detail/i_os__functions.c
[33.087s] -- Installing: /home/basmala/mir250_ws/src/MiR250/MIR_250/install/mir_msgs/include/mir_msgs/mir_msgs/msg/detail/proximity__functions.h
[33.087s] -- Installing: /home/basmala/mir250_ws/src/MiR250/MIR_250/install/mir_msgs/include/mir_msgs/mir_msgs/msg/detail/resources_state__functions.h
[33.088s] -- Installing: /home/basmala/mir250_ws/src/MiR250/MIR_250/install/mir_msgs/include/mir_msgs/mir_msgs/msg/detail/pose2_d__functions.h
[33.088s] -- Installing: /home/basmala/mir250_ws/src/MiR250/MIR_250/install/mir_msgs/include/mir_msgs/mir_msgs/msg/detail/safety_status__struct.h
[33.088s] -- Installing: /home/basmala/mir250_ws/src/MiR250/MIR_250/install/mir_msgs/include/mir_msgs/mir_msgs/msg/detail/stamped_encoders__functions.h
[33.088s] -- Installing: /home/basmala/mir250_ws/src/MiR250/MIR_250/install/mir_msgs/include/mir_msgs/mir_msgs/msg/detail/height_state__functions.h
[33.088s] -- Installing: /home/basmala/mir250_ws/src/MiR250/MIR_250/install/mir_msgs/include/mir_msgs/mir_msgs/msg/detail/events__functions.h
[33.088s] -- Installing: /home/basmala/mir250_ws/src/MiR250/MIR_250/install/mir_msgs/include/mir_msgs/mir_msgs/msg/detail/web_path__functions.h
[33.088s] -- Installing: /home/basmala/mir250_ws/src/MiR250/MIR_250/install/mir_msgs/include/mir_msgs/mir_msgs/msg/detail/hook_extended_status__type_support.h
[33.088s] -- Installing: /home/basmala/mir250_ws/src/MiR250/MIR_250/install/mir_msgs/include/mir_msgs/mir_msgs/msg/detail/pendant__type_support.h
[33.089s] -- Installing: /home/basmala/mir250_ws/src/MiR250/MIR_250/install/mir_msgs/include/mir_msgs/mir_msgs/msg/detail/error__functions.h
[33.089s] -- Installing: /home/basmala/mir250_ws/src/MiR250/MIR_250/install/mir_msgs/include/mir_msgs/mir_msgs/msg/detail/world_map__struct.h
[33.089s] -- Installing: /home/basmala/mir250_ws/src/MiR250/MIR_250/install/mir_msgs/include/mir_msgs/mir_msgs/msg/detail/event__functions.h
[33.089s] -- Installing: /home/basmala/mir250_ws/src/MiR250/MIR_250/install/mir_msgs/include/mir_msgs/mir_msgs/msg/detail/mission_ctrl_command__struct.h
[33.089s] -- Installing: /home/basmala/mir250_ws/src/MiR250/MIR_250/install/mir_msgs/include/mir_msgs/mir_msgs/msg/detail/device__struct.h
[33.089s] -- Installing: /home/basmala/mir250_ws/src/MiR250/MIR_250/install/mir_msgs/include/mir_msgs/mir_msgs/msg/detail/error__type_support.h
[33.089s] -- Installing: /home/basmala/mir250_ws/src/MiR250/MIR_250/install/mir_msgs/include/mir_msgs/mir_msgs/msg/detail/robot_state__functions.h
[33.089s] -- Installing: /home/basmala/mir250_ws/src/MiR250/MIR_250/install/mir_msgs/include/mir_msgs/mir_msgs/msg/detail/error__struct.h
[33.089s] -- Installing: /home/basmala/mir250_ws/src/MiR250/MIR_250/install/mir_msgs/include/mir_msgs/mir_msgs/msg/detail/robot_mode__functions.c
[33.089s] -- Installing: /home/basmala/mir250_ws/src/MiR250/MIR_250/install/mir_msgs/include/mir_msgs/mir_msgs/msg/detail/pallet_lifter_status__functions.c
[33.090s] -- Installing: /home/basmala/mir250_ws/src/MiR250/MIR_250/install/mir_msgs/include/mir_msgs/mir_msgs/msg/detail/external_robots__struct.h
[33.090s] -- Installing: /home/basmala/mir250_ws/src/MiR250/MIR_250/install/mir_msgs/include/mir_msgs/mir_msgs/msg/detail/hook_extended_status__functions.c
[33.090s] -- Installing: /home/basmala/mir250_ws/src/MiR250/MIR_250/install/mir_msgs/include/mir_msgs/mir_msgs/msg/detail/twist2_d__functions.h
[33.090s] -- Installing: /home/basmala/mir250_ws/src/MiR250/MIR_250/install/mir_msgs/include/mir_msgs/mir_msgs/msg/detail/pallet_lifter_status__type_support.h
[33.090s] -- Installing: /home/basmala/mir250_ws/src/MiR250/MIR_250/install/mir_msgs/include/mir_msgs/mir_msgs/msg/detail/events__struct.h
[33.090s] -- Installing: /home/basmala/mir250_ws/src/MiR250/MIR_250/install/mir_msgs/include/mir_msgs/mir_msgs/msg/detail/proximity__type_support.h
[33.090s] -- Installing: /home/basmala/mir250_ws/src/MiR250/MIR_250/install/mir_msgs/include/mir_msgs/mir_msgs/msg/detail/mir_extra__functions.h
[33.090s] -- Installing: /home/basmala/mir250_ws/src/MiR250/MIR_250/install/mir_msgs/include/mir_msgs/mir_msgs/msg/detail/joystick_vel__struct.h
[33.090s] -- Installing: /home/basmala/mir250_ws/src/MiR250/MIR_250/install/mir_msgs/include/mir_msgs/mir_msgs/msg/detail/mission_ctrl_state__functions.h
[33.090s] -- Installing: /home/basmala/mir250_ws/src/MiR250/MIR_250/install/mir_msgs/include/mir_msgs/mir_msgs/msg/detail/resources_state__functions.c
[33.091s] -- Installing: /home/basmala/mir250_ws/src/MiR250/MIR_250/install/mir_msgs/include/mir_msgs/mir_msgs/msg/detail/hook_status__type_support.h
[33.091s] -- Installing: /home/basmala/mir250_ws/src/MiR250/MIR_250/install/mir_msgs/include/mir_msgs/mir_msgs/msg/detail/hook_extended_status__functions.h
[33.091s] -- Installing: /home/basmala/mir250_ws/src/MiR250/MIR_250/install/mir_msgs/include/mir_msgs/mir_msgs/msg/detail/safety_status__functions.h
[33.091s] -- Installing: /home/basmala/mir250_ws/src/MiR250/MIR_250/install/mir_msgs/include/mir_msgs/mir_msgs/msg/detail/resources_state__type_support.h
[33.091s] -- Installing: /home/basmala/mir250_ws/src/MiR250/MIR_250/install/mir_msgs/include/mir_msgs/mir_msgs/msg/detail/serial__functions.h
[33.091s] -- Installing: /home/basmala/mir250_ws/src/MiR250/MIR_250/install/mir_msgs/include/mir_msgs/mir_msgs/msg/detail/mir_extra__functions.c
[33.091s] -- Installing: /home/basmala/mir250_ws/src/MiR250/MIR_250/install/mir_msgs/include/mir_msgs/mir_msgs/msg/detail/local_map_stat__functions.h
[33.091s] -- Installing: /home/basmala/mir250_ws/src/MiR250/MIR_250/install/mir_msgs/include/mir_msgs/mir_msgs/msg/detail/joystick_vel__functions.h
[33.091s] -- Installing: /home/basmala/mir250_ws/src/MiR250/MIR_250/install/mir_msgs/include/mir_msgs/mir_msgs/msg/detail/robot_status__functions.c
[33.092s] -- Installing: /home/basmala/mir250_ws/src/MiR250/MIR_250/install/mir_msgs/include/mir_msgs/mir_msgs/msg/detail/local_map_stat__type_support.h
[33.092s] -- Installing: /home/basmala/mir250_ws/src/MiR250/MIR_250/install/mir_msgs/include/mir_msgs/mir_msgs/msg/detail/height_state__functions.c
[33.092s] -- Installing: /home/basmala/mir250_ws/src/MiR250/MIR_250/install/mir_msgs/include/mir_msgs/mir_msgs/msg/detail/charging_state__type_support.h
[33.092s] -- Installing: /home/basmala/mir250_ws/src/MiR250/MIR_250/install/mir_msgs/include/mir_msgs/mir_msgs/msg/detail/stamped_encoders__functions.c
[33.092s] -- Installing: /home/basmala/mir250_ws/src/MiR250/MIR_250/install/mir_msgs/include/mir_msgs/mir_msgs/msg/detail/gripper_state__functions.h
[33.092s] -- Installing: /home/basmala/mir250_ws/src/MiR250/MIR_250/install/mir_msgs/include/mir_msgs/mir_msgs/msg/detail/world_map__functions.h
[33.092s] -- Installing: /home/basmala/mir250_ws/src/MiR250/MIR_250/install/mir_msgs/include/mir_msgs/mir_msgs/msg/detail/world_map__type_support.h
[33.093s] -- Installing: /home/basmala/mir250_ws/src/MiR250/MIR_250/install/mir_msgs/include/mir_msgs/mir_msgs/msg/detail/event__functions.c
[33.093s] -- Installing: /home/basmala/mir250_ws/src/MiR250/MIR_250/install/mir_msgs/include/mir_msgs/mir_msgs/msg/detail/i_os__struct.h
[33.093s] -- Installing: /home/basmala/mir250_ws/src/MiR250/MIR_250/install/mir_msgs/include/mir_msgs/mir_msgs/msg/detail/world_model__functions.h
[33.093s] -- Installing: /home/basmala/mir250_ws/src/MiR250/MIR_250/install/mir_msgs/include/mir_msgs/mir_msgs/msg/detail/gpio__type_support.h
[33.093s] -- Installing: /home/basmala/mir250_ws/src/MiR250/MIR_250/install/mir_msgs/include/mir_msgs/mir_msgs/msg/detail/external_robot__functions.h
[33.093s] -- Installing: /home/basmala/mir250_ws/src/MiR250/MIR_250/install/mir_msgs/include/mir_msgs/mir_msgs/msg/detail/serial__struct.h
[33.094s] -- Installing: /home/basmala/mir250_ws/src/MiR250/MIR_250/install/mir_msgs/include/mir_msgs/mir_msgs/msg/detail/plan_segment__type_support.h
[33.094s] -- Installing: /home/basmala/mir250_ws/src/MiR250/MIR_250/install/mir_msgs/include/mir_msgs/mir_msgs/msg/detail/power_board_motor_status__functions.c
[33.094s] -- Installing: /home/basmala/mir250_ws/src/MiR250/MIR_250/install/mir_msgs/include/mir_msgs/mir_msgs/msg/detail/battery_currents__functions.c
[33.094s] -- Installing: /home/basmala/mir250_ws/src/MiR250/MIR_250/install/mir_msgs/include/mir_msgs/mir_msgs/msg/detail/gpio__struct.h
[33.095s] -- Installing: /home/basmala/mir250_ws/src/MiR250/MIR_250/install/mir_msgs/include/mir_msgs/mir_msgs/msg/detail/plan_segments__type_support.h
[33.095s] -- Installing: /home/basmala/mir250_ws/src/MiR250/MIR_250/install/mir_msgs/include/mir_msgs/mir_msgs/msg/detail/proximity__struct.h
[33.095s] -- Installing: /home/basmala/mir250_ws/src/MiR250/MIR_250/install/mir_msgs/include/mir_msgs/mir_msgs/msg/detail/serial__functions.c
[33.095s] -- Installing: /home/basmala/mir250_ws/src/MiR250/MIR_250/install/mir_msgs/include/mir_msgs/mir_msgs/msg/detail/error__functions.c
[33.095s] -- Installing: /home/basmala/mir250_ws/src/MiR250/MIR_250/install/mir_msgs/include/mir_msgs/mir_msgs/msg/detail/twist2_d__struct.h
[33.095s] -- Installing: /home/basmala/mir250_ws/src/MiR250/MIR_250/install/mir_msgs/include/mir_msgs/mir_msgs/msg/detail/mir_extra__struct.h
[33.096s] -- Installing: /home/basmala/mir250_ws/src/MiR250/MIR_250/install/mir_msgs/include/mir_msgs/mir_msgs/msg/detail/bms_data__struct.h
[33.096s] -- Installing: /home/basmala/mir250_ws/src/MiR250/MIR_250/install/mir_msgs/include/mir_msgs/mir_msgs/msg/detail/pendant__functions.h
[33.096s] -- Installing: /home/basmala/mir250_ws/src/MiR250/MIR_250/install/mir_msgs/include/mir_msgs/mir_msgs/msg/detail/joystick_vel__functions.c
[33.096s] -- Installing: /home/basmala/mir250_ws/src/MiR250/MIR_250/install/mir_msgs/include/mir_msgs/mir_msgs/msg/detail/user_prompt__struct.h
[33.096s] -- Installing: /home/basmala/mir250_ws/src/MiR250/MIR_250/install/mir_msgs/include/mir_msgs/mir_msgs/msg/detail/user_prompt__functions.h
[33.097s] -- Installing: /home/basmala/mir250_ws/src/MiR250/MIR_250/install/mir_msgs/include/mir_msgs/mir_msgs/msg/detail/external_robots__functions.h
[33.097s] -- Installing: /home/basmala/mir250_ws/src/MiR250/MIR_250/install/mir_msgs/include/mir_msgs/mir_msgs/msg/detail/mission_ctrl_command__type_support.h
[33.097s] -- Installing: /home/basmala/mir250_ws/src/MiR250/MIR_250/install/mir_msgs/include/mir_msgs/mir_msgs/msg/detail/user_prompt__functions.c
[33.097s] -- Installing: /home/basmala/mir250_ws/src/MiR250/MIR_250/install/mir_msgs/include/mir_msgs/mir_msgs/msg/detail/stamped_encoders__struct.h
[33.097s] -- Installing: /home/basmala/mir250_ws/src/MiR250/MIR_250/install/mir_msgs/include/mir_msgs/mir_msgs/msg/detail/robot_state__type_support.h
[33.098s] -- Installing: /home/basmala/mir250_ws/src/MiR250/MIR_250/install/mir_msgs/include/mir_msgs/mir_msgs/msg/detail/resource_state__struct.h
[33.098s] -- Installing: /home/basmala/mir250_ws/src/MiR250/MIR_250/install/mir_msgs/include/mir_msgs/mir_msgs/msg/detail/encoders__functions.h
[33.098s] -- Installing: /home/basmala/mir250_ws/src/MiR250/MIR_250/install/mir_msgs/include/mir_msgs/mir_msgs/msg/detail/plan_segment__struct.h
[33.098s] -- Installing: /home/basmala/mir250_ws/src/MiR250/MIR_250/install/mir_msgs/include/mir_msgs/mir_msgs/msg/detail/gripper_state__type_support.h
[33.098s] -- Installing: /home/basmala/mir250_ws/src/MiR250/MIR_250/install/mir_msgs/include/mir_msgs/mir_msgs/msg/detail/robot_status__functions.h
[33.099s] -- Installing: /home/basmala/mir250_ws/src/MiR250/MIR_250/install/mir_msgs/include/mir_msgs/mir_msgs/msg/detail/i_os__type_support.h
[33.099s] -- Installing: /home/basmala/mir250_ws/src/MiR250/MIR_250/install/mir_msgs/include/mir_msgs/mir_msgs/msg/detail/event__type_support.h
[33.099s] -- Installing: /home/basmala/mir250_ws/src/MiR250/MIR_250/install/mir_msgs/include/mir_msgs/mir_msgs/msg/detail/robot_status__type_support.h
[33.099s] -- Installing: /home/basmala/mir250_ws/src/MiR250/MIR_250/install/mir_msgs/include/mir_msgs/mir_msgs/msg/detail/twist2_d__functions.c
[33.099s] -- Installing: /home/basmala/mir250_ws/src/MiR250/MIR_250/install/mir_msgs/include/mir_msgs/mir_msgs/msg/detail/gpio__functions.h
[33.099s] -- Installing: /home/basmala/mir250_ws/src/MiR250/MIR_250/install/mir_msgs/include/mir_msgs/mir_msgs/msg/detail/brake_state__struct.h
[33.099s] -- Installing: /home/basmala/mir250_ws/src/MiR250/MIR_250/install/mir_msgs/include/mir_msgs/mir_msgs/msg/detail/brake_state__functions.c
[33.100s] -- Installing: /home/basmala/mir250_ws/src/MiR250/MIR_250/install/mir_msgs/include/mir_msgs/mir_msgs/msg/detail/resource_state__type_support.h
[33.100s] -- Installing: /home/basmala/mir250_ws/src/MiR250/MIR_250/install/mir_msgs/include/mir_msgs/mir_msgs/msg/detail/serial__type_support.h
[33.100s] -- Installing: /home/basmala/mir250_ws/src/MiR250/MIR_250/install/mir_msgs/include/mir_msgs/mir_msgs/msg/detail/gripper_state__struct.h
[33.100s] -- Installing: /home/basmala/mir250_ws/src/MiR250/MIR_250/install/mir_msgs/include/mir_msgs/mir_msgs/msg/detail/bms_data__functions.c
[33.100s] -- Installing: /home/basmala/mir250_ws/src/MiR250/MIR_250/install/mir_msgs/include/mir_msgs/mir_msgs/msg/detail/resource_state__functions.c
[33.100s] -- Installing: /home/basmala/mir250_ws/src/MiR250/MIR_250/install/mir_msgs/include/mir_msgs/mir_msgs/msg/detail/pendant__struct.h
[33.100s] -- Installing: /home/basmala/mir250_ws/src/MiR250/MIR_250/install/mir_msgs/include/mir_msgs/mir_msgs/msg/detail/world_model__type_support.h
[33.101s] -- Installing: /home/basmala/mir250_ws/src/MiR250/MIR_250/install/mir_msgs/include/mir_msgs/mir_msgs/msg/detail/proximity__functions.c
[33.101s] -- Installing: /home/basmala/mir250_ws/src/MiR250/MIR_250/install/mir_msgs/include/mir_msgs/mir_msgs/msg/detail/pose2_d__struct.h
[33.101s] -- Installing: /home/basmala/mir250_ws/src/MiR250/MIR_250/install/mir_msgs/include/mir_msgs/mir_msgs/msg/detail/world_model__struct.h
[33.101s] -- Installing: /home/basmala/mir250_ws/src/MiR250/MIR_250/install/mir_msgs/include/mir_msgs/mir_msgs/msg/detail/charging_state__struct.h
[33.101s] -- Installing: /home/basmala/mir250_ws/src/MiR250/MIR_250/install/mir_msgs/include/mir_msgs/mir_msgs/msg/detail/safety_status__functions.c
[33.101s] -- Installing: /home/basmala/mir250_ws/src/MiR250/MIR_250/install/mir_msgs/include/mir_msgs/mir_msgs/msg/detail/brake_state__type_support.h
[33.101s] -- Installing: /home/basmala/mir250_ws/src/MiR250/MIR_250/install/mir_msgs/include/mir_msgs/mir_msgs/msg/detail/power_board_motor_status__type_support.h
[33.101s] -- Installing: /home/basmala/mir250_ws/src/MiR250/MIR_250/install/mir_msgs/include/mir_msgs/mir_msgs/msg/detail/robot_state__struct.h
[33.101s] -- Installing: /home/basmala/mir250_ws/src/MiR250/MIR_250/install/mir_msgs/include/mir_msgs/mir_msgs/msg/detail/path__functions.h
[33.102s] -- Installing: /home/basmala/mir250_ws/src/MiR250/MIR_250/install/mir_msgs/include/mir_msgs/mir_msgs/msg/detail/device__functions.h
[33.102s] -- Installing: /home/basmala/mir250_ws/src/MiR250/MIR_250/install/mir_msgs/include/mir_msgs/mir_msgs/msg/detail/plan_segments__functions.c
[33.102s] -- Installing: /home/basmala/mir250_ws/src/MiR250/MIR_250/install/mir_msgs/include/mir_msgs/mir_msgs/msg/detail/external_robots__functions.c
[33.102s] -- Installing: /home/basmala/mir250_ws/src/MiR250/MIR_250/install/mir_msgs/include/mir_msgs/mir_msgs/msg/detail/devices__functions.h
[33.102s] -- Installing: /home/basmala/mir250_ws/src/MiR250/MIR_250/install/mir_msgs/include/mir_msgs/mir_msgs/msg/detail/external_robot__functions.c
[33.102s] -- Installing: /home/basmala/mir250_ws/src/MiR250/MIR_250/install/mir_msgs/include/mir_msgs/mir_msgs/msg/detail/trolley__functions.c
[33.102s] -- Installing: /home/basmala/mir250_ws/src/MiR250/MIR_250/install/mir_msgs/include/mir_msgs/mir_msgs/msg/detail/pallet_lifter_status__functions.h
[33.103s] -- Installing: /home/basmala/mir250_ws/src/MiR250/MIR_250/install/mir_msgs/include/mir_msgs/mir_msgs/msg/detail/mir_extra__type_support.h
[33.103s] -- Installing: /home/basmala/mir250_ws/src/MiR250/MIR_250/install/mir_msgs/include/mir_msgs/mir_msgs/msg/detail/devices__functions.c
[33.103s] -- Installing: /home/basmala/mir250_ws/src/MiR250/MIR_250/install/mir_msgs/include/mir_msgs/mir_msgs/msg/detail/pendant__functions.c
[33.103s] -- Installing: /home/basmala/mir250_ws/src/MiR250/MIR_250/install/mir_msgs/include/mir_msgs/mir_msgs/msg/detail/web_path__functions.c
[33.103s] -- Installing: /home/basmala/mir250_ws/src/MiR250/MIR_250/install/mir_msgs/include/mir_msgs/mir_msgs/msg/detail/path__struct.h
[33.103s] -- Installing: /home/basmala/mir250_ws/src/MiR250/MIR_250/install/mir_msgs/include/mir_msgs/mir_msgs/msg/detail/events__type_support.h
[33.104s] -- Installing: /home/basmala/mir250_ws/src/MiR250/MIR_250/install/mir_msgs/include/mir_msgs/mir_msgs/msg/detail/user_prompt__type_support.h
[33.104s] -- Installing: /home/basmala/mir250_ws/src/MiR250/MIR_250/install/mir_msgs/include/mir_msgs/mir_msgs/msg/detail/external_robot__type_support.h
[33.104s] -- Installing: /home/basmala/mir250_ws/src/MiR250/MIR_250/install/mir_msgs/include/mir_msgs/mir_msgs/msg/detail/charging_state__functions.c
[33.104s] -- Installing: /home/basmala/mir250_ws/src/MiR250/MIR_250/install/mir_msgs/include/mir_msgs/mir_msgs/msg/detail/local_map_stat__functions.c
[33.104s] -- Installing: /home/basmala/mir250_ws/src/MiR250/MIR_250/install/mir_msgs/include/mir_msgs/mir_msgs/msg/detail/power_board_motor_status__functions.h
[33.104s] -- Installing: /home/basmala/mir250_ws/src/MiR250/MIR_250/install/mir_msgs/include/mir_msgs/mir_msgs/msg/detail/web_path__type_support.h
[33.105s] -- Installing: /home/basmala/mir250_ws/src/MiR250/MIR_250/install/mir_msgs/include/mir_msgs/mir_msgs/msg/detail/path__type_support.h
[33.105s] -- Installing: /home/basmala/mir250_ws/src/MiR250/MIR_250/install/mir_msgs/include/mir_msgs/mir_msgs/msg/detail/pose2_d__functions.c
[33.105s] -- Installing: /home/basmala/mir250_ws/src/MiR250/MIR_250/install/mir_msgs/include/mir_msgs/mir_msgs/msg/detail/bms_data__type_support.h
[33.105s] -- Installing: /home/basmala/mir250_ws/src/MiR250/MIR_250/install/mir_msgs/include/mir_msgs/mir_msgs/msg/detail/plan_segments__struct.h
[33.105s] -- Installing: /home/basmala/mir250_ws/src/MiR250/MIR_250/install/mir_msgs/include/mir_msgs/mir_msgs/msg/detail/gripper_state__functions.c
[33.105s] -- Installing: /home/basmala/mir250_ws/src/MiR250/MIR_250/install/mir_msgs/include/mir_msgs/mir_msgs/msg/detail/hook_extended_status__struct.h
[33.105s] -- Installing: /home/basmala/mir250_ws/src/MiR250/MIR_250/install/mir_msgs/include/mir_msgs/mir_msgs/msg/detail/battery_currents__functions.h
[33.105s] -- Installing: /home/basmala/mir250_ws/src/MiR250/MIR_250/install/mir_msgs/include/mir_msgs/mir_msgs/msg/detail/plan_segment__functions.h
[33.106s] -- Installing: /home/basmala/mir250_ws/src/MiR250/MIR_250/install/mir_msgs/include/mir_msgs/mir_msgs/msg/detail/event__struct.h
[33.106s] -- Installing: /home/basmala/mir250_ws/src/MiR250/MIR_250/install/mir_msgs/include/mir_msgs/mir_msgs/msg/detail/bms_data__functions.h
[33.106s] -- Installing: /home/basmala/mir250_ws/src/MiR250/MIR_250/install/mir_msgs/include/mir_msgs/mir_msgs/msg/detail/device__functions.c
[33.106s] -- Installing: /home/basmala/mir250_ws/src/MiR250/MIR_250/install/mir_msgs/include/mir_msgs/mir_msgs/msg/detail/world_map__functions.c
[33.106s] -- Installing: /home/basmala/mir250_ws/src/MiR250/MIR_250/install/mir_msgs/include/mir_msgs/mir_msgs/msg/user_prompt.h
[33.106s] -- Installing: /home/basmala/mir250_ws/src/MiR250/MIR_250/install/mir_msgs/include/mir_msgs/mir_msgs/msg/robot_status.h
[33.106s] -- Installing: /home/basmala/mir250_ws/src/MiR250/MIR_250/install/mir_msgs/include/mir_msgs/mir_msgs/msg/mission_ctrl_state.h
[33.106s] -- Installing: /home/basmala/mir250_ws/src/MiR250/MIR_250/install/mir_msgs/include/mir_msgs/mir_msgs/msg/web_path.h
[33.107s] -- Installing: /home/basmala/mir250_ws/src/MiR250/MIR_250/install/mir_msgs/include/mir_msgs/mir_msgs/msg/safety_status.h
[33.107s] -- Installing: /home/basmala/mir250_ws/src/MiR250/MIR_250/install/mir_msgs/include/mir_msgs/mir_msgs/msg/brake_state.h
[33.107s] -- Installing: /home/basmala/mir250_ws/src/MiR250/MIR_250/install/mir_msgs/include/mir_msgs/mir_msgs/msg/pose2_d.h
[33.107s] -- Installing: /home/basmala/mir250_ws/src/MiR250/MIR_250/install/mir_msgs/include/mir_msgs/mir_msgs/msg/plan_segments.h
[33.107s] -- Installing: /home/basmala/mir250_ws/src/MiR250/MIR_250/install/mir_msgs/include/mir_msgs/mir_msgs/msg/hook_extended_status.h
[33.108s] -- Installing: /home/basmala/mir250_ws/src/MiR250/MIR_250/install/mir_msgs/include/mir_msgs/mir_msgs/msg/power_board_motor_status.h
[33.108s] -- Installing: /home/basmala/mir250_ws/src/MiR250/MIR_250/install/mir_msgs/include/mir_msgs/mir_msgs/msg/gpio.h
[33.108s] -- Installing: /home/basmala/mir250_ws/src/MiR250/MIR_250/install/mir_msgs/include/mir_msgs/mir_msgs/msg/local_map_stat.h
[33.108s] -- Installing: /home/basmala/mir250_ws/src/MiR250/MIR_250/install/mir_msgs/include/mir_msgs/mir_msgs/msg/resource_state.h
[33.108s] -- Installing: /home/basmala/mir250_ws/src/MiR250/MIR_250/install/mir_msgs/include/mir_msgs/mir_msgs/msg/plan_segment.h
[33.108s] -- Installing: /home/basmala/mir250_ws/src/MiR250/MIR_250/install/mir_msgs/include/mir_msgs/mir_msgs/msg/external_robot.h
[33.108s] -- Installing: /home/basmala/mir250_ws/src/MiR250/MIR_250/install/mir_msgs/include/mir_msgs/mir_msgs/msg/charging_state.h
[33.108s] -- Installing: /home/basmala/mir250_ws/src/MiR250/MIR_250/install/mir_msgs/include/mir_msgs/mir_msgs/msg/robot_mode.h
[33.108s] -- Installing: /home/basmala/mir250_ws/src/MiR250/MIR_250/install/mir_msgs/include/mir_msgs/mir_msgs/msg/bms_data.h
[33.109s] -- Installing: /home/basmala/mir250_ws/src/MiR250/MIR_250/install/mir_msgs/include/mir_msgs/mir_msgs/msg/hook_status.h
[33.109s] -- Installing: /home/basmala/mir250_ws/src/MiR250/MIR_250/install/mir_msgs/include/mir_msgs/mir_msgs/msg/height_state.h
[33.109s] -- Installing: /home/basmala/mir250_ws/src/MiR250/MIR_250/install/mir_msgs/share/mir_msgs/environment/library_path.sh
[33.109s] -- Installing: /home/basmala/mir250_ws/src/MiR250/MIR_250/install/mir_msgs/share/mir_msgs/environment/library_path.dsv
[33.109s] -- Installing: /home/basmala/mir250_ws/src/MiR250/MIR_250/install/mir_msgs/lib/libmir_msgs__rosidl_generator_c.so
[33.111s] -- Set runtime path of "/home/basmala/mir250_ws/src/MiR250/MIR_250/install/mir_msgs/lib/libmir_msgs__rosidl_generator_c.so" to ""
[33.111s] -- Up-to-date: /home/basmala/mir250_ws/src/MiR250/MIR_250/install/mir_msgs/include/mir_msgs/mir_msgs
[33.111s] -- Up-to-date: /home/basmala/mir250_ws/src/MiR250/MIR_250/install/mir_msgs/include/mir_msgs/mir_msgs/srv
[33.111s] -- Up-to-date: /home/basmala/mir250_ws/src/MiR250/MIR_250/install/mir_msgs/include/mir_msgs/mir_msgs/srv/detail
[33.111s] -- Installing: /home/basmala/mir250_ws/src/MiR250/MIR_250/install/mir_msgs/include/mir_msgs/mir_msgs/srv/detail/exec_mission__rosidl_typesupport_fastrtps_c.h
[33.111s] -- Up-to-date: /home/basmala/mir250_ws/src/MiR250/MIR_250/install/mir_msgs/include/mir_msgs/mir_msgs/msg
[33.111s] -- Up-to-date: /home/basmala/mir250_ws/src/MiR250/MIR_250/install/mir_msgs/include/mir_msgs/mir_msgs/msg/detail
[33.112s] -- Installing: /home/basmala/mir250_ws/src/MiR250/MIR_250/install/mir_msgs/include/mir_msgs/mir_msgs/msg/detail/world_map__rosidl_typesupport_fastrtps_c.h
[33.112s] -- Installing: /home/basmala/mir250_ws/src/MiR250/MIR_250/install/mir_msgs/include/mir_msgs/mir_msgs/msg/detail/i_os__rosidl_typesupport_fastrtps_c.h
[33.112s] -- Installing: /home/basmala/mir250_ws/src/MiR250/MIR_250/install/mir_msgs/include/mir_msgs/mir_msgs/msg/detail/mission_ctrl_command__rosidl_typesupport_fastrtps_c.h
[33.112s] -- Installing: /home/basmala/mir250_ws/src/MiR250/MIR_250/install/mir_msgs/include/mir_msgs/mir_msgs/msg/detail/world_model__rosidl_typesupport_fastrtps_c.h
[33.112s] -- Installing: /home/basmala/mir250_ws/src/MiR250/MIR_250/install/mir_msgs/include/mir_msgs/mir_msgs/msg/detail/user_prompt__rosidl_typesupport_fastrtps_c.h
[33.112s] -- Installing: /home/basmala/mir250_ws/src/MiR250/MIR_250/install/mir_msgs/include/mir_msgs/mir_msgs/msg/detail/hook_extended_status__rosidl_typesupport_fastrtps_c.h
[33.113s] -- Installing: /home/basmala/mir250_ws/src/MiR250/MIR_250/install/mir_msgs/include/mir_msgs/mir_msgs/msg/detail/hook_status__rosidl_typesupport_fastrtps_c.h
[33.113s] -- Installing: /home/basmala/mir250_ws/src/MiR250/MIR_250/install/mir_msgs/include/mir_msgs/mir_msgs/msg/detail/devices__rosidl_typesupport_fastrtps_c.h
[33.113s] -- Installing: /home/basmala/mir250_ws/src/MiR250/MIR_250/install/mir_msgs/include/mir_msgs/mir_msgs/msg/detail/pallet_lifter_status__rosidl_typesupport_fastrtps_c.h
[33.113s] -- Installing: /home/basmala/mir250_ws/src/MiR250/MIR_250/install/mir_msgs/include/mir_msgs/mir_msgs/msg/detail/pose2_d__rosidl_typesupport_fastrtps_c.h
[33.113s] -- Installing: /home/basmala/mir250_ws/src/MiR250/MIR_250/install/mir_msgs/include/mir_msgs/mir_msgs/msg/detail/power_board_motor_status__rosidl_typesupport_fastrtps_c.h
[33.113s] -- Installing: /home/basmala/mir250_ws/src/MiR250/MIR_250/install/mir_msgs/include/mir_msgs/mir_msgs/msg/detail/external_robot__rosidl_typesupport_fastrtps_c.h
[33.113s] -- Installing: /home/basmala/mir250_ws/src/MiR250/MIR_250/install/mir_msgs/include/mir_msgs/mir_msgs/msg/detail/plan_segment__rosidl_typesupport_fastrtps_c.h
[33.113s] -- Installing: /home/basmala/mir250_ws/src/MiR250/MIR_250/install/mir_msgs/include/mir_msgs/mir_msgs/msg/detail/bms_data__rosidl_typesupport_fastrtps_c.h
[33.113s] -- Installing: /home/basmala/mir250_ws/src/MiR250/MIR_250/install/mir_msgs/include/mir_msgs/mir_msgs/msg/detail/mission_ctrl_state__rosidl_typesupport_fastrtps_c.h
[33.114s] -- Installing: /home/basmala/mir250_ws/src/MiR250/MIR_250/install/mir_msgs/include/mir_msgs/mir_msgs/msg/detail/resources_state__rosidl_typesupport_fastrtps_c.h
[33.114s] -- Installing: /home/basmala/mir250_ws/src/MiR250/MIR_250/install/mir_msgs/include/mir_msgs/mir_msgs/msg/detail/joystick_vel__rosidl_typesupport_fastrtps_c.h
[33.114s] -- Installing: /home/basmala/mir250_ws/src/MiR250/MIR_250/install/mir_msgs/include/mir_msgs/mir_msgs/msg/detail/battery_currents__rosidl_typesupport_fastrtps_c.h
[33.114s] -- Installing: /home/basmala/mir250_ws/src/MiR250/MIR_250/install/mir_msgs/include/mir_msgs/mir_msgs/msg/detail/external_robots__rosidl_typesupport_fastrtps_c.h
[33.114s] -- Installing: /home/basmala/mir250_ws/src/MiR250/MIR_250/install/mir_msgs/include/mir_msgs/mir_msgs/msg/detail/robot_status__rosidl_typesupport_fastrtps_c.h
[33.114s] -- Installing: /home/basmala/mir250_ws/src/MiR250/MIR_250/install/mir_msgs/include/mir_msgs/mir_msgs/msg/detail/path__rosidl_typesupport_fastrtps_c.h
[33.114s] -- Installing: /home/basmala/mir250_ws/src/MiR250/MIR_250/install/mir_msgs/include/mir_msgs/mir_msgs/msg/detail/gripper_state__rosidl_typesupport_fastrtps_c.h
[33.115s] -- Installing: /home/basmala/mir250_ws/src/MiR250/MIR_250/install/mir_msgs/include/mir_msgs/mir_msgs/msg/detail/height_state__rosidl_typesupport_fastrtps_c.h
[33.115s] -- Installing: /home/basmala/mir250_ws/src/MiR250/MIR_250/install/mir_msgs/include/mir_msgs/mir_msgs/msg/detail/stamped_encoders__rosidl_typesupport_fastrtps_c.h
[33.115s] -- Installing: /home/basmala/mir250_ws/src/MiR250/MIR_250/install/mir_msgs/include/mir_msgs/mir_msgs/msg/detail/plan_segments__rosidl_typesupport_fastrtps_c.h
[33.115s] -- Installing: /home/basmala/mir250_ws/src/MiR250/MIR_250/install/mir_msgs/include/mir_msgs/mir_msgs/msg/detail/pendant__rosidl_typesupport_fastrtps_c.h
[33.115s] -- Installing: /home/basmala/mir250_ws/src/MiR250/MIR_250/install/mir_msgs/include/mir_msgs/mir_msgs/msg/detail/mir_extra__rosidl_typesupport_fastrtps_c.h
[33.115s] -- Installing: /home/basmala/mir250_ws/src/MiR250/MIR_250/install/mir_msgs/include/mir_msgs/mir_msgs/msg/detail/proximity__rosidl_typesupport_fastrtps_c.h
[33.116s] -- Installing: /home/basmala/mir250_ws/src/MiR250/MIR_250/install/mir_msgs/include/mir_msgs/mir_msgs/msg/detail/web_path__rosidl_typesupport_fastrtps_c.h
[33.116s] -- Installing: /home/basmala/mir250_ws/src/MiR250/MIR_250/install/mir_msgs/include/mir_msgs/mir_msgs/msg/detail/charging_state__rosidl_typesupport_fastrtps_c.h
[33.116s] -- Installing: /home/basmala/mir250_ws/src/MiR250/MIR_250/install/mir_msgs/include/mir_msgs/mir_msgs/msg/detail/serial__rosidl_typesupport_fastrtps_c.h
[33.116s] -- Installing: /home/basmala/mir250_ws/src/MiR250/MIR_250/install/mir_msgs/include/mir_msgs/mir_msgs/msg/detail/resource_state__rosidl_typesupport_fastrtps_c.h
[33.116s] -- Installing: /home/basmala/mir250_ws/src/MiR250/MIR_250/install/mir_msgs/include/mir_msgs/mir_msgs/msg/detail/events__rosidl_typesupport_fastrtps_c.h
[33.117s] -- Installing: /home/basmala/mir250_ws/src/MiR250/MIR_250/install/mir_msgs/include/mir_msgs/mir_msgs/msg/detail/encoders__rosidl_typesupport_fastrtps_c.h
[33.117s] -- Installing: /home/basmala/mir250_ws/src/MiR250/MIR_250/install/mir_msgs/include/mir_msgs/mir_msgs/msg/detail/trolley__rosidl_typesupport_fastrtps_c.h
[33.117s] -- Installing: /home/basmala/mir250_ws/src/MiR250/MIR_250/install/mir_msgs/include/mir_msgs/mir_msgs/msg/detail/robot_state__rosidl_typesupport_fastrtps_c.h
[33.117s] -- Installing: /home/basmala/mir250_ws/src/MiR250/MIR_250/install/mir_msgs/include/mir_msgs/mir_msgs/msg/detail/event__rosidl_typesupport_fastrtps_c.h
[33.117s] -- Installing: /home/basmala/mir250_ws/src/MiR250/MIR_250/install/mir_msgs/include/mir_msgs/mir_msgs/msg/detail/brake_state__rosidl_typesupport_fastrtps_c.h
[33.117s] -- Installing: /home/basmala/mir250_ws/src/MiR250/MIR_250/install/mir_msgs/include/mir_msgs/mir_msgs/msg/detail/twist2_d__rosidl_typesupport_fastrtps_c.h
[33.118s] -- Installing: /home/basmala/mir250_ws/src/MiR250/MIR_250/install/mir_msgs/include/mir_msgs/mir_msgs/msg/detail/error__rosidl_typesupport_fastrtps_c.h
[33.118s] -- Installing: /home/basmala/mir250_ws/src/MiR250/MIR_250/install/mir_msgs/include/mir_msgs/mir_msgs/msg/detail/gpio__rosidl_typesupport_fastrtps_c.h
[33.118s] -- Installing: /home/basmala/mir250_ws/src/MiR250/MIR_250/install/mir_msgs/include/mir_msgs/mir_msgs/msg/detail/device__rosidl_typesupport_fastrtps_c.h
[33.118s] -- Installing: /home/basmala/mir250_ws/src/MiR250/MIR_250/install/mir_msgs/include/mir_msgs/mir_msgs/msg/detail/safety_status__rosidl_typesupport_fastrtps_c.h
[33.118s] -- Installing: /home/basmala/mir250_ws/src/MiR250/MIR_250/install/mir_msgs/include/mir_msgs/mir_msgs/msg/detail/local_map_stat__rosidl_typesupport_fastrtps_c.h
[33.118s] -- Installing: /home/basmala/mir250_ws/src/MiR250/MIR_250/install/mir_msgs/include/mir_msgs/mir_msgs/msg/detail/robot_mode__rosidl_typesupport_fastrtps_c.h
[33.118s] -- Installing: /home/basmala/mir250_ws/src/MiR250/MIR_250/install/mir_msgs/include/mir_msgs/mir_msgs/msg/rosidl_typesupport_fastrtps_c__visibility_control.h
[33.119s] -- Installing: /home/basmala/mir250_ws/src/MiR250/MIR_250/install/mir_msgs/lib/libmir_msgs__rosidl_typesupport_fastrtps_c.so
[33.119s] -- Set runtime path of "/home/basmala/mir250_ws/src/MiR250/MIR_250/install/mir_msgs/lib/libmir_msgs__rosidl_typesupport_fastrtps_c.so" to ""
[33.119s] -- Up-to-date: /home/basmala/mir250_ws/src/MiR250/MIR_250/install/mir_msgs/include/mir_msgs/mir_msgs
[33.120s] -- Up-to-date: /home/basmala/mir250_ws/src/MiR250/MIR_250/install/mir_msgs/include/mir_msgs/mir_msgs/srv
[33.120s] -- Installing: /home/basmala/mir250_ws/src/MiR250/MIR_250/install/mir_msgs/include/mir_msgs/mir_msgs/srv/exec_mission.hpp
[33.120s] -- Up-to-date: /home/basmala/mir250_ws/src/MiR250/MIR_250/install/mir_msgs/include/mir_msgs/mir_msgs/srv/detail
[33.120s] -- Installing: /home/basmala/mir250_ws/src/MiR250/MIR_250/install/mir_msgs/include/mir_msgs/mir_msgs/srv/detail/exec_mission__traits.hpp
[33.120s] -- Installing: /home/basmala/mir250_ws/src/MiR250/MIR_250/install/mir_msgs/include/mir_msgs/mir_msgs/srv/detail/exec_mission__struct.hpp
[33.120s] -- Installing: /home/basmala/mir250_ws/src/MiR250/MIR_250/install/mir_msgs/include/mir_msgs/mir_msgs/srv/detail/exec_mission__builder.hpp
[33.120s] -- Installing: /home/basmala/mir250_ws/src/MiR250/MIR_250/install/mir_msgs/include/mir_msgs/mir_msgs/srv/detail/exec_mission__type_support.hpp
[33.120s] -- Up-to-date: /home/basmala/mir250_ws/src/MiR250/MIR_250/install/mir_msgs/include/mir_msgs/mir_msgs/msg
[33.120s] -- Installing: /home/basmala/mir250_ws/src/MiR250/MIR_250/install/mir_msgs/include/mir_msgs/mir_msgs/msg/bms_data.hpp
[33.120s] -- Installing: /home/basmala/mir250_ws/src/MiR250/MIR_250/install/mir_msgs/include/mir_msgs/mir_msgs/msg/hook_status.hpp
[33.120s] -- Installing: /home/basmala/mir250_ws/src/MiR250/MIR_250/install/mir_msgs/include/mir_msgs/mir_msgs/msg/local_map_stat.hpp
[33.121s] -- Installing: /home/basmala/mir250_ws/src/MiR250/MIR_250/install/mir_msgs/include/mir_msgs/mir_msgs/msg/resources_state.hpp
[33.121s] -- Installing: /home/basmala/mir250_ws/src/MiR250/MIR_250/install/mir_msgs/include/mir_msgs/mir_msgs/msg/mission_ctrl_command.hpp
[33.121s] -- Installing: /home/basmala/mir250_ws/src/MiR250/MIR_250/install/mir_msgs/include/mir_msgs/mir_msgs/msg/serial.hpp
[33.121s] -- Installing: /home/basmala/mir250_ws/src/MiR250/MIR_250/install/mir_msgs/include/mir_msgs/mir_msgs/msg/web_path.hpp
[33.121s] -- Installing: /home/basmala/mir250_ws/src/MiR250/MIR_250/install/mir_msgs/include/mir_msgs/mir_msgs/msg/device.hpp
[33.121s] -- Installing: /home/basmala/mir250_ws/src/MiR250/MIR_250/install/mir_msgs/include/mir_msgs/mir_msgs/msg/events.hpp
[33.121s] -- Installing: /home/basmala/mir250_ws/src/MiR250/MIR_250/install/mir_msgs/include/mir_msgs/mir_msgs/msg/pallet_lifter_status.hpp
[33.122s] -- Installing: /home/basmala/mir250_ws/src/MiR250/MIR_250/install/mir_msgs/include/mir_msgs/mir_msgs/msg/path.hpp
[33.122s] -- Installing: /home/basmala/mir250_ws/src/MiR250/MIR_250/install/mir_msgs/include/mir_msgs/mir_msgs/msg/battery_currents.hpp
[33.122s] -- Installing: /home/basmala/mir250_ws/src/MiR250/MIR_250/install/mir_msgs/include/mir_msgs/mir_msgs/msg/i_os.hpp
[33.122s] -- Installing: /home/basmala/mir250_ws/src/MiR250/MIR_250/install/mir_msgs/include/mir_msgs/mir_msgs/msg/hook_extended_status.hpp
[33.122s] -- Installing: /home/basmala/mir250_ws/src/MiR250/MIR_250/install/mir_msgs/include/mir_msgs/mir_msgs/msg/user_prompt.hpp
[33.122s] -- Installing: /home/basmala/mir250_ws/src/MiR250/MIR_250/install/mir_msgs/include/mir_msgs/mir_msgs/msg/mir_extra.hpp
[33.122s] -- Installing: /home/basmala/mir250_ws/src/MiR250/MIR_250/install/mir_msgs/include/mir_msgs/mir_msgs/msg/error.hpp
[33.123s] -- Installing: /home/basmala/mir250_ws/src/MiR250/MIR_250/install/mir_msgs/include/mir_msgs/mir_msgs/msg/pose2_d.hpp
[33.123s] -- Installing: /home/basmala/mir250_ws/src/MiR250/MIR_250/install/mir_msgs/include/mir_msgs/mir_msgs/msg/mission_ctrl_state.hpp
[33.123s] -- Installing: /home/basmala/mir250_ws/src/MiR250/MIR_250/install/mir_msgs/include/mir_msgs/mir_msgs/msg/proximity.hpp
[33.123s] -- Installing: /home/basmala/mir250_ws/src/MiR250/MIR_250/install/mir_msgs/include/mir_msgs/mir_msgs/msg/power_board_motor_status.hpp
[33.123s] -- Installing: /home/basmala/mir250_ws/src/MiR250/MIR_250/install/mir_msgs/include/mir_msgs/mir_msgs/msg/external_robots.hpp
[33.124s] -- Installing: /home/basmala/mir250_ws/src/MiR250/MIR_250/install/mir_msgs/include/mir_msgs/mir_msgs/msg/rosidl_generator_cpp__visibility_control.hpp
[33.124s] -- Installing: /home/basmala/mir250_ws/src/MiR250/MIR_250/install/mir_msgs/include/mir_msgs/mir_msgs/msg/external_robot.hpp
[33.124s] -- Up-to-date: /home/basmala/mir250_ws/src/MiR250/MIR_250/install/mir_msgs/include/mir_msgs/mir_msgs/msg/detail
[33.124s] -- Installing: /home/basmala/mir250_ws/src/MiR250/MIR_250/install/mir_msgs/include/mir_msgs/mir_msgs/msg/detail/external_robots__type_support.hpp
[33.124s] -- Installing: /home/basmala/mir250_ws/src/MiR250/MIR_250/install/mir_msgs/include/mir_msgs/mir_msgs/msg/detail/trolley__traits.hpp
[33.124s] -- Installing: /home/basmala/mir250_ws/src/MiR250/MIR_250/install/mir_msgs/include/mir_msgs/mir_msgs/msg/detail/device__builder.hpp
[33.125s] -- Installing: /home/basmala/mir250_ws/src/MiR250/MIR_250/install/mir_msgs/include/mir_msgs/mir_msgs/msg/detail/safety_status__struct.hpp
[33.125s] -- Installing: /home/basmala/mir250_ws/src/MiR250/MIR_250/install/mir_msgs/include/mir_msgs/mir_msgs/msg/detail/pose2_d__traits.hpp
[33.125s] -- Installing: /home/basmala/mir250_ws/src/MiR250/MIR_250/install/mir_msgs/include/mir_msgs/mir_msgs/msg/detail/plan_segments__builder.hpp
[33.125s] -- Installing: /home/basmala/mir250_ws/src/MiR250/MIR_250/install/mir_msgs/include/mir_msgs/mir_msgs/msg/detail/power_board_motor_status__struct.hpp
[33.125s] -- Installing: /home/basmala/mir250_ws/src/MiR250/MIR_250/install/mir_msgs/include/mir_msgs/mir_msgs/msg/detail/external_robot__type_support.hpp
[33.126s] -- Installing: /home/basmala/mir250_ws/src/MiR250/MIR_250/install/mir_msgs/include/mir_msgs/mir_msgs/msg/detail/device__traits.hpp
[33.126s] -- Installing: /home/basmala/mir250_ws/src/MiR250/MIR_250/install/mir_msgs/include/mir_msgs/mir_msgs/msg/detail/resources_state__type_support.hpp
[33.126s] -- Installing: /home/basmala/mir250_ws/src/MiR250/MIR_250/install/mir_msgs/include/mir_msgs/mir_msgs/msg/detail/stamped_encoders__traits.hpp
[33.126s] -- Installing: /home/basmala/mir250_ws/src/MiR250/MIR_250/install/mir_msgs/include/mir_msgs/mir_msgs/msg/detail/pendant__traits.hpp
[33.126s] -- Installing: /home/basmala/mir250_ws/src/MiR250/MIR_250/install/mir_msgs/include/mir_msgs/mir_msgs/msg/detail/gpio__type_support.hpp
[33.126s] -- Installing: /home/basmala/mir250_ws/src/MiR250/MIR_250/install/mir_msgs/include/mir_msgs/mir_msgs/msg/detail/external_robots__traits.hpp
[33.126s] -- Installing: /home/basmala/mir250_ws/src/MiR250/MIR_250/install/mir_msgs/include/mir_msgs/mir_msgs/msg/detail/joystick_vel__struct.hpp
[33.127s] -- Installing: /home/basmala/mir250_ws/src/MiR250/MIR_250/install/mir_msgs/include/mir_msgs/mir_msgs/msg/detail/trolley__type_support.hpp
[33.127s] -- Installing: /home/basmala/mir250_ws/src/MiR250/MIR_250/install/mir_msgs/include/mir_msgs/mir_msgs/msg/detail/pendant__type_support.hpp
[33.127s] -- Installing: /home/basmala/mir250_ws/src/MiR250/MIR_250/install/mir_msgs/include/mir_msgs/mir_msgs/msg/detail/mir_extra__struct.hpp
[33.127s] -- Installing: /home/basmala/mir250_ws/src/MiR250/MIR_250/install/mir_msgs/include/mir_msgs/mir_msgs/msg/detail/trolley__builder.hpp
[33.127s] -- Installing: /home/basmala/mir250_ws/src/MiR250/MIR_250/install/mir_msgs/include/mir_msgs/mir_msgs/msg/detail/robot_mode__struct.hpp
[33.127s] -- Installing: /home/basmala/mir250_ws/src/MiR250/MIR_250/install/mir_msgs/include/mir_msgs/mir_msgs/msg/detail/gripper_state__struct.hpp
[33.127s] -- Installing: /home/basmala/mir250_ws/src/MiR250/MIR_250/install/mir_msgs/include/mir_msgs/mir_msgs/msg/detail/events__builder.hpp
[33.127s] -- Installing: /home/basmala/mir250_ws/src/MiR250/MIR_250/install/mir_msgs/include/mir_msgs/mir_msgs/msg/detail/mission_ctrl_state__type_support.hpp
[33.128s] -- Installing: /home/basmala/mir250_ws/src/MiR250/MIR_250/install/mir_msgs/include/mir_msgs/mir_msgs/msg/detail/power_board_motor_status__builder.hpp
[33.128s] -- Installing: /home/basmala/mir250_ws/src/MiR250/MIR_250/install/mir_msgs/include/mir_msgs/mir_msgs/msg/detail/external_robots__struct.hpp
[33.128s] -- Installing: /home/basmala/mir250_ws/src/MiR250/MIR_250/install/mir_msgs/include/mir_msgs/mir_msgs/msg/detail/i_os__type_support.hpp
[33.128s] -- Installing: /home/basmala/mir250_ws/src/MiR250/MIR_250/install/mir_msgs/include/mir_msgs/mir_msgs/msg/detail/trolley__struct.hpp
[33.128s] -- Installing: /home/basmala/mir250_ws/src/MiR250/MIR_250/install/mir_msgs/include/mir_msgs/mir_msgs/msg/detail/robot_state__builder.hpp
[33.128s] -- Installing: /home/basmala/mir250_ws/src/MiR250/MIR_250/install/mir_msgs/include/mir_msgs/mir_msgs/msg/detail/mir_extra__traits.hpp
[33.129s] -- Installing: /home/basmala/mir250_ws/src/MiR250/MIR_250/install/mir_msgs/include/mir_msgs/mir_msgs/msg/detail/robot_mode__type_support.hpp
[33.129s] -- Installing: /home/basmala/mir250_ws/src/MiR250/MIR_250/install/mir_msgs/include/mir_msgs/mir_msgs/msg/detail/error__struct.hpp
[33.129s] -- Installing: /home/basmala/mir250_ws/src/MiR250/MIR_250/install/mir_msgs/include/mir_msgs/mir_msgs/msg/detail/mission_ctrl_state__traits.hpp
[33.129s] -- Installing: /home/basmala/mir250_ws/src/MiR250/MIR_250/install/mir_msgs/include/mir_msgs/mir_msgs/msg/detail/robot_mode__builder.hpp
[33.129s] -- Installing: /home/basmala/mir250_ws/src/MiR250/MIR_250/install/mir_msgs/include/mir_msgs/mir_msgs/msg/detail/external_robot__builder.hpp
[33.129s] -- Installing: /home/basmala/mir250_ws/src/MiR250/MIR_250/install/mir_msgs/include/mir_msgs/mir_msgs/msg/detail/hook_extended_status__struct.hpp
[33.129s] -- Installing: /home/basmala/mir250_ws/src/MiR250/MIR_250/install/mir_msgs/include/mir_msgs/mir_msgs/msg/detail/bms_data__struct.hpp
[33.130s] -- Installing: /home/basmala/mir250_ws/src/MiR250/MIR_250/install/mir_msgs/include/mir_msgs/mir_msgs/msg/detail/device__type_support.hpp
[33.130s] -- Installing: /home/basmala/mir250_ws/src/MiR250/MIR_250/install/mir_msgs/include/mir_msgs/mir_msgs/msg/detail/charging_state__builder.hpp
[33.130s] -- Installing: /home/basmala/mir250_ws/src/MiR250/MIR_250/install/mir_msgs/include/mir_msgs/mir_msgs/msg/detail/resources_state__struct.hpp
[33.130s] -- Installing: /home/basmala/mir250_ws/src/MiR250/MIR_250/install/mir_msgs/include/mir_msgs/mir_msgs/msg/detail/encoders__traits.hpp
[33.131s] -- Installing: /home/basmala/mir250_ws/src/MiR250/MIR_250/install/mir_msgs/include/mir_msgs/mir_msgs/msg/detail/mission_ctrl_state__builder.hpp
[33.131s] -- Installing: /home/basmala/mir250_ws/src/MiR250/MIR_250/install/mir_msgs/include/mir_msgs/mir_msgs/msg/detail/battery_currents__traits.hpp
[33.131s] -- Installing: /home/basmala/mir250_ws/src/MiR250/MIR_250/install/mir_msgs/include/mir_msgs/mir_msgs/msg/detail/world_map__builder.hpp
[33.131s] -- Installing: /home/basmala/mir250_ws/src/MiR250/MIR_250/install/mir_msgs/include/mir_msgs/mir_msgs/msg/detail/hook_status__traits.hpp
[33.131s] -- Installing: /home/basmala/mir250_ws/src/MiR250/MIR_250/install/mir_msgs/include/mir_msgs/mir_msgs/msg/detail/plan_segments__struct.hpp
[33.131s] -- Installing: /home/basmala/mir250_ws/src/MiR250/MIR_250/install/mir_msgs/include/mir_msgs/mir_msgs/msg/detail/resource_state__struct.hpp
[33.132s] -- Installing: /home/basmala/mir250_ws/src/MiR250/MIR_250/install/mir_msgs/include/mir_msgs/mir_msgs/msg/detail/world_model__type_support.hpp
[33.132s] -- Installing: /home/basmala/mir250_ws/src/MiR250/MIR_250/install/mir_msgs/include/mir_msgs/mir_msgs/msg/detail/pallet_lifter_status__type_support.hpp
[33.132s] -- Installing: /home/basmala/mir250_ws/src/MiR250/MIR_250/install/mir_msgs/include/mir_msgs/mir_msgs/msg/detail/resources_state__builder.hpp
[33.132s] -- Installing: /home/basmala/mir250_ws/src/MiR250/MIR_250/install/mir_msgs/include/mir_msgs/mir_msgs/msg/detail/event__traits.hpp
[33.132s] -- Installing: /home/basmala/mir250_ws/src/MiR250/MIR_250/install/mir_msgs/include/mir_msgs/mir_msgs/msg/detail/proximity__traits.hpp
[33.132s] -- Installing: /home/basmala/mir250_ws/src/MiR250/MIR_250/install/mir_msgs/include/mir_msgs/mir_msgs/msg/detail/local_map_stat__traits.hpp
[33.132s] -- Installing: /home/basmala/mir250_ws/src/MiR250/MIR_250/install/mir_msgs/include/mir_msgs/mir_msgs/msg/detail/robot_state__struct.hpp
[33.133s] -- Installing: /home/basmala/mir250_ws/src/MiR250/MIR_250/install/mir_msgs/include/mir_msgs/mir_msgs/msg/detail/charging_state__struct.hpp
[33.133s] -- Installing: /home/basmala/mir250_ws/src/MiR250/MIR_250/install/mir_msgs/include/mir_msgs/mir_msgs/msg/detail/serial__traits.hpp
[33.133s] -- Installing: /home/basmala/mir250_ws/src/MiR250/MIR_250/install/mir_msgs/include/mir_msgs/mir_msgs/msg/detail/resource_state__type_support.hpp
[33.133s] -- Installing: /home/basmala/mir250_ws/src/MiR250/MIR_250/install/mir_msgs/include/mir_msgs/mir_msgs/msg/detail/device__struct.hpp
[33.133s] -- Installing: /home/basmala/mir250_ws/src/MiR250/MIR_250/install/mir_msgs/include/mir_msgs/mir_msgs/msg/detail/hook_extended_status__type_support.hpp
[33.133s] -- Installing: /home/basmala/mir250_ws/src/MiR250/MIR_250/install/mir_msgs/include/mir_msgs/mir_msgs/msg/detail/pendant__builder.hpp
[33.133s] -- Installing: /home/basmala/mir250_ws/src/MiR250/MIR_250/install/mir_msgs/include/mir_msgs/mir_msgs/msg/detail/brake_state__traits.hpp
[33.133s] -- Installing: /home/basmala/mir250_ws/src/MiR250/MIR_250/install/mir_msgs/include/mir_msgs/mir_msgs/msg/detail/plan_segment__type_support.hpp
[33.133s] -- Installing: /home/basmala/mir250_ws/src/MiR250/MIR_250/install/mir_msgs/include/mir_msgs/mir_msgs/msg/detail/local_map_stat__struct.hpp
[33.134s] -- Installing: /home/basmala/mir250_ws/src/MiR250/MIR_250/install/mir_msgs/include/mir_msgs/mir_msgs/msg/detail/pose2_d__type_support.hpp
[33.134s] -- Installing: /home/basmala/mir250_ws/src/MiR250/MIR_250/install/mir_msgs/include/mir_msgs/mir_msgs/msg/detail/path__type_support.hpp
[33.134s] -- Installing: /home/basmala/mir250_ws/src/MiR250/MIR_250/install/mir_msgs/include/mir_msgs/mir_msgs/msg/detail/world_map__traits.hpp
[33.134s] -- Installing: /home/basmala/mir250_ws/src/MiR250/MIR_250/install/mir_msgs/include/mir_msgs/mir_msgs/msg/detail/user_prompt__traits.hpp
[33.134s] -- Installing: /home/basmala/mir250_ws/src/MiR250/MIR_250/install/mir_msgs/include/mir_msgs/mir_msgs/msg/detail/local_map_stat__type_support.hpp
[33.134s] -- Installing: /home/basmala/mir250_ws/src/MiR250/MIR_250/install/mir_msgs/include/mir_msgs/mir_msgs/msg/detail/hook_extended_status__traits.hpp
[33.134s] -- Installing: /home/basmala/mir250_ws/src/MiR250/MIR_250/install/mir_msgs/include/mir_msgs/mir_msgs/msg/detail/mission_ctrl_command__builder.hpp
[33.135s] -- Installing: /home/basmala/mir250_ws/src/MiR250/MIR_250/install/mir_msgs/include/mir_msgs/mir_msgs/msg/detail/gpio__builder.hpp
[33.135s] -- Installing: /home/basmala/mir250_ws/src/MiR250/MIR_250/install/mir_msgs/include/mir_msgs/mir_msgs/msg/detail/battery_currents__struct.hpp
[33.135s] -- Installing: /home/basmala/mir250_ws/src/MiR250/MIR_250/install/mir_msgs/include/mir_msgs/mir_msgs/msg/detail/pose2_d__struct.hpp
[33.135s] -- Installing: /home/basmala/mir250_ws/src/MiR250/MIR_250/install/mir_msgs/include/mir_msgs/mir_msgs/msg/detail/robot_status__type_support.hpp
[33.135s] -- Installing: /home/basmala/mir250_ws/src/MiR250/MIR_250/install/mir_msgs/include/mir_msgs/mir_msgs/msg/detail/plan_segment__traits.hpp
[33.135s] -- Installing: /home/basmala/mir250_ws/src/MiR250/MIR_250/install/mir_msgs/include/mir_msgs/mir_msgs/msg/detail/event__type_support.hpp
[33.135s] -- Installing: /home/basmala/mir250_ws/src/MiR250/MIR_250/install/mir_msgs/include/mir_msgs/mir_msgs/msg/detail/robot_status__traits.hpp
[33.136s] -- Installing: /home/basmala/mir250_ws/src/MiR250/MIR_250/install/mir_msgs/include/mir_msgs/mir_msgs/msg/detail/bms_data__builder.hpp
[33.136s] -- Installing: /home/basmala/mir250_ws/src/MiR250/MIR_250/install/mir_msgs/include/mir_msgs/mir_msgs/msg/detail/web_path__traits.hpp
[33.136s] -- Installing: /home/basmala/mir250_ws/src/MiR250/MIR_250/install/mir_msgs/include/mir_msgs/mir_msgs/msg/detail/gpio__traits.hpp
[33.136s] -- Installing: /home/basmala/mir250_ws/src/MiR250/MIR_250/install/mir_msgs/include/mir_msgs/mir_msgs/msg/detail/safety_status__type_support.hpp
[33.136s] -- Installing: /home/basmala/mir250_ws/src/MiR250/MIR_250/install/mir_msgs/include/mir_msgs/mir_msgs/msg/detail/events__type_support.hpp
[33.136s] -- Installing: /home/basmala/mir250_ws/src/MiR250/MIR_250/install/mir_msgs/include/mir_msgs/mir_msgs/msg/detail/user_prompt__struct.hpp
[33.136s] -- Installing: /home/basmala/mir250_ws/src/MiR250/MIR_250/install/mir_msgs/include/mir_msgs/mir_msgs/msg/detail/height_state__traits.hpp
[33.136s] -- Installing: /home/basmala/mir250_ws/src/MiR250/MIR_250/install/mir_msgs/include/mir_msgs/mir_msgs/msg/detail/pendant__struct.hpp
[33.137s] -- Installing: /home/basmala/mir250_ws/src/MiR250/MIR_250/install/mir_msgs/include/mir_msgs/mir_msgs/msg/detail/height_state__builder.hpp
[33.137s] -- Installing: /home/basmala/mir250_ws/src/MiR250/MIR_250/install/mir_msgs/include/mir_msgs/mir_msgs/msg/detail/event__builder.hpp
[33.137s] -- Installing: /home/basmala/mir250_ws/src/MiR250/MIR_250/install/mir_msgs/include/mir_msgs/mir_msgs/msg/detail/hook_status__struct.hpp
[33.137s] -- Installing: /home/basmala/mir250_ws/src/MiR250/MIR_250/install/mir_msgs/include/mir_msgs/mir_msgs/msg/detail/path__builder.hpp
[33.137s] -- Installing: /home/basmala/mir250_ws/src/MiR250/MIR_250/install/mir_msgs/include/mir_msgs/mir_msgs/msg/detail/serial__builder.hpp
[33.137s] -- Installing: /home/basmala/mir250_ws/src/MiR250/MIR_250/install/mir_msgs/include/mir_msgs/mir_msgs/msg/detail/web_path__type_support.hpp
[33.138s] -- Installing: /home/basmala/mir250_ws/src/MiR250/MIR_250/install/mir_msgs/include/mir_msgs/mir_msgs/msg/detail/events__traits.hpp
[33.138s] -- Installing: /home/basmala/mir250_ws/src/MiR250/MIR_250/install/mir_msgs/include/mir_msgs/mir_msgs/msg/detail/brake_state__builder.hpp
[33.138s] -- Installing: /home/basmala/mir250_ws/src/MiR250/MIR_250/install/mir_msgs/include/mir_msgs/mir_msgs/msg/detail/mission_ctrl_command__type_support.hpp
[33.138s] -- Installing: /home/basmala/mir250_ws/src/MiR250/MIR_250/install/mir_msgs/include/mir_msgs/mir_msgs/msg/detail/brake_state__type_support.hpp
[33.138s] -- Installing: /home/basmala/mir250_ws/src/MiR250/MIR_250/install/mir_msgs/include/mir_msgs/mir_msgs/msg/detail/power_board_motor_status__type_support.hpp
[33.138s] -- Installing: /home/basmala/mir250_ws/src/MiR250/MIR_250/install/mir_msgs/include/mir_msgs/mir_msgs/msg/detail/twist2_d__type_support.hpp
[33.138s] -- Installing: /home/basmala/mir250_ws/src/MiR250/MIR_250/install/mir_msgs/include/mir_msgs/mir_msgs/msg/detail/charging_state__traits.hpp
[33.139s] -- Installing: /home/basmala/mir250_ws/src/MiR250/MIR_250/install/mir_msgs/include/mir_msgs/mir_msgs/msg/detail/web_path__struct.hpp
[33.139s] -- Installing: /home/basmala/mir250_ws/src/MiR250/MIR_250/install/mir_msgs/include/mir_msgs/mir_msgs/msg/detail/proximity__type_support.hpp
[33.139s] -- Installing: /home/basmala/mir250_ws/src/MiR250/MIR_250/install/mir_msgs/include/mir_msgs/mir_msgs/msg/detail/gpio__struct.hpp
[33.139s] -- Installing: /home/basmala/mir250_ws/src/MiR250/MIR_250/install/mir_msgs/include/mir_msgs/mir_msgs/msg/detail/mission_ctrl_state__struct.hpp
[33.139s] -- Installing: /home/basmala/mir250_ws/src/MiR250/MIR_250/install/mir_msgs/include/mir_msgs/mir_msgs/msg/detail/user_prompt__type_support.hpp
[33.139s] -- Installing: /home/basmala/mir250_ws/src/MiR250/MIR_250/install/mir_msgs/include/mir_msgs/mir_msgs/msg/detail/brake_state__struct.hpp
[33.139s] -- Installing: /home/basmala/mir250_ws/src/MiR250/MIR_250/install/mir_msgs/include/mir_msgs/mir_msgs/msg/detail/stamped_encoders__struct.hpp
[33.139s] -- Installing: /home/basmala/mir250_ws/src/MiR250/MIR_250/install/mir_msgs/include/mir_msgs/mir_msgs/msg/detail/encoders__builder.hpp
[33.139s] -- Installing: /home/basmala/mir250_ws/src/MiR250/MIR_250/install/mir_msgs/include/mir_msgs/mir_msgs/msg/detail/user_prompt__builder.hpp
[33.139s] -- Installing: /home/basmala/mir250_ws/src/MiR250/MIR_250/install/mir_msgs/include/mir_msgs/mir_msgs/msg/detail/devices__builder.hpp
[33.139s] -- Installing: /home/basmala/mir250_ws/src/MiR250/MIR_250/install/mir_msgs/include/mir_msgs/mir_msgs/msg/detail/error__type_support.hpp
[33.139s] -- Installing: /home/basmala/mir250_ws/src/MiR250/MIR_250/install/mir_msgs/include/mir_msgs/mir_msgs/msg/detail/safety_status__traits.hpp
[33.140s] -- Installing: /home/basmala/mir250_ws/src/MiR250/MIR_250/install/mir_msgs/include/mir_msgs/mir_msgs/msg/detail/pallet_lifter_status__builder.hpp
[33.140s] -- Installing: /home/basmala/mir250_ws/src/MiR250/MIR_250/install/mir_msgs/include/mir_msgs/mir_msgs/msg/detail/robot_mode__traits.hpp
[33.140s] -- Installing: /home/basmala/mir250_ws/src/MiR250/MIR_250/install/mir_msgs/include/mir_msgs/mir_msgs/msg/detail/proximity__builder.hpp
[33.140s] -- Installing: /home/basmala/mir250_ws/src/MiR250/MIR_250/install/mir_msgs/include/mir_msgs/mir_msgs/msg/detail/safety_status__builder.hpp
[33.140s] -- Installing: /home/basmala/mir250_ws/src/MiR250/MIR_250/install/mir_msgs/include/mir_msgs/mir_msgs/msg/detail/world_model__traits.hpp
[33.140s] -- Installing: /home/basmala/mir250_ws/src/MiR250/MIR_250/install/mir_msgs/include/mir_msgs/mir_msgs/msg/detail/gripper_state__traits.hpp
[33.140s] -- Installing: /home/basmala/mir250_ws/src/MiR250/MIR_250/install/mir_msgs/include/mir_msgs/mir_msgs/msg/detail/proximity__struct.hpp
[33.140s] -- Installing: /home/basmala/mir250_ws/src/MiR250/MIR_250/install/mir_msgs/include/mir_msgs/mir_msgs/msg/detail/twist2_d__builder.hpp
[33.141s] -- Installing: /home/basmala/mir250_ws/src/MiR250/MIR_250/install/mir_msgs/include/mir_msgs/mir_msgs/msg/detail/i_os__struct.hpp
[33.141s] -- Installing: /home/basmala/mir250_ws/src/MiR250/MIR_250/install/mir_msgs/include/mir_msgs/mir_msgs/msg/detail/stamped_encoders__builder.hpp
[33.141s] -- Installing: /home/basmala/mir250_ws/src/MiR250/MIR_250/install/mir_msgs/include/mir_msgs/mir_msgs/msg/detail/world_map__type_support.hpp
[33.141s] -- Installing: /home/basmala/mir250_ws/src/MiR250/MIR_250/install/mir_msgs/include/mir_msgs/mir_msgs/msg/detail/error__traits.hpp
[33.141s] -- Installing: /home/basmala/mir250_ws/src/MiR250/MIR_250/install/mir_msgs/include/mir_msgs/mir_msgs/msg/detail/resource_state__traits.hpp
[33.141s] -- Installing: /home/basmala/mir250_ws/src/MiR250/MIR_250/install/mir_msgs/include/mir_msgs/mir_msgs/msg/detail/pallet_lifter_status__traits.hpp
[33.141s] -- Installing: /home/basmala/mir250_ws/src/MiR250/MIR_250/install/mir_msgs/include/mir_msgs/mir_msgs/msg/detail/twist2_d__struct.hpp
[33.141s] -- Installing: /home/basmala/mir250_ws/src/MiR250/MIR_250/install/mir_msgs/include/mir_msgs/mir_msgs/msg/detail/robot_state__traits.hpp
[33.142s] -- Installing: /home/basmala/mir250_ws/src/MiR250/MIR_250/install/mir_msgs/include/mir_msgs/mir_msgs/msg/detail/external_robot__traits.hpp
[33.142s] -- Installing: /home/basmala/mir250_ws/src/MiR250/MIR_250/install/mir_msgs/include/mir_msgs/mir_msgs/msg/detail/gripper_state__type_support.hpp
[33.142s] -- Installing: /home/basmala/mir250_ws/src/MiR250/MIR_250/install/mir_msgs/include/mir_msgs/mir_msgs/msg/detail/resource_state__builder.hpp
[33.142s] -- Installing: /home/basmala/mir250_ws/src/MiR250/MIR_250/install/mir_msgs/include/mir_msgs/mir_msgs/msg/detail/gripper_state__builder.hpp
[33.143s] -- Installing: /home/basmala/mir250_ws/src/MiR250/MIR_250/install/mir_msgs/include/mir_msgs/mir_msgs/msg/detail/i_os__traits.hpp
[33.143s] -- Installing: /home/basmala/mir250_ws/src/MiR250/MIR_250/install/mir_msgs/include/mir_msgs/mir_msgs/msg/detail/pallet_lifter_status__struct.hpp
[33.143s] -- Installing: /home/basmala/mir250_ws/src/MiR250/MIR_250/install/mir_msgs/include/mir_msgs/mir_msgs/msg/detail/battery_currents__type_support.hpp
[33.143s] -- Installing: /home/basmala/mir250_ws/src/MiR250/MIR_250/install/mir_msgs/include/mir_msgs/mir_msgs/msg/detail/external_robots__builder.hpp
[33.143s] -- Installing: /home/basmala/mir250_ws/src/MiR250/MIR_250/install/mir_msgs/include/mir_msgs/mir_msgs/msg/detail/world_model__struct.hpp
[33.143s] -- Installing: /home/basmala/mir250_ws/src/MiR250/MIR_250/install/mir_msgs/include/mir_msgs/mir_msgs/msg/detail/robot_status__struct.hpp
[33.143s] -- Installing: /home/basmala/mir250_ws/src/MiR250/MIR_250/install/mir_msgs/include/mir_msgs/mir_msgs/msg/detail/serial__struct.hpp
[33.144s] -- Installing: /home/basmala/mir250_ws/src/MiR250/MIR_250/install/mir_msgs/include/mir_msgs/mir_msgs/msg/detail/encoders__struct.hpp
[33.144s] -- Installing: /home/basmala/mir250_ws/src/MiR250/MIR_250/install/mir_msgs/include/mir_msgs/mir_msgs/msg/detail/world_map__struct.hpp
[33.144s] -- Installing: /home/basmala/mir250_ws/src/MiR250/MIR_250/install/mir_msgs/include/mir_msgs/mir_msgs/msg/detail/path__traits.hpp
[33.144s] -- Installing: /home/basmala/mir250_ws/src/MiR250/MIR_250/install/mir_msgs/include/mir_msgs/mir_msgs/msg/detail/charging_state__type_support.hpp
[33.144s] -- Installing: /home/basmala/mir250_ws/src/MiR250/MIR_250/install/mir_msgs/include/mir_msgs/mir_msgs/msg/detail/web_path__builder.hpp
[33.145s] -- Installing: /home/basmala/mir250_ws/src/MiR250/MIR_250/install/mir_msgs/include/mir_msgs/mir_msgs/msg/detail/resources_state__traits.hpp
[33.145s] -- Installing: /home/basmala/mir250_ws/src/MiR250/MIR_250/install/mir_msgs/include/mir_msgs/mir_msgs/msg/detail/local_map_stat__builder.hpp
[33.145s] -- Installing: /home/basmala/mir250_ws/src/MiR250/MIR_250/install/mir_msgs/include/mir_msgs/mir_msgs/msg/detail/world_model__builder.hpp
[33.145s] -- Installing: /home/basmala/mir250_ws/src/MiR250/MIR_250/install/mir_msgs/include/mir_msgs/mir_msgs/msg/detail/height_state__type_support.hpp
[33.145s] -- Installing: /home/basmala/mir250_ws/src/MiR250/MIR_250/install/mir_msgs/include/mir_msgs/mir_msgs/msg/detail/serial__type_support.hpp
[33.145s] -- Installing: /home/basmala/mir250_ws/src/MiR250/MIR_250/install/mir_msgs/include/mir_msgs/mir_msgs/msg/detail/devices__type_support.hpp
[33.146s] -- Installing: /home/basmala/mir250_ws/src/MiR250/MIR_250/install/mir_msgs/include/mir_msgs/mir_msgs/msg/detail/plan_segments__traits.hpp
[33.146s] -- Installing: /home/basmala/mir250_ws/src/MiR250/MIR_250/install/mir_msgs/include/mir_msgs/mir_msgs/msg/detail/plan_segment__builder.hpp
[33.146s] -- Installing: /home/basmala/mir250_ws/src/MiR250/MIR_250/install/mir_msgs/include/mir_msgs/mir_msgs/msg/detail/pose2_d__builder.hpp
[33.146s] -- Installing: /home/basmala/mir250_ws/src/MiR250/MIR_250/install/mir_msgs/include/mir_msgs/mir_msgs/msg/detail/path__struct.hpp
[33.146s] -- Installing: /home/basmala/mir250_ws/src/MiR250/MIR_250/install/mir_msgs/include/mir_msgs/mir_msgs/msg/detail/mir_extra__type_support.hpp
[33.146s] -- Installing: /home/basmala/mir250_ws/src/MiR250/MIR_250/install/mir_msgs/include/mir_msgs/mir_msgs/msg/detail/power_board_motor_status__traits.hpp
[33.147s] -- Installing: /home/basmala/mir250_ws/src/MiR250/MIR_250/install/mir_msgs/include/mir_msgs/mir_msgs/msg/detail/bms_data__type_support.hpp
[33.147s] -- Installing: /home/basmala/mir250_ws/src/MiR250/MIR_250/install/mir_msgs/include/mir_msgs/mir_msgs/msg/detail/mission_ctrl_command__struct.hpp
[33.147s] -- Installing: /home/basmala/mir250_ws/src/MiR250/MIR_250/install/mir_msgs/include/mir_msgs/mir_msgs/msg/detail/encoders__type_support.hpp
[33.147s] -- Installing: /home/basmala/mir250_ws/src/MiR250/MIR_250/install/mir_msgs/include/mir_msgs/mir_msgs/msg/detail/bms_data__traits.hpp
[33.147s] -- Installing: /home/basmala/mir250_ws/src/MiR250/MIR_250/install/mir_msgs/include/mir_msgs/mir_msgs/msg/detail/plan_segments__type_support.hpp
[33.147s] -- Installing: /home/basmala/mir250_ws/src/MiR250/MIR_250/install/mir_msgs/include/mir_msgs/mir_msgs/msg/detail/stamped_encoders__type_support.hpp
[33.147s] -- Installing: /home/basmala/mir250_ws/src/MiR250/MIR_250/install/mir_msgs/include/mir_msgs/mir_msgs/msg/detail/mission_ctrl_command__traits.hpp
[33.147s] -- Installing: /home/basmala/mir250_ws/src/MiR250/MIR_250/install/mir_msgs/include/mir_msgs/mir_msgs/msg/detail/error__builder.hpp
[33.147s] -- Installing: /home/basmala/mir250_ws/src/MiR250/MIR_250/install/mir_msgs/include/mir_msgs/mir_msgs/msg/detail/height_state__struct.hpp
[33.148s] -- Installing: /home/basmala/mir250_ws/src/MiR250/MIR_250/install/mir_msgs/include/mir_msgs/mir_msgs/msg/detail/hook_status__type_support.hpp
[33.148s] -- Installing: /home/basmala/mir250_ws/src/MiR250/MIR_250/install/mir_msgs/include/mir_msgs/mir_msgs/msg/detail/robot_state__type_support.hpp
[33.148s] -- Installing: /home/basmala/mir250_ws/src/MiR250/MIR_250/install/mir_msgs/include/mir_msgs/mir_msgs/msg/detail/mir_extra__builder.hpp
[33.148s] -- Installing: /home/basmala/mir250_ws/src/MiR250/MIR_250/install/mir_msgs/include/mir_msgs/mir_msgs/msg/detail/i_os__builder.hpp
[33.148s] -- Installing: /home/basmala/mir250_ws/src/MiR250/MIR_250/install/mir_msgs/include/mir_msgs/mir_msgs/msg/detail/devices__traits.hpp
[33.149s] -- Installing: /home/basmala/mir250_ws/src/MiR250/MIR_250/install/mir_msgs/include/mir_msgs/mir_msgs/msg/detail/event__struct.hpp
[33.149s] -- Installing: /home/basmala/mir250_ws/src/MiR250/MIR_250/install/mir_msgs/include/mir_msgs/mir_msgs/msg/detail/devices__struct.hpp
[33.149s] -- Installing: /home/basmala/mir250_ws/src/MiR250/MIR_250/install/mir_msgs/include/mir_msgs/mir_msgs/msg/detail/hook_extended_status__builder.hpp
[33.149s] -- Installing: /home/basmala/mir250_ws/src/MiR250/MIR_250/install/mir_msgs/include/mir_msgs/mir_msgs/msg/detail/external_robot__struct.hpp
[33.149s] -- Installing: /home/basmala/mir250_ws/src/MiR250/MIR_250/install/mir_msgs/include/mir_msgs/mir_msgs/msg/detail/robot_status__builder.hpp
[33.149s] -- Installing: /home/basmala/mir250_ws/src/MiR250/MIR_250/install/mir_msgs/include/mir_msgs/mir_msgs/msg/detail/twist2_d__traits.hpp
[33.150s] -- Installing: /home/basmala/mir250_ws/src/MiR250/MIR_250/install/mir_msgs/include/mir_msgs/mir_msgs/msg/detail/battery_currents__builder.hpp
[33.150s] -- Installing: /home/basmala/mir250_ws/src/MiR250/MIR_250/install/mir_msgs/include/mir_msgs/mir_msgs/msg/detail/hook_status__builder.hpp
[33.150s] -- Installing: /home/basmala/mir250_ws/src/MiR250/MIR_250/install/mir_msgs/include/mir_msgs/mir_msgs/msg/detail/joystick_vel__type_support.hpp
[33.150s] -- Installing: /home/basmala/mir250_ws/src/MiR250/MIR_250/install/mir_msgs/include/mir_msgs/mir_msgs/msg/detail/joystick_vel__builder.hpp
[33.150s] -- Installing: /home/basmala/mir250_ws/src/MiR250/MIR_250/install/mir_msgs/include/mir_msgs/mir_msgs/msg/detail/joystick_vel__traits.hpp
[33.150s] -- Installing: /home/basmala/mir250_ws/src/MiR250/MIR_250/install/mir_msgs/include/mir_msgs/mir_msgs/msg/detail/events__struct.hpp
[33.151s] -- Installing: /home/basmala/mir250_ws/src/MiR250/MIR_250/install/mir_msgs/include/mir_msgs/mir_msgs/msg/detail/plan_segment__struct.hpp
[33.151s] -- Installing: /home/basmala/mir250_ws/src/MiR250/MIR_250/install/mir_msgs/include/mir_msgs/mir_msgs/msg/plan_segments.hpp
[33.151s] -- Installing: /home/basmala/mir250_ws/src/MiR250/MIR_250/install/mir_msgs/include/mir_msgs/mir_msgs/msg/robot_state.hpp
[33.151s] -- Installing: /home/basmala/mir250_ws/src/MiR250/MIR_250/install/mir_msgs/include/mir_msgs/mir_msgs/msg/plan_segment.hpp
[33.151s] -- Installing: /home/basmala/mir250_ws/src/MiR250/MIR_250/install/mir_msgs/include/mir_msgs/mir_msgs/msg/gripper_state.hpp
[33.151s] -- Installing: /home/basmala/mir250_ws/src/MiR250/MIR_250/install/mir_msgs/include/mir_msgs/mir_msgs/msg/safety_status.hpp
[33.151s] -- Installing: /home/basmala/mir250_ws/src/MiR250/MIR_250/install/mir_msgs/include/mir_msgs/mir_msgs/msg/world_model.hpp
[33.151s] -- Installing: /home/basmala/mir250_ws/src/MiR250/MIR_250/install/mir_msgs/include/mir_msgs/mir_msgs/msg/joystick_vel.hpp
[33.152s] -- Installing: /home/basmala/mir250_ws/src/MiR250/MIR_250/install/mir_msgs/include/mir_msgs/mir_msgs/msg/encoders.hpp
[33.152s] -- Installing: /home/basmala/mir250_ws/src/MiR250/MIR_250/install/mir_msgs/include/mir_msgs/mir_msgs/msg/trolley.hpp
[33.152s] -- Installing: /home/basmala/mir250_ws/src/MiR250/MIR_250/install/mir_msgs/include/mir_msgs/mir_msgs/msg/world_map.hpp
[33.152s] -- Installing: /home/basmala/mir250_ws/src/MiR250/MIR_250/install/mir_msgs/include/mir_msgs/mir_msgs/msg/twist2_d.hpp
[33.152s] -- Installing: /home/basmala/mir250_ws/src/MiR250/MIR_250/install/mir_msgs/include/mir_msgs/mir_msgs/msg/resource_state.hpp
[33.152s] -- Installing: /home/basmala/mir250_ws/src/MiR250/MIR_250/install/mir_msgs/include/mir_msgs/mir_msgs/msg/pendant.hpp
[33.152s] -- Installing: /home/basmala/mir250_ws/src/MiR250/MIR_250/install/mir_msgs/include/mir_msgs/mir_msgs/msg/brake_state.hpp
[33.152s] -- Installing: /home/basmala/mir250_ws/src/MiR250/MIR_250/install/mir_msgs/include/mir_msgs/mir_msgs/msg/robot_status.hpp
[33.153s] -- Installing: /home/basmala/mir250_ws/src/MiR250/MIR_250/install/mir_msgs/include/mir_msgs/mir_msgs/msg/stamped_encoders.hpp
[33.153s] -- Installing: /home/basmala/mir250_ws/src/MiR250/MIR_250/install/mir_msgs/include/mir_msgs/mir_msgs/msg/robot_mode.hpp
[33.153s] -- Installing: /home/basmala/mir250_ws/src/MiR250/MIR_250/install/mir_msgs/include/mir_msgs/mir_msgs/msg/gpio.hpp
[33.153s] -- Installing: /home/basmala/mir250_ws/src/MiR250/MIR_250/install/mir_msgs/include/mir_msgs/mir_msgs/msg/devices.hpp
[33.153s] -- Installing: /home/basmala/mir250_ws/src/MiR250/MIR_250/install/mir_msgs/include/mir_msgs/mir_msgs/msg/height_state.hpp
[33.153s] -- Installing: /home/basmala/mir250_ws/src/MiR250/MIR_250/install/mir_msgs/include/mir_msgs/mir_msgs/msg/charging_state.hpp
[33.153s] -- Installing: /home/basmala/mir250_ws/src/MiR250/MIR_250/install/mir_msgs/include/mir_msgs/mir_msgs/msg/event.hpp
[33.154s] -- Up-to-date: /home/basmala/mir250_ws/src/MiR250/MIR_250/install/mir_msgs/include/mir_msgs/mir_msgs
[33.154s] -- Up-to-date: /home/basmala/mir250_ws/src/MiR250/MIR_250/install/mir_msgs/include/mir_msgs/mir_msgs/srv
[33.154s] -- Up-to-date: /home/basmala/mir250_ws/src/MiR250/MIR_250/install/mir_msgs/include/mir_msgs/mir_msgs/srv/detail
[33.154s] -- Installing: /home/basmala/mir250_ws/src/MiR250/MIR_250/install/mir_msgs/include/mir_msgs/mir_msgs/srv/detail/dds_fastrtps
[33.154s] -- Installing: /home/basmala/mir250_ws/src/MiR250/MIR_250/install/mir_msgs/include/mir_msgs/mir_msgs/srv/detail/exec_mission__rosidl_typesupport_fastrtps_cpp.hpp
[33.154s] -- Up-to-date: /home/basmala/mir250_ws/src/MiR250/MIR_250/install/mir_msgs/include/mir_msgs/mir_msgs/msg
[33.154s] -- Installing: /home/basmala/mir250_ws/src/MiR250/MIR_250/install/mir_msgs/include/mir_msgs/mir_msgs/msg/rosidl_typesupport_fastrtps_cpp__visibility_control.h
[33.155s] -- Up-to-date: /home/basmala/mir250_ws/src/MiR250/MIR_250/install/mir_msgs/include/mir_msgs/mir_msgs/msg/detail
[33.155s] -- Installing: /home/basmala/mir250_ws/src/MiR250/MIR_250/install/mir_msgs/include/mir_msgs/mir_msgs/msg/detail/trolley__rosidl_typesupport_fastrtps_cpp.hpp
[33.155s] -- Installing: /home/basmala/mir250_ws/src/MiR250/MIR_250/install/mir_msgs/include/mir_msgs/mir_msgs/msg/detail/hook_status__rosidl_typesupport_fastrtps_cpp.hpp
[33.155s] -- Installing: /home/basmala/mir250_ws/src/MiR250/MIR_250/install/mir_msgs/include/mir_msgs/mir_msgs/msg/detail/event__rosidl_typesupport_fastrtps_cpp.hpp
[33.155s] -- Installing: /home/basmala/mir250_ws/src/MiR250/MIR_250/install/mir_msgs/include/mir_msgs/mir_msgs/msg/detail/web_path__rosidl_typesupport_fastrtps_cpp.hpp
[33.155s] -- Installing: /home/basmala/mir250_ws/src/MiR250/MIR_250/install/mir_msgs/include/mir_msgs/mir_msgs/msg/detail/mission_ctrl_command__rosidl_typesupport_fastrtps_cpp.hpp
[33.155s] -- Installing: /home/basmala/mir250_ws/src/MiR250/MIR_250/install/mir_msgs/include/mir_msgs/mir_msgs/msg/detail/i_os__rosidl_typesupport_fastrtps_cpp.hpp
[33.156s] -- Installing: /home/basmala/mir250_ws/src/MiR250/MIR_250/install/mir_msgs/include/mir_msgs/mir_msgs/msg/detail/brake_state__rosidl_typesupport_fastrtps_cpp.hpp
[33.156s] -- Installing: /home/basmala/mir250_ws/src/MiR250/MIR_250/install/mir_msgs/include/mir_msgs/mir_msgs/msg/detail/hook_extended_status__rosidl_typesupport_fastrtps_cpp.hpp
[33.156s] -- Installing: /home/basmala/mir250_ws/src/MiR250/MIR_250/install/mir_msgs/include/mir_msgs/mir_msgs/msg/detail/external_robot__rosidl_typesupport_fastrtps_cpp.hpp
[33.156s] -- Installing: /home/basmala/mir250_ws/src/MiR250/MIR_250/install/mir_msgs/include/mir_msgs/mir_msgs/msg/detail/device__rosidl_typesupport_fastrtps_cpp.hpp
[33.156s] -- Installing: /home/basmala/mir250_ws/src/MiR250/MIR_250/install/mir_msgs/include/mir_msgs/mir_msgs/msg/detail/pendant__rosidl_typesupport_fastrtps_cpp.hpp
[33.156s] -- Installing: /home/basmala/mir250_ws/src/MiR250/MIR_250/install/mir_msgs/include/mir_msgs/mir_msgs/msg/detail/pose2_d__rosidl_typesupport_fastrtps_cpp.hpp
[33.157s] -- Installing: /home/basmala/mir250_ws/src/MiR250/MIR_250/install/mir_msgs/include/mir_msgs/mir_msgs/msg/detail/pallet_lifter_status__rosidl_typesupport_fastrtps_cpp.hpp
[33.157s] -- Installing: /home/basmala/mir250_ws/src/MiR250/MIR_250/install/mir_msgs/include/mir_msgs/mir_msgs/msg/detail/resource_state__rosidl_typesupport_fastrtps_cpp.hpp
[33.157s] -- Installing: /home/basmala/mir250_ws/src/MiR250/MIR_250/install/mir_msgs/include/mir_msgs/mir_msgs/msg/detail/gripper_state__rosidl_typesupport_fastrtps_cpp.hpp
[33.157s] -- Installing: /home/basmala/mir250_ws/src/MiR250/MIR_250/install/mir_msgs/include/mir_msgs/mir_msgs/msg/detail/robot_state__rosidl_typesupport_fastrtps_cpp.hpp
[33.157s] -- Installing: /home/basmala/mir250_ws/src/MiR250/MIR_250/install/mir_msgs/include/mir_msgs/mir_msgs/msg/detail/plan_segments__rosidl_typesupport_fastrtps_cpp.hpp
[33.157s] -- Installing: /home/basmala/mir250_ws/src/MiR250/MIR_250/install/mir_msgs/include/mir_msgs/mir_msgs/msg/detail/world_model__rosidl_typesupport_fastrtps_cpp.hpp
[33.158s] -- Installing: /home/basmala/mir250_ws/src/MiR250/MIR_250/install/mir_msgs/include/mir_msgs/mir_msgs/msg/detail/encoders__rosidl_typesupport_fastrtps_cpp.hpp
[33.158s] -- Installing: /home/basmala/mir250_ws/src/MiR250/MIR_250/install/mir_msgs/include/mir_msgs/mir_msgs/msg/detail/devices__rosidl_typesupport_fastrtps_cpp.hpp
[33.158s] -- Installing: /home/basmala/mir250_ws/src/MiR250/MIR_250/install/mir_msgs/include/mir_msgs/mir_msgs/msg/detail/gpio__rosidl_typesupport_fastrtps_cpp.hpp
[33.158s] -- Installing: /home/basmala/mir250_ws/src/MiR250/MIR_250/install/mir_msgs/include/mir_msgs/mir_msgs/msg/detail/path__rosidl_typesupport_fastrtps_cpp.hpp
[33.158s] -- Installing: /home/basmala/mir250_ws/src/MiR250/MIR_250/install/mir_msgs/include/mir_msgs/mir_msgs/msg/detail/serial__rosidl_typesupport_fastrtps_cpp.hpp
[33.158s] -- Installing: /home/basmala/mir250_ws/src/MiR250/MIR_250/install/mir_msgs/include/mir_msgs/mir_msgs/msg/detail/plan_segment__rosidl_typesupport_fastrtps_cpp.hpp
[33.159s] -- Installing: /home/basmala/mir250_ws/src/MiR250/MIR_250/install/mir_msgs/include/mir_msgs/mir_msgs/msg/detail/user_prompt__rosidl_typesupport_fastrtps_cpp.hpp
[33.159s] -- Installing: /home/basmala/mir250_ws/src/MiR250/MIR_250/install/mir_msgs/include/mir_msgs/mir_msgs/msg/detail/events__rosidl_typesupport_fastrtps_cpp.hpp
[33.159s] -- Installing: /home/basmala/mir250_ws/src/MiR250/MIR_250/install/mir_msgs/include/mir_msgs/mir_msgs/msg/detail/mission_ctrl_state__rosidl_typesupport_fastrtps_cpp.hpp
[33.159s] -- Installing: /home/basmala/mir250_ws/src/MiR250/MIR_250/install/mir_msgs/include/mir_msgs/mir_msgs/msg/detail/charging_state__rosidl_typesupport_fastrtps_cpp.hpp
[33.159s] -- Installing: /home/basmala/mir250_ws/src/MiR250/MIR_250/install/mir_msgs/include/mir_msgs/mir_msgs/msg/detail/proximity__rosidl_typesupport_fastrtps_cpp.hpp
[33.159s] -- Installing: /home/basmala/mir250_ws/src/MiR250/MIR_250/install/mir_msgs/include/mir_msgs/mir_msgs/msg/detail/battery_currents__rosidl_typesupport_fastrtps_cpp.hpp
[33.160s] -- Installing: /home/basmala/mir250_ws/src/MiR250/MIR_250/install/mir_msgs/include/mir_msgs/mir_msgs/msg/detail/external_robots__rosidl_typesupport_fastrtps_cpp.hpp
[33.160s] -- Installing: /home/basmala/mir250_ws/src/MiR250/MIR_250/install/mir_msgs/include/mir_msgs/mir_msgs/msg/detail/safety_status__rosidl_typesupport_fastrtps_cpp.hpp
[33.160s] -- Installing: /home/basmala/mir250_ws/src/MiR250/MIR_250/install/mir_msgs/include/mir_msgs/mir_msgs/msg/detail/resources_state__rosidl_typesupport_fastrtps_cpp.hpp
[33.160s] -- Installing: /home/basmala/mir250_ws/src/MiR250/MIR_250/install/mir_msgs/include/mir_msgs/mir_msgs/msg/detail/robot_mode__rosidl_typesupport_fastrtps_cpp.hpp
[33.160s] -- Installing: /home/basmala/mir250_ws/src/MiR250/MIR_250/install/mir_msgs/include/mir_msgs/mir_msgs/msg/detail/bms_data__rosidl_typesupport_fastrtps_cpp.hpp
[33.160s] -- Installing: /home/basmala/mir250_ws/src/MiR250/MIR_250/install/mir_msgs/include/mir_msgs/mir_msgs/msg/detail/joystick_vel__rosidl_typesupport_fastrtps_cpp.hpp
[33.160s] -- Installing: /home/basmala/mir250_ws/src/MiR250/MIR_250/install/mir_msgs/include/mir_msgs/mir_msgs/msg/detail/world_map__rosidl_typesupport_fastrtps_cpp.hpp
[33.160s] -- Installing: /home/basmala/mir250_ws/src/MiR250/MIR_250/install/mir_msgs/include/mir_msgs/mir_msgs/msg/detail/dds_fastrtps
[33.160s] -- Installing: /home/basmala/mir250_ws/src/MiR250/MIR_250/install/mir_msgs/include/mir_msgs/mir_msgs/msg/detail/stamped_encoders__rosidl_typesupport_fastrtps_cpp.hpp
[33.161s] -- Installing: /home/basmala/mir250_ws/src/MiR250/MIR_250/install/mir_msgs/include/mir_msgs/mir_msgs/msg/detail/error__rosidl_typesupport_fastrtps_cpp.hpp
[33.161s] -- Installing: /home/basmala/mir250_ws/src/MiR250/MIR_250/install/mir_msgs/include/mir_msgs/mir_msgs/msg/detail/robot_status__rosidl_typesupport_fastrtps_cpp.hpp
[33.161s] -- Installing: /home/basmala/mir250_ws/src/MiR250/MIR_250/install/mir_msgs/include/mir_msgs/mir_msgs/msg/detail/local_map_stat__rosidl_typesupport_fastrtps_cpp.hpp
[33.161s] -- Installing: /home/basmala/mir250_ws/src/MiR250/MIR_250/install/mir_msgs/include/mir_msgs/mir_msgs/msg/detail/height_state__rosidl_typesupport_fastrtps_cpp.hpp
[33.161s] -- Installing: /home/basmala/mir250_ws/src/MiR250/MIR_250/install/mir_msgs/include/mir_msgs/mir_msgs/msg/detail/power_board_motor_status__rosidl_typesupport_fastrtps_cpp.hpp
[33.161s] -- Installing: /home/basmala/mir250_ws/src/MiR250/MIR_250/install/mir_msgs/include/mir_msgs/mir_msgs/msg/detail/twist2_d__rosidl_typesupport_fastrtps_cpp.hpp
[33.162s] -- Installing: /home/basmala/mir250_ws/src/MiR250/MIR_250/install/mir_msgs/include/mir_msgs/mir_msgs/msg/detail/mir_extra__rosidl_typesupport_fastrtps_cpp.hpp
[33.162s] -- Installing: /home/basmala/mir250_ws/src/MiR250/MIR_250/install/mir_msgs/lib/libmir_msgs__rosidl_typesupport_fastrtps_cpp.so
[33.163s] -- Set runtime path of "/home/basmala/mir250_ws/src/MiR250/MIR_250/install/mir_msgs/lib/libmir_msgs__rosidl_typesupport_fastrtps_cpp.so" to ""
[33.163s] -- Up-to-date: /home/basmala/mir250_ws/src/MiR250/MIR_250/install/mir_msgs/include/mir_msgs/mir_msgs
[33.163s] -- Up-to-date: /home/basmala/mir250_ws/src/MiR250/MIR_250/install/mir_msgs/include/mir_msgs/mir_msgs/srv
[33.164s] -- Up-to-date: /home/basmala/mir250_ws/src/MiR250/MIR_250/install/mir_msgs/include/mir_msgs/mir_msgs/srv/detail
[33.164s] -- Installing: /home/basmala/mir250_ws/src/MiR250/MIR_250/install/mir_msgs/include/mir_msgs/mir_msgs/srv/detail/exec_mission__rosidl_typesupport_introspection_c.h
[33.164s] -- Installing: /home/basmala/mir250_ws/src/MiR250/MIR_250/install/mir_msgs/include/mir_msgs/mir_msgs/srv/detail/exec_mission__type_support.c
[33.164s] -- Up-to-date: /home/basmala/mir250_ws/src/MiR250/MIR_250/install/mir_msgs/include/mir_msgs/mir_msgs/msg
[33.164s] -- Up-to-date: /home/basmala/mir250_ws/src/MiR250/MIR_250/install/mir_msgs/include/mir_msgs/mir_msgs/msg/detail
[33.165s] -- Installing: /home/basmala/mir250_ws/src/MiR250/MIR_250/install/mir_msgs/include/mir_msgs/mir_msgs/msg/detail/mission_ctrl_state__rosidl_typesupport_introspection_c.h
[33.165s] -- Installing: /home/basmala/mir250_ws/src/MiR250/MIR_250/install/mir_msgs/include/mir_msgs/mir_msgs/msg/detail/web_path__type_support.c
[33.165s] -- Installing: /home/basmala/mir250_ws/src/MiR250/MIR_250/install/mir_msgs/include/mir_msgs/mir_msgs/msg/detail/robot_state__type_support.c
[33.165s] -- Installing: /home/basmala/mir250_ws/src/MiR250/MIR_250/install/mir_msgs/include/mir_msgs/mir_msgs/msg/detail/robot_status__rosidl_typesupport_introspection_c.h
[33.165s] -- Installing: /home/basmala/mir250_ws/src/MiR250/MIR_250/install/mir_msgs/include/mir_msgs/mir_msgs/msg/detail/twist2_d__rosidl_typesupport_introspection_c.h
[33.165s] -- Installing: /home/basmala/mir250_ws/src/MiR250/MIR_250/install/mir_msgs/include/mir_msgs/mir_msgs/msg/detail/i_os__rosidl_typesupport_introspection_c.h
[33.165s] -- Installing: /home/basmala/mir250_ws/src/MiR250/MIR_250/install/mir_msgs/include/mir_msgs/mir_msgs/msg/detail/charging_state__type_support.c
[33.166s] -- Installing: /home/basmala/mir250_ws/src/MiR250/MIR_250/install/mir_msgs/include/mir_msgs/mir_msgs/msg/detail/serial__rosidl_typesupport_introspection_c.h
[33.166s] -- Installing: /home/basmala/mir250_ws/src/MiR250/MIR_250/install/mir_msgs/include/mir_msgs/mir_msgs/msg/detail/robot_state__rosidl_typesupport_introspection_c.h
[33.166s] -- Installing: /home/basmala/mir250_ws/src/MiR250/MIR_250/install/mir_msgs/include/mir_msgs/mir_msgs/msg/detail/gripper_state__type_support.c
[33.166s] -- Installing: /home/basmala/mir250_ws/src/MiR250/MIR_250/install/mir_msgs/include/mir_msgs/mir_msgs/msg/detail/height_state__rosidl_typesupport_introspection_c.h
[33.166s] -- Installing: /home/basmala/mir250_ws/src/MiR250/MIR_250/install/mir_msgs/include/mir_msgs/mir_msgs/msg/detail/event__rosidl_typesupport_introspection_c.h
[33.166s] -- Installing: /home/basmala/mir250_ws/src/MiR250/MIR_250/install/mir_msgs/include/mir_msgs/mir_msgs/msg/detail/mission_ctrl_state__type_support.c
[33.166s] -- Installing: /home/basmala/mir250_ws/src/MiR250/MIR_250/install/mir_msgs/include/mir_msgs/mir_msgs/msg/detail/hook_status__rosidl_typesupport_introspection_c.h
[33.166s] -- Installing: /home/basmala/mir250_ws/src/MiR250/MIR_250/install/mir_msgs/include/mir_msgs/mir_msgs/msg/detail/charging_state__rosidl_typesupport_introspection_c.h
[33.167s] -- Installing: /home/basmala/mir250_ws/src/MiR250/MIR_250/install/mir_msgs/include/mir_msgs/mir_msgs/msg/detail/robot_status__type_support.c
[33.167s] -- Installing: /home/basmala/mir250_ws/src/MiR250/MIR_250/install/mir_msgs/include/mir_msgs/mir_msgs/msg/detail/brake_state__rosidl_typesupport_introspection_c.h
[33.167s] -- Installing: /home/basmala/mir250_ws/src/MiR250/MIR_250/install/mir_msgs/include/mir_msgs/mir_msgs/msg/detail/proximity__type_support.c
[33.167s] -- Installing: /home/basmala/mir250_ws/src/MiR250/MIR_250/install/mir_msgs/include/mir_msgs/mir_msgs/msg/detail/encoders__type_support.c
[33.167s] -- Installing: /home/basmala/mir250_ws/src/MiR250/MIR_250/install/mir_msgs/include/mir_msgs/mir_msgs/msg/detail/robot_mode__rosidl_typesupport_introspection_c.h
[33.167s] -- Installing: /home/basmala/mir250_ws/src/MiR250/MIR_250/install/mir_msgs/include/mir_msgs/mir_msgs/msg/detail/path__rosidl_typesupport_introspection_c.h
[33.167s] -- Installing: /home/basmala/mir250_ws/src/MiR250/MIR_250/install/mir_msgs/include/mir_msgs/mir_msgs/msg/detail/hook_extended_status__rosidl_typesupport_introspection_c.h
[33.168s] -- Installing: /home/basmala/mir250_ws/src/MiR250/MIR_250/install/mir_msgs/include/mir_msgs/mir_msgs/msg/detail/serial__type_support.c
[33.168s] -- Installing: /home/basmala/mir250_ws/src/MiR250/MIR_250/install/mir_msgs/include/mir_msgs/mir_msgs/msg/detail/devices__type_support.c
[33.168s] -- Installing: /home/basmala/mir250_ws/src/MiR250/MIR_250/install/mir_msgs/include/mir_msgs/mir_msgs/msg/detail/i_os__type_support.c
[33.168s] -- Installing: /home/basmala/mir250_ws/src/MiR250/MIR_250/install/mir_msgs/include/mir_msgs/mir_msgs/msg/detail/event__type_support.c
[33.168s] -- Installing: /home/basmala/mir250_ws/src/MiR250/MIR_250/install/mir_msgs/include/mir_msgs/mir_msgs/msg/detail/pallet_lifter_status__rosidl_typesupport_introspection_c.h
[33.168s] -- Installing: /home/basmala/mir250_ws/src/MiR250/MIR_250/install/mir_msgs/include/mir_msgs/mir_msgs/msg/detail/pose2_d__type_support.c
[33.168s] -- Installing: /home/basmala/mir250_ws/src/MiR250/MIR_250/install/mir_msgs/include/mir_msgs/mir_msgs/msg/detail/external_robot__type_support.c
[33.168s] -- Installing: /home/basmala/mir250_ws/src/MiR250/MIR_250/install/mir_msgs/include/mir_msgs/mir_msgs/msg/detail/events__rosidl_typesupport_introspection_c.h
[33.169s] -- Installing: /home/basmala/mir250_ws/src/MiR250/MIR_250/install/mir_msgs/include/mir_msgs/mir_msgs/msg/detail/stamped_encoders__rosidl_typesupport_introspection_c.h
[33.169s] -- Installing: /home/basmala/mir250_ws/src/MiR250/MIR_250/install/mir_msgs/include/mir_msgs/mir_msgs/msg/detail/resources_state__rosidl_typesupport_introspection_c.h
[33.169s] -- Installing: /home/basmala/mir250_ws/src/MiR250/MIR_250/install/mir_msgs/include/mir_msgs/mir_msgs/msg/detail/devices__rosidl_typesupport_introspection_c.h
[33.169s] -- Installing: /home/basmala/mir250_ws/src/MiR250/MIR_250/install/mir_msgs/include/mir_msgs/mir_msgs/msg/detail/error__rosidl_typesupport_introspection_c.h
[33.169s] -- Installing: /home/basmala/mir250_ws/src/MiR250/MIR_250/install/mir_msgs/include/mir_msgs/mir_msgs/msg/detail/battery_currents__rosidl_typesupport_introspection_c.h
[33.169s] -- Installing: /home/basmala/mir250_ws/src/MiR250/MIR_250/install/mir_msgs/include/mir_msgs/mir_msgs/msg/detail/plan_segment__type_support.c
[33.169s] -- Installing: /home/basmala/mir250_ws/src/MiR250/MIR_250/install/mir_msgs/include/mir_msgs/mir_msgs/msg/detail/trolley__rosidl_typesupport_introspection_c.h
[33.169s] -- Installing: /home/basmala/mir250_ws/src/MiR250/MIR_250/install/mir_msgs/include/mir_msgs/mir_msgs/msg/detail/mir_extra__type_support.c
[33.169s] -- Installing: /home/basmala/mir250_ws/src/MiR250/MIR_250/install/mir_msgs/include/mir_msgs/mir_msgs/msg/detail/safety_status__rosidl_typesupport_introspection_c.h
[33.169s] -- Installing: /home/basmala/mir250_ws/src/MiR250/MIR_250/install/mir_msgs/include/mir_msgs/mir_msgs/msg/detail/local_map_stat__rosidl_typesupport_introspection_c.h
[33.170s] -- Installing: /home/basmala/mir250_ws/src/MiR250/MIR_250/install/mir_msgs/include/mir_msgs/mir_msgs/msg/detail/mission_ctrl_command__type_support.c
[33.170s] -- Installing: /home/basmala/mir250_ws/src/MiR250/MIR_250/install/mir_msgs/include/mir_msgs/mir_msgs/msg/detail/hook_extended_status__type_support.c
[33.170s] -- Installing: /home/basmala/mir250_ws/src/MiR250/MIR_250/install/mir_msgs/include/mir_msgs/mir_msgs/msg/detail/joystick_vel__rosidl_typesupport_introspection_c.h
[33.170s] -- Installing: /home/basmala/mir250_ws/src/MiR250/MIR_250/install/mir_msgs/include/mir_msgs/mir_msgs/msg/detail/plan_segments__type_support.c
[33.170s] -- Installing: /home/basmala/mir250_ws/src/MiR250/MIR_250/install/mir_msgs/include/mir_msgs/mir_msgs/msg/detail/gripper_state__rosidl_typesupport_introspection_c.h
[33.170s] -- Installing: /home/basmala/mir250_ws/src/MiR250/MIR_250/install/mir_msgs/include/mir_msgs/mir_msgs/msg/detail/local_map_stat__type_support.c
[33.170s] -- Installing: /home/basmala/mir250_ws/src/MiR250/MIR_250/install/mir_msgs/include/mir_msgs/mir_msgs/msg/detail/gpio__rosidl_typesupport_introspection_c.h
[33.170s] -- Installing: /home/basmala/mir250_ws/src/MiR250/MIR_250/install/mir_msgs/include/mir_msgs/mir_msgs/msg/detail/plan_segment__rosidl_typesupport_introspection_c.h
[33.171s] -- Installing: /home/basmala/mir250_ws/src/MiR250/MIR_250/install/mir_msgs/include/mir_msgs/mir_msgs/msg/detail/world_model__rosidl_typesupport_introspection_c.h
[33.171s] -- Installing: /home/basmala/mir250_ws/src/MiR250/MIR_250/install/mir_msgs/include/mir_msgs/mir_msgs/msg/detail/brake_state__type_support.c
[33.171s] -- Installing: /home/basmala/mir250_ws/src/MiR250/MIR_250/install/mir_msgs/include/mir_msgs/mir_msgs/msg/detail/power_board_motor_status__type_support.c
[33.171s] -- Installing: /home/basmala/mir250_ws/src/MiR250/MIR_250/install/mir_msgs/include/mir_msgs/mir_msgs/msg/detail/mir_extra__rosidl_typesupport_introspection_c.h
[33.171s] -- Installing: /home/basmala/mir250_ws/src/MiR250/MIR_250/install/mir_msgs/include/mir_msgs/mir_msgs/msg/detail/mission_ctrl_command__rosidl_typesupport_introspection_c.h
[33.171s] -- Installing: /home/basmala/mir250_ws/src/MiR250/MIR_250/install/mir_msgs/include/mir_msgs/mir_msgs/msg/detail/world_model__type_support.c
[33.171s] -- Installing: /home/basmala/mir250_ws/src/MiR250/MIR_250/install/mir_msgs/include/mir_msgs/mir_msgs/msg/detail/safety_status__type_support.c
[33.172s] -- Installing: /home/basmala/mir250_ws/src/MiR250/MIR_250/install/mir_msgs/include/mir_msgs/mir_msgs/msg/detail/pose2_d__rosidl_typesupport_introspection_c.h
[33.172s] -- Installing: /home/basmala/mir250_ws/src/MiR250/MIR_250/install/mir_msgs/include/mir_msgs/mir_msgs/msg/detail/robot_mode__type_support.c
[33.172s] -- Installing: /home/basmala/mir250_ws/src/MiR250/MIR_250/install/mir_msgs/include/mir_msgs/mir_msgs/msg/detail/resources_state__type_support.c
[33.172s] -- Installing: /home/basmala/mir250_ws/src/MiR250/MIR_250/install/mir_msgs/include/mir_msgs/mir_msgs/msg/detail/external_robots__rosidl_typesupport_introspection_c.h
[33.172s] -- Installing: /home/basmala/mir250_ws/src/MiR250/MIR_250/install/mir_msgs/include/mir_msgs/mir_msgs/msg/detail/web_path__rosidl_typesupport_introspection_c.h
[33.173s] -- Installing: /home/basmala/mir250_ws/src/MiR250/MIR_250/install/mir_msgs/include/mir_msgs/mir_msgs/msg/detail/height_state__type_support.c
[33.173s] -- Installing: /home/basmala/mir250_ws/src/MiR250/MIR_250/install/mir_msgs/include/mir_msgs/mir_msgs/msg/detail/trolley__type_support.c
[33.173s] -- Installing: /home/basmala/mir250_ws/src/MiR250/MIR_250/install/mir_msgs/include/mir_msgs/mir_msgs/msg/detail/events__type_support.c
[33.173s] -- Installing: /home/basmala/mir250_ws/src/MiR250/MIR_250/install/mir_msgs/include/mir_msgs/mir_msgs/msg/detail/pendant__rosidl_typesupport_introspection_c.h
[33.173s] -- Installing: /home/basmala/mir250_ws/src/MiR250/MIR_250/install/mir_msgs/include/mir_msgs/mir_msgs/msg/detail/encoders__rosidl_typesupport_introspection_c.h
[33.174s] -- Installing: /home/basmala/mir250_ws/src/MiR250/MIR_250/install/mir_msgs/include/mir_msgs/mir_msgs/msg/detail/world_map__rosidl_typesupport_introspection_c.h
[33.174s] -- Installing: /home/basmala/mir250_ws/src/MiR250/MIR_250/install/mir_msgs/include/mir_msgs/mir_msgs/msg/detail/pendant__type_support.c
[33.174s] -- Installing: /home/basmala/mir250_ws/src/MiR250/MIR_250/install/mir_msgs/include/mir_msgs/mir_msgs/msg/detail/battery_currents__type_support.c
[33.174s] -- Installing: /home/basmala/mir250_ws/src/MiR250/MIR_250/install/mir_msgs/include/mir_msgs/mir_msgs/msg/detail/resource_state__type_support.c
[33.174s] -- Installing: /home/basmala/mir250_ws/src/MiR250/MIR_250/install/mir_msgs/include/mir_msgs/mir_msgs/msg/detail/hook_status__type_support.c
[33.174s] -- Installing: /home/basmala/mir250_ws/src/MiR250/MIR_250/install/mir_msgs/include/mir_msgs/mir_msgs/msg/detail/external_robots__type_support.c
[33.174s] -- Installing: /home/basmala/mir250_ws/src/MiR250/MIR_250/install/mir_msgs/include/mir_msgs/mir_msgs/msg/detail/path__type_support.c
[33.174s] -- Installing: /home/basmala/mir250_ws/src/MiR250/MIR_250/install/mir_msgs/include/mir_msgs/mir_msgs/msg/detail/user_prompt__type_support.c
[33.175s] -- Installing: /home/basmala/mir250_ws/src/MiR250/MIR_250/install/mir_msgs/include/mir_msgs/mir_msgs/msg/detail/power_board_motor_status__rosidl_typesupport_introspection_c.h
[33.175s] -- Installing: /home/basmala/mir250_ws/src/MiR250/MIR_250/install/mir_msgs/include/mir_msgs/mir_msgs/msg/detail/bms_data__type_support.c
[33.175s] -- Installing: /home/basmala/mir250_ws/src/MiR250/MIR_250/install/mir_msgs/include/mir_msgs/mir_msgs/msg/detail/user_prompt__rosidl_typesupport_introspection_c.h
[33.175s] -- Installing: /home/basmala/mir250_ws/src/MiR250/MIR_250/install/mir_msgs/include/mir_msgs/mir_msgs/msg/detail/pallet_lifter_status__type_support.c
[33.175s] -- Installing: /home/basmala/mir250_ws/src/MiR250/MIR_250/install/mir_msgs/include/mir_msgs/mir_msgs/msg/detail/stamped_encoders__type_support.c
[33.175s] -- Installing: /home/basmala/mir250_ws/src/MiR250/MIR_250/install/mir_msgs/include/mir_msgs/mir_msgs/msg/detail/device__type_support.c
[33.175s] -- Installing: /home/basmala/mir250_ws/src/MiR250/MIR_250/install/mir_msgs/include/mir_msgs/mir_msgs/msg/detail/twist2_d__type_support.c
[33.176s] -- Installing: /home/basmala/mir250_ws/src/MiR250/MIR_250/install/mir_msgs/include/mir_msgs/mir_msgs/msg/detail/world_map__type_support.c
[33.176s] -- Installing: /home/basmala/mir250_ws/src/MiR250/MIR_250/install/mir_msgs/include/mir_msgs/mir_msgs/msg/detail/proximity__rosidl_typesupport_introspection_c.h
[33.176s] -- Installing: /home/basmala/mir250_ws/src/MiR250/MIR_250/install/mir_msgs/include/mir_msgs/mir_msgs/msg/detail/plan_segments__rosidl_typesupport_introspection_c.h
[33.176s] -- Installing: /home/basmala/mir250_ws/src/MiR250/MIR_250/install/mir_msgs/include/mir_msgs/mir_msgs/msg/detail/device__rosidl_typesupport_introspection_c.h
[33.176s] -- Installing: /home/basmala/mir250_ws/src/MiR250/MIR_250/install/mir_msgs/include/mir_msgs/mir_msgs/msg/detail/bms_data__rosidl_typesupport_introspection_c.h
[33.176s] -- Installing: /home/basmala/mir250_ws/src/MiR250/MIR_250/install/mir_msgs/include/mir_msgs/mir_msgs/msg/detail/error__type_support.c
[33.177s] -- Installing: /home/basmala/mir250_ws/src/MiR250/MIR_250/install/mir_msgs/include/mir_msgs/mir_msgs/msg/detail/resource_state__rosidl_typesupport_introspection_c.h
[33.177s] -- Installing: /home/basmala/mir250_ws/src/MiR250/MIR_250/install/mir_msgs/include/mir_msgs/mir_msgs/msg/detail/external_robot__rosidl_typesupport_introspection_c.h
[33.177s] -- Installing: /home/basmala/mir250_ws/src/MiR250/MIR_250/install/mir_msgs/include/mir_msgs/mir_msgs/msg/detail/gpio__type_support.c
[33.177s] -- Installing: /home/basmala/mir250_ws/src/MiR250/MIR_250/install/mir_msgs/include/mir_msgs/mir_msgs/msg/detail/joystick_vel__type_support.c
[33.177s] -- Installing: /home/basmala/mir250_ws/src/MiR250/MIR_250/install/mir_msgs/include/mir_msgs/mir_msgs/msg/rosidl_typesupport_introspection_c__visibility_control.h
[33.178s] -- Installing: /home/basmala/mir250_ws/src/MiR250/MIR_250/install/mir_msgs/lib/libmir_msgs__rosidl_typesupport_introspection_c.so
[33.178s] -- Set runtime path of "/home/basmala/mir250_ws/src/MiR250/MIR_250/install/mir_msgs/lib/libmir_msgs__rosidl_typesupport_introspection_c.so" to ""
[33.178s] -- Installing: /home/basmala/mir250_ws/src/MiR250/MIR_250/install/mir_msgs/lib/libmir_msgs__rosidl_typesupport_c.so
[33.178s] -- Set runtime path of "/home/basmala/mir250_ws/src/MiR250/MIR_250/install/mir_msgs/lib/libmir_msgs__rosidl_typesupport_c.so" to ""
[33.178s] -- Up-to-date: /home/basmala/mir250_ws/src/MiR250/MIR_250/install/mir_msgs/include/mir_msgs/mir_msgs
[33.179s] -- Up-to-date: /home/basmala/mir250_ws/src/MiR250/MIR_250/install/mir_msgs/include/mir_msgs/mir_msgs/srv
[33.179s] -- Up-to-date: /home/basmala/mir250_ws/src/MiR250/MIR_250/install/mir_msgs/include/mir_msgs/mir_msgs/srv/detail
[33.179s] -- Installing: /home/basmala/mir250_ws/src/MiR250/MIR_250/install/mir_msgs/include/mir_msgs/mir_msgs/srv/detail/exec_mission__type_support.cpp
[33.179s] -- Installing: /home/basmala/mir250_ws/src/MiR250/MIR_250/install/mir_msgs/include/mir_msgs/mir_msgs/srv/detail/exec_mission__rosidl_typesupport_introspection_cpp.hpp
[33.180s] -- Up-to-date: /home/basmala/mir250_ws/src/MiR250/MIR_250/install/mir_msgs/include/mir_msgs/mir_msgs/msg
[33.180s] -- Up-to-date: /home/basmala/mir250_ws/src/MiR250/MIR_250/install/mir_msgs/include/mir_msgs/mir_msgs/msg/detail
[33.180s] -- Installing: /home/basmala/mir250_ws/src/MiR250/MIR_250/install/mir_msgs/include/mir_msgs/mir_msgs/msg/detail/resource_state__rosidl_typesupport_introspection_cpp.hpp
[33.180s] -- Installing: /home/basmala/mir250_ws/src/MiR250/MIR_250/install/mir_msgs/include/mir_msgs/mir_msgs/msg/detail/devices__type_support.cpp
[33.180s] -- Installing: /home/basmala/mir250_ws/src/MiR250/MIR_250/install/mir_msgs/include/mir_msgs/mir_msgs/msg/detail/joystick_vel__type_support.cpp
[33.180s] -- Installing: /home/basmala/mir250_ws/src/MiR250/MIR_250/install/mir_msgs/include/mir_msgs/mir_msgs/msg/detail/web_path__type_support.cpp
[33.181s] -- Installing: /home/basmala/mir250_ws/src/MiR250/MIR_250/install/mir_msgs/include/mir_msgs/mir_msgs/msg/detail/mission_ctrl_command__type_support.cpp
[33.181s] -- Installing: /home/basmala/mir250_ws/src/MiR250/MIR_250/install/mir_msgs/include/mir_msgs/mir_msgs/msg/detail/world_map__type_support.cpp
[33.181s] -- Installing: /home/basmala/mir250_ws/src/MiR250/MIR_250/install/mir_msgs/include/mir_msgs/mir_msgs/msg/detail/local_map_stat__rosidl_typesupport_introspection_cpp.hpp
[33.181s] -- Installing: /home/basmala/mir250_ws/src/MiR250/MIR_250/install/mir_msgs/include/mir_msgs/mir_msgs/msg/detail/world_map__rosidl_typesupport_introspection_cpp.hpp
[33.181s] -- Installing: /home/basmala/mir250_ws/src/MiR250/MIR_250/install/mir_msgs/include/mir_msgs/mir_msgs/msg/detail/robot_mode__type_support.cpp
[33.181s] -- Installing: /home/basmala/mir250_ws/src/MiR250/MIR_250/install/mir_msgs/include/mir_msgs/mir_msgs/msg/detail/proximity__type_support.cpp
[33.181s] -- Installing: /home/basmala/mir250_ws/src/MiR250/MIR_250/install/mir_msgs/include/mir_msgs/mir_msgs/msg/detail/device__type_support.cpp
[33.182s] -- Installing: /home/basmala/mir250_ws/src/MiR250/MIR_250/install/mir_msgs/include/mir_msgs/mir_msgs/msg/detail/user_prompt__type_support.cpp
[33.182s] -- Installing: /home/basmala/mir250_ws/src/MiR250/MIR_250/install/mir_msgs/include/mir_msgs/mir_msgs/msg/detail/event__rosidl_typesupport_introspection_cpp.hpp
[33.182s] -- Installing: /home/basmala/mir250_ws/src/MiR250/MIR_250/install/mir_msgs/include/mir_msgs/mir_msgs/msg/detail/event__type_support.cpp
[33.182s] -- Installing: /home/basmala/mir250_ws/src/MiR250/MIR_250/install/mir_msgs/include/mir_msgs/mir_msgs/msg/detail/twist2_d__type_support.cpp
[33.182s] -- Installing: /home/basmala/mir250_ws/src/MiR250/MIR_250/install/mir_msgs/include/mir_msgs/mir_msgs/msg/detail/resources_state__rosidl_typesupport_introspection_cpp.hpp
[33.182s] -- Installing: /home/basmala/mir250_ws/src/MiR250/MIR_250/install/mir_msgs/include/mir_msgs/mir_msgs/msg/detail/safety_status__type_support.cpp
[33.182s] -- Installing: /home/basmala/mir250_ws/src/MiR250/MIR_250/install/mir_msgs/include/mir_msgs/mir_msgs/msg/detail/proximity__rosidl_typesupport_introspection_cpp.hpp
[33.183s] -- Installing: /home/basmala/mir250_ws/src/MiR250/MIR_250/install/mir_msgs/include/mir_msgs/mir_msgs/msg/detail/height_state__rosidl_typesupport_introspection_cpp.hpp
[33.183s] -- Installing: /home/basmala/mir250_ws/src/MiR250/MIR_250/install/mir_msgs/include/mir_msgs/mir_msgs/msg/detail/trolley__rosidl_typesupport_introspection_cpp.hpp
[33.183s] -- Installing: /home/basmala/mir250_ws/src/MiR250/MIR_250/install/mir_msgs/include/mir_msgs/mir_msgs/msg/detail/external_robot__rosidl_typesupport_introspection_cpp.hpp
[33.183s] -- Installing: /home/basmala/mir250_ws/src/MiR250/MIR_250/install/mir_msgs/include/mir_msgs/mir_msgs/msg/detail/pendant__rosidl_typesupport_introspection_cpp.hpp
[33.183s] -- Installing: /home/basmala/mir250_ws/src/MiR250/MIR_250/install/mir_msgs/include/mir_msgs/mir_msgs/msg/detail/resource_state__type_support.cpp
[33.183s] -- Installing: /home/basmala/mir250_ws/src/MiR250/MIR_250/install/mir_msgs/include/mir_msgs/mir_msgs/msg/detail/power_board_motor_status__type_support.cpp
[33.183s] -- Installing: /home/basmala/mir250_ws/src/MiR250/MIR_250/install/mir_msgs/include/mir_msgs/mir_msgs/msg/detail/i_os__type_support.cpp
[33.183s] -- Installing: /home/basmala/mir250_ws/src/MiR250/MIR_250/install/mir_msgs/include/mir_msgs/mir_msgs/msg/detail/battery_currents__type_support.cpp
[33.184s] -- Installing: /home/basmala/mir250_ws/src/MiR250/MIR_250/install/mir_msgs/include/mir_msgs/mir_msgs/msg/detail/bms_data__rosidl_typesupport_introspection_cpp.hpp
[33.184s] -- Installing: /home/basmala/mir250_ws/src/MiR250/MIR_250/install/mir_msgs/include/mir_msgs/mir_msgs/msg/detail/i_os__rosidl_typesupport_introspection_cpp.hpp
[33.184s] -- Installing: /home/basmala/mir250_ws/src/MiR250/MIR_250/install/mir_msgs/include/mir_msgs/mir_msgs/msg/detail/pendant__type_support.cpp
[33.184s] -- Installing: /home/basmala/mir250_ws/src/MiR250/MIR_250/install/mir_msgs/include/mir_msgs/mir_msgs/msg/detail/events__rosidl_typesupport_introspection_cpp.hpp
[33.184s] -- Installing: /home/basmala/mir250_ws/src/MiR250/MIR_250/install/mir_msgs/include/mir_msgs/mir_msgs/msg/detail/mission_ctrl_state__type_support.cpp
[33.184s] -- Installing: /home/basmala/mir250_ws/src/MiR250/MIR_250/install/mir_msgs/include/mir_msgs/mir_msgs/msg/detail/trolley__type_support.cpp
[33.185s] -- Installing: /home/basmala/mir250_ws/src/MiR250/MIR_250/install/mir_msgs/include/mir_msgs/mir_msgs/msg/detail/external_robot__type_support.cpp
[33.185s] -- Installing: /home/basmala/mir250_ws/src/MiR250/MIR_250/install/mir_msgs/include/mir_msgs/mir_msgs/msg/detail/battery_currents__rosidl_typesupport_introspection_cpp.hpp
[33.185s] -- Installing: /home/basmala/mir250_ws/src/MiR250/MIR_250/install/mir_msgs/include/mir_msgs/mir_msgs/msg/detail/world_model__rosidl_typesupport_introspection_cpp.hpp
[33.185s] -- Installing: /home/basmala/mir250_ws/src/MiR250/MIR_250/install/mir_msgs/include/mir_msgs/mir_msgs/msg/detail/local_map_stat__type_support.cpp
[33.186s] -- Installing: /home/basmala/mir250_ws/src/MiR250/MIR_250/install/mir_msgs/include/mir_msgs/mir_msgs/msg/detail/power_board_motor_status__rosidl_typesupport_introspection_cpp.hpp
[33.186s] -- Installing: /home/basmala/mir250_ws/src/MiR250/MIR_250/install/mir_msgs/include/mir_msgs/mir_msgs/msg/detail/mir_extra__type_support.cpp
[33.186s] -- Installing: /home/basmala/mir250_ws/src/MiR250/MIR_250/install/mir_msgs/include/mir_msgs/mir_msgs/msg/detail/plan_segment__rosidl_typesupport_introspection_cpp.hpp
[33.186s] -- Installing: /home/basmala/mir250_ws/src/MiR250/MIR_250/install/mir_msgs/include/mir_msgs/mir_msgs/msg/detail/user_prompt__rosidl_typesupport_introspection_cpp.hpp
[33.186s] -- Installing: /home/basmala/mir250_ws/src/MiR250/MIR_250/install/mir_msgs/include/mir_msgs/mir_msgs/msg/detail/brake_state__type_support.cpp
[33.187s] -- Installing: /home/basmala/mir250_ws/src/MiR250/MIR_250/install/mir_msgs/include/mir_msgs/mir_msgs/msg/detail/robot_mode__rosidl_typesupport_introspection_cpp.hpp
[33.187s] -- Installing: /home/basmala/mir250_ws/src/MiR250/MIR_250/install/mir_msgs/include/mir_msgs/mir_msgs/msg/detail/events__type_support.cpp
[33.187s] -- Installing: /home/basmala/mir250_ws/src/MiR250/MIR_250/install/mir_msgs/include/mir_msgs/mir_msgs/msg/detail/world_model__type_support.cpp
[33.187s] -- Installing: /home/basmala/mir250_ws/src/MiR250/MIR_250/install/mir_msgs/include/mir_msgs/mir_msgs/msg/detail/gripper_state__type_support.cpp
[33.187s] -- Installing: /home/basmala/mir250_ws/src/MiR250/MIR_250/install/mir_msgs/include/mir_msgs/mir_msgs/msg/detail/plan_segments__type_support.cpp
[33.187s] -- Installing: /home/basmala/mir250_ws/src/MiR250/MIR_250/install/mir_msgs/include/mir_msgs/mir_msgs/msg/detail/mission_ctrl_state__rosidl_typesupport_introspection_cpp.hpp
[33.187s] -- Installing: /home/basmala/mir250_ws/src/MiR250/MIR_250/install/mir_msgs/include/mir_msgs/mir_msgs/msg/detail/brake_state__rosidl_typesupport_introspection_cpp.hpp
[33.188s] -- Installing: /home/basmala/mir250_ws/src/MiR250/MIR_250/install/mir_msgs/include/mir_msgs/mir_msgs/msg/detail/stamped_encoders__type_support.cpp
[33.188s] -- Installing: /home/basmala/mir250_ws/src/MiR250/MIR_250/install/mir_msgs/include/mir_msgs/mir_msgs/msg/detail/hook_status__rosidl_typesupport_introspection_cpp.hpp
[33.188s] -- Installing: /home/basmala/mir250_ws/src/MiR250/MIR_250/install/mir_msgs/include/mir_msgs/mir_msgs/msg/detail/robot_status__type_support.cpp
[33.188s] -- Installing: /home/basmala/mir250_ws/src/MiR250/MIR_250/install/mir_msgs/include/mir_msgs/mir_msgs/msg/detail/serial__rosidl_typesupport_introspection_cpp.hpp
[33.188s] -- Installing: /home/basmala/mir250_ws/src/MiR250/MIR_250/install/mir_msgs/include/mir_msgs/mir_msgs/msg/detail/path__rosidl_typesupport_introspection_cpp.hpp
[33.188s] -- Installing: /home/basmala/mir250_ws/src/MiR250/MIR_250/install/mir_msgs/include/mir_msgs/mir_msgs/msg/detail/stamped_encoders__rosidl_typesupport_introspection_cpp.hpp
[33.188s] -- Installing: /home/basmala/mir250_ws/src/MiR250/MIR_250/install/mir_msgs/include/mir_msgs/mir_msgs/msg/detail/resources_state__type_support.cpp
[33.188s] -- Installing: /home/basmala/mir250_ws/src/MiR250/MIR_250/install/mir_msgs/include/mir_msgs/mir_msgs/msg/detail/pallet_lifter_status__rosidl_typesupport_introspection_cpp.hpp
[33.189s] -- Installing: /home/basmala/mir250_ws/src/MiR250/MIR_250/install/mir_msgs/include/mir_msgs/mir_msgs/msg/detail/robot_status__rosidl_typesupport_introspection_cpp.hpp
[33.189s] -- Installing: /home/basmala/mir250_ws/src/MiR250/MIR_250/install/mir_msgs/include/mir_msgs/mir_msgs/msg/detail/charging_state__type_support.cpp
[33.189s] -- Installing: /home/basmala/mir250_ws/src/MiR250/MIR_250/install/mir_msgs/include/mir_msgs/mir_msgs/msg/detail/devices__rosidl_typesupport_introspection_cpp.hpp
[33.189s] -- Installing: /home/basmala/mir250_ws/src/MiR250/MIR_250/install/mir_msgs/include/mir_msgs/mir_msgs/msg/detail/plan_segments__rosidl_typesupport_introspection_cpp.hpp
[33.189s] -- Installing: /home/basmala/mir250_ws/src/MiR250/MIR_250/install/mir_msgs/include/mir_msgs/mir_msgs/msg/detail/pallet_lifter_status__type_support.cpp
[33.189s] -- Installing: /home/basmala/mir250_ws/src/MiR250/MIR_250/install/mir_msgs/include/mir_msgs/mir_msgs/msg/detail/gripper_state__rosidl_typesupport_introspection_cpp.hpp
[33.189s] -- Installing: /home/basmala/mir250_ws/src/MiR250/MIR_250/install/mir_msgs/include/mir_msgs/mir_msgs/msg/detail/pose2_d__type_support.cpp
[33.190s] -- Installing: /home/basmala/mir250_ws/src/MiR250/MIR_250/install/mir_msgs/include/mir_msgs/mir_msgs/msg/detail/joystick_vel__rosidl_typesupport_introspection_cpp.hpp
[33.190s] -- Installing: /home/basmala/mir250_ws/src/MiR250/MIR_250/install/mir_msgs/include/mir_msgs/mir_msgs/msg/detail/robot_state__rosidl_typesupport_introspection_cpp.hpp
[33.190s] -- Installing: /home/basmala/mir250_ws/src/MiR250/MIR_250/install/mir_msgs/include/mir_msgs/mir_msgs/msg/detail/hook_extended_status__rosidl_typesupport_introspection_cpp.hpp
[33.190s] -- Installing: /home/basmala/mir250_ws/src/MiR250/MIR_250/install/mir_msgs/include/mir_msgs/mir_msgs/msg/detail/hook_extended_status__type_support.cpp
[33.190s] -- Installing: /home/basmala/mir250_ws/src/MiR250/MIR_250/install/mir_msgs/include/mir_msgs/mir_msgs/msg/detail/gpio__type_support.cpp
[33.190s] -- Installing: /home/basmala/mir250_ws/src/MiR250/MIR_250/install/mir_msgs/include/mir_msgs/mir_msgs/msg/detail/path__type_support.cpp
[33.190s] -- Installing: /home/basmala/mir250_ws/src/MiR250/MIR_250/install/mir_msgs/include/mir_msgs/mir_msgs/msg/detail/mir_extra__rosidl_typesupport_introspection_cpp.hpp
[33.191s] -- Installing: /home/basmala/mir250_ws/src/MiR250/MIR_250/install/mir_msgs/include/mir_msgs/mir_msgs/msg/detail/encoders__type_support.cpp
[33.191s] -- Installing: /home/basmala/mir250_ws/src/MiR250/MIR_250/install/mir_msgs/include/mir_msgs/mir_msgs/msg/detail/safety_status__rosidl_typesupport_introspection_cpp.hpp
[33.191s] -- Installing: /home/basmala/mir250_ws/src/MiR250/MIR_250/install/mir_msgs/include/mir_msgs/mir_msgs/msg/detail/external_robots__type_support.cpp
[33.191s] -- Installing: /home/basmala/mir250_ws/src/MiR250/MIR_250/install/mir_msgs/include/mir_msgs/mir_msgs/msg/detail/robot_state__type_support.cpp
[33.191s] -- Installing: /home/basmala/mir250_ws/src/MiR250/MIR_250/install/mir_msgs/include/mir_msgs/mir_msgs/msg/detail/error__rosidl_typesupport_introspection_cpp.hpp
[33.191s] -- Installing: /home/basmala/mir250_ws/src/MiR250/MIR_250/install/mir_msgs/include/mir_msgs/mir_msgs/msg/detail/serial__type_support.cpp
[33.191s] -- Installing: /home/basmala/mir250_ws/src/MiR250/MIR_250/install/mir_msgs/include/mir_msgs/mir_msgs/msg/detail/height_state__type_support.cpp
[33.191s] -- Installing: /home/basmala/mir250_ws/src/MiR250/MIR_250/install/mir_msgs/include/mir_msgs/mir_msgs/msg/detail/error__type_support.cpp
[33.192s] -- Installing: /home/basmala/mir250_ws/src/MiR250/MIR_250/install/mir_msgs/include/mir_msgs/mir_msgs/msg/detail/web_path__rosidl_typesupport_introspection_cpp.hpp
[33.192s] -- Installing: /home/basmala/mir250_ws/src/MiR250/MIR_250/install/mir_msgs/include/mir_msgs/mir_msgs/msg/detail/device__rosidl_typesupport_introspection_cpp.hpp
[33.192s] -- Installing: /home/basmala/mir250_ws/src/MiR250/MIR_250/install/mir_msgs/include/mir_msgs/mir_msgs/msg/detail/bms_data__type_support.cpp
[33.192s] -- Installing: /home/basmala/mir250_ws/src/MiR250/MIR_250/install/mir_msgs/include/mir_msgs/mir_msgs/msg/detail/twist2_d__rosidl_typesupport_introspection_cpp.hpp
[33.192s] -- Installing: /home/basmala/mir250_ws/src/MiR250/MIR_250/install/mir_msgs/include/mir_msgs/mir_msgs/msg/detail/plan_segment__type_support.cpp
[33.192s] -- Installing: /home/basmala/mir250_ws/src/MiR250/MIR_250/install/mir_msgs/include/mir_msgs/mir_msgs/msg/detail/charging_state__rosidl_typesupport_introspection_cpp.hpp
[33.192s] -- Installing: /home/basmala/mir250_ws/src/MiR250/MIR_250/install/mir_msgs/include/mir_msgs/mir_msgs/msg/detail/mission_ctrl_command__rosidl_typesupport_introspection_cpp.hpp
[33.193s] -- Installing: /home/basmala/mir250_ws/src/MiR250/MIR_250/install/mir_msgs/include/mir_msgs/mir_msgs/msg/detail/pose2_d__rosidl_typesupport_introspection_cpp.hpp
[33.193s] -- Installing: /home/basmala/mir250_ws/src/MiR250/MIR_250/install/mir_msgs/include/mir_msgs/mir_msgs/msg/detail/gpio__rosidl_typesupport_introspection_cpp.hpp
[33.193s] -- Installing: /home/basmala/mir250_ws/src/MiR250/MIR_250/install/mir_msgs/include/mir_msgs/mir_msgs/msg/detail/hook_status__type_support.cpp
[33.193s] -- Installing: /home/basmala/mir250_ws/src/MiR250/MIR_250/install/mir_msgs/include/mir_msgs/mir_msgs/msg/detail/external_robots__rosidl_typesupport_introspection_cpp.hpp
[33.193s] -- Installing: /home/basmala/mir250_ws/src/MiR250/MIR_250/install/mir_msgs/include/mir_msgs/mir_msgs/msg/detail/encoders__rosidl_typesupport_introspection_cpp.hpp
[33.194s] -- Installing: /home/basmala/mir250_ws/src/MiR250/MIR_250/install/mir_msgs/lib/libmir_msgs__rosidl_typesupport_introspection_cpp.so
[33.195s] -- Set runtime path of "/home/basmala/mir250_ws/src/MiR250/MIR_250/install/mir_msgs/lib/libmir_msgs__rosidl_typesupport_introspection_cpp.so" to ""
[33.195s] -- Installing: /home/basmala/mir250_ws/src/MiR250/MIR_250/install/mir_msgs/lib/libmir_msgs__rosidl_typesupport_cpp.so
[33.195s] -- Set runtime path of "/home/basmala/mir250_ws/src/MiR250/MIR_250/install/mir_msgs/lib/libmir_msgs__rosidl_typesupport_cpp.so" to ""
[33.195s] -- Installing: /home/basmala/mir250_ws/src/MiR250/MIR_250/install/mir_msgs/share/mir_msgs/environment/pythonpath.sh
[33.195s] -- Installing: /home/basmala/mir250_ws/src/MiR250/MIR_250/install/mir_msgs/share/mir_msgs/environment/pythonpath.dsv
[33.196s] -- Installing: /home/basmala/mir250_ws/src/MiR250/MIR_250/install/mir_msgs/local/lib/python3.10/dist-packages/mir_msgs-1.1.3-py3.10.egg-info
[33.196s] -- Installing: /home/basmala/mir250_ws/src/MiR250/MIR_250/install/mir_msgs/local/lib/python3.10/dist-packages/mir_msgs-1.1.3-py3.10.egg-info/dependency_links.txt
[33.196s] -- Installing: /home/basmala/mir250_ws/src/MiR250/MIR_250/install/mir_msgs/local/lib/python3.10/dist-packages/mir_msgs-1.1.3-py3.10.egg-info/PKG-INFO
[33.196s] -- Installing: /home/basmala/mir250_ws/src/MiR250/MIR_250/install/mir_msgs/local/lib/python3.10/dist-packages/mir_msgs-1.1.3-py3.10.egg-info/SOURCES.txt
[33.196s] -- Installing: /home/basmala/mir250_ws/src/MiR250/MIR_250/install/mir_msgs/local/lib/python3.10/dist-packages/mir_msgs-1.1.3-py3.10.egg-info/top_level.txt
[33.197s] -- Installing: /home/basmala/mir250_ws/src/MiR250/MIR_250/install/mir_msgs/local/lib/python3.10/dist-packages/mir_msgs
[33.197s] -- Installing: /home/basmala/mir250_ws/src/MiR250/MIR_250/install/mir_msgs/local/lib/python3.10/dist-packages/mir_msgs/libmir_msgs__rosidl_generator_py.so
[33.197s] -- Installing: /home/basmala/mir250_ws/src/MiR250/MIR_250/install/mir_msgs/local/lib/python3.10/dist-packages/mir_msgs/_mir_msgs_s.ep.rosidl_typesupport_fastrtps_c.c
[33.197s] -- Installing: /home/basmala/mir250_ws/src/MiR250/MIR_250/install/mir_msgs/local/lib/python3.10/dist-packages/mir_msgs/srv
[33.197s] -- Installing: /home/basmala/mir250_ws/src/MiR250/MIR_250/install/mir_msgs/local/lib/python3.10/dist-packages/mir_msgs/srv/__init__.py
[33.198s] -- Installing: /home/basmala/mir250_ws/src/MiR250/MIR_250/install/mir_msgs/local/lib/python3.10/dist-packages/mir_msgs/srv/_exec_mission.py
[33.198s] -- Installing: /home/basmala/mir250_ws/src/MiR250/MIR_250/install/mir_msgs/local/lib/python3.10/dist-packages/mir_msgs/srv/_exec_mission_s.c
[33.198s] -- Installing: /home/basmala/mir250_ws/src/MiR250/MIR_250/install/mir_msgs/local/lib/python3.10/dist-packages/mir_msgs/msg
[33.198s] -- Installing: /home/basmala/mir250_ws/src/MiR250/MIR_250/install/mir_msgs/local/lib/python3.10/dist-packages/mir_msgs/msg/_trolley_s.c
[33.198s] -- Installing: /home/basmala/mir250_ws/src/MiR250/MIR_250/install/mir_msgs/local/lib/python3.10/dist-packages/mir_msgs/msg/_safety_status.py
[33.198s] -- Installing: /home/basmala/mir250_ws/src/MiR250/MIR_250/install/mir_msgs/local/lib/python3.10/dist-packages/mir_msgs/msg/_gripper_state.py
[33.199s] -- Installing: /home/basmala/mir250_ws/src/MiR250/MIR_250/install/mir_msgs/local/lib/python3.10/dist-packages/mir_msgs/msg/_web_path_s.c
[33.199s] -- Installing: /home/basmala/mir250_ws/src/MiR250/MIR_250/install/mir_msgs/local/lib/python3.10/dist-packages/mir_msgs/msg/_twist2_d.py
[33.199s] -- Installing: /home/basmala/mir250_ws/src/MiR250/MIR_250/install/mir_msgs/local/lib/python3.10/dist-packages/mir_msgs/msg/_height_state_s.c
[33.199s] -- Installing: /home/basmala/mir250_ws/src/MiR250/MIR_250/install/mir_msgs/local/lib/python3.10/dist-packages/mir_msgs/msg/_serial_s.c
[33.199s] -- Installing: /home/basmala/mir250_ws/src/MiR250/MIR_250/install/mir_msgs/local/lib/python3.10/dist-packages/mir_msgs/msg/_external_robots_s.c
[33.200s] -- Installing: /home/basmala/mir250_ws/src/MiR250/MIR_250/install/mir_msgs/local/lib/python3.10/dist-packages/mir_msgs/msg/_hook_status_s.c
[33.200s] -- Installing: /home/basmala/mir250_ws/src/MiR250/MIR_250/install/mir_msgs/local/lib/python3.10/dist-packages/mir_msgs/msg/_hook_extended_status.py
[33.200s] -- Installing: /home/basmala/mir250_ws/src/MiR250/MIR_250/install/mir_msgs/local/lib/python3.10/dist-packages/mir_msgs/msg/_hook_status.py
[33.200s] -- Installing: /home/basmala/mir250_ws/src/MiR250/MIR_250/install/mir_msgs/local/lib/python3.10/dist-packages/mir_msgs/msg/_stamped_encoders.py
[33.200s] -- Installing: /home/basmala/mir250_ws/src/MiR250/MIR_250/install/mir_msgs/local/lib/python3.10/dist-packages/mir_msgs/msg/_resource_state_s.c
[33.201s] -- Installing: /home/basmala/mir250_ws/src/MiR250/MIR_250/install/mir_msgs/local/lib/python3.10/dist-packages/mir_msgs/msg/_device.py
[33.201s] -- Installing: /home/basmala/mir250_ws/src/MiR250/MIR_250/install/mir_msgs/local/lib/python3.10/dist-packages/mir_msgs/msg/_local_map_stat_s.c
[33.201s] -- Installing: /home/basmala/mir250_ws/src/MiR250/MIR_250/install/mir_msgs/local/lib/python3.10/dist-packages/mir_msgs/msg/_plan_segments_s.c
[33.201s] -- Installing: /home/basmala/mir250_ws/src/MiR250/MIR_250/install/mir_msgs/local/lib/python3.10/dist-packages/mir_msgs/msg/_hook_extended_status_s.c
[33.201s] -- Installing: /home/basmala/mir250_ws/src/MiR250/MIR_250/install/mir_msgs/local/lib/python3.10/dist-packages/mir_msgs/msg/_world_model.py
[33.201s] -- Installing: /home/basmala/mir250_ws/src/MiR250/MIR_250/install/mir_msgs/local/lib/python3.10/dist-packages/mir_msgs/msg/_robot_status_s.c
[33.202s] -- Installing: /home/basmala/mir250_ws/src/MiR250/MIR_250/install/mir_msgs/local/lib/python3.10/dist-packages/mir_msgs/msg/_plan_segments.py
[33.202s] -- Installing: /home/basmala/mir250_ws/src/MiR250/MIR_250/install/mir_msgs/local/lib/python3.10/dist-packages/mir_msgs/msg/_mission_ctrl_command_s.c
[33.202s] -- Installing: /home/basmala/mir250_ws/src/MiR250/MIR_250/install/mir_msgs/local/lib/python3.10/dist-packages/mir_msgs/msg/_resources_state.py
[33.202s] -- Installing: /home/basmala/mir250_ws/src/MiR250/MIR_250/install/mir_msgs/local/lib/python3.10/dist-packages/mir_msgs/msg/_charging_state_s.c
[33.202s] -- Installing: /home/basmala/mir250_ws/src/MiR250/MIR_250/install/mir_msgs/local/lib/python3.10/dist-packages/mir_msgs/msg/_robot_mode.py
[33.202s] -- Installing: /home/basmala/mir250_ws/src/MiR250/MIR_250/install/mir_msgs/local/lib/python3.10/dist-packages/mir_msgs/msg/_events_s.c
[33.202s] -- Installing: /home/basmala/mir250_ws/src/MiR250/MIR_250/install/mir_msgs/local/lib/python3.10/dist-packages/mir_msgs/msg/_event.py
[33.202s] -- Installing: /home/basmala/mir250_ws/src/MiR250/MIR_250/install/mir_msgs/local/lib/python3.10/dist-packages/mir_msgs/msg/_pose2_d.py
[33.203s] -- Installing: /home/basmala/mir250_ws/src/MiR250/MIR_250/install/mir_msgs/local/lib/python3.10/dist-packages/mir_msgs/msg/__init__.py
[33.203s] -- Installing: /home/basmala/mir250_ws/src/MiR250/MIR_250/install/mir_msgs/local/lib/python3.10/dist-packages/mir_msgs/msg/_robot_mode_s.c
[33.203s] -- Installing: /home/basmala/mir250_ws/src/MiR250/MIR_250/install/mir_msgs/local/lib/python3.10/dist-packages/mir_msgs/msg/_trolley.py
[33.203s] -- Installing: /home/basmala/mir250_ws/src/MiR250/MIR_250/install/mir_msgs/local/lib/python3.10/dist-packages/mir_msgs/msg/_devices_s.c
[33.203s] -- Installing: /home/basmala/mir250_ws/src/MiR250/MIR_250/install/mir_msgs/local/lib/python3.10/dist-packages/mir_msgs/msg/_pendant.py
[33.203s] -- Installing: /home/basmala/mir250_ws/src/MiR250/MIR_250/install/mir_msgs/local/lib/python3.10/dist-packages/mir_msgs/msg/_path_s.c
[33.203s] -- Installing: /home/basmala/mir250_ws/src/MiR250/MIR_250/install/mir_msgs/local/lib/python3.10/dist-packages/mir_msgs/msg/_brake_state.py
[33.203s] -- Installing: /home/basmala/mir250_ws/src/MiR250/MIR_250/install/mir_msgs/local/lib/python3.10/dist-packages/mir_msgs/msg/_mission_ctrl_state_s.c
[33.204s] -- Installing: /home/basmala/mir250_ws/src/MiR250/MIR_250/install/mir_msgs/local/lib/python3.10/dist-packages/mir_msgs/msg/_external_robot_s.c
[33.204s] -- Installing: /home/basmala/mir250_ws/src/MiR250/MIR_250/install/mir_msgs/local/lib/python3.10/dist-packages/mir_msgs/msg/_pallet_lifter_status.py
[33.204s] -- Installing: /home/basmala/mir250_ws/src/MiR250/MIR_250/install/mir_msgs/local/lib/python3.10/dist-packages/mir_msgs/msg/_robot_state_s.c
[33.204s] -- Installing: /home/basmala/mir250_ws/src/MiR250/MIR_250/install/mir_msgs/local/lib/python3.10/dist-packages/mir_msgs/msg/_user_prompt_s.c
[33.204s] -- Installing: /home/basmala/mir250_ws/src/MiR250/MIR_250/install/mir_msgs/local/lib/python3.10/dist-packages/mir_msgs/msg/_i_os.py
[33.204s] -- Installing: /home/basmala/mir250_ws/src/MiR250/MIR_250/install/mir_msgs/local/lib/python3.10/dist-packages/mir_msgs/msg/_brake_state_s.c
[33.204s] -- Installing: /home/basmala/mir250_ws/src/MiR250/MIR_250/install/mir_msgs/local/lib/python3.10/dist-packages/mir_msgs/msg/_charging_state.py
[33.204s] -- Installing: /home/basmala/mir250_ws/src/MiR250/MIR_250/install/mir_msgs/local/lib/python3.10/dist-packages/mir_msgs/msg/_robot_status.py
[33.204s] -- Installing: /home/basmala/mir250_ws/src/MiR250/MIR_250/install/mir_msgs/local/lib/python3.10/dist-packages/mir_msgs/msg/_i_os_s.c
[33.205s] -- Installing: /home/basmala/mir250_ws/src/MiR250/MIR_250/install/mir_msgs/local/lib/python3.10/dist-packages/mir_msgs/msg/_world_map.py
[33.205s] -- Installing: /home/basmala/mir250_ws/src/MiR250/MIR_250/install/mir_msgs/local/lib/python3.10/dist-packages/mir_msgs/msg/_proximity_s.c
[33.205s] -- Installing: /home/basmala/mir250_ws/src/MiR250/MIR_250/install/mir_msgs/local/lib/python3.10/dist-packages/mir_msgs/msg/_gpio.py
[33.205s] -- Installing: /home/basmala/mir250_ws/src/MiR250/MIR_250/install/mir_msgs/local/lib/python3.10/dist-packages/mir_msgs/msg/_device_s.c
[33.205s] -- Installing: /home/basmala/mir250_ws/src/MiR250/MIR_250/install/mir_msgs/local/lib/python3.10/dist-packages/mir_msgs/msg/_safety_status_s.c
[33.205s] -- Installing: /home/basmala/mir250_ws/src/MiR250/MIR_250/install/mir_msgs/local/lib/python3.10/dist-packages/mir_msgs/msg/_local_map_stat.py
[33.205s] -- Installing: /home/basmala/mir250_ws/src/MiR250/MIR_250/install/mir_msgs/local/lib/python3.10/dist-packages/mir_msgs/msg/_external_robots.py
[33.205s] -- Installing: /home/basmala/mir250_ws/src/MiR250/MIR_250/install/mir_msgs/local/lib/python3.10/dist-packages/mir_msgs/msg/_devices.py
[33.206s] -- Installing: /home/basmala/mir250_ws/src/MiR250/MIR_250/install/mir_msgs/local/lib/python3.10/dist-packages/mir_msgs/msg/_pendant_s.c
[33.206s] -- Installing: /home/basmala/mir250_ws/src/MiR250/MIR_250/install/mir_msgs/local/lib/python3.10/dist-packages/mir_msgs/msg/_encoders_s.c
[33.206s] -- Installing: /home/basmala/mir250_ws/src/MiR250/MIR_250/install/mir_msgs/local/lib/python3.10/dist-packages/mir_msgs/msg/_bms_data.py
[33.206s] -- Installing: /home/basmala/mir250_ws/src/MiR250/MIR_250/install/mir_msgs/local/lib/python3.10/dist-packages/mir_msgs/msg/_web_path.py
[33.206s] -- Installing: /home/basmala/mir250_ws/src/MiR250/MIR_250/install/mir_msgs/local/lib/python3.10/dist-packages/mir_msgs/msg/_mission_ctrl_command.py
[33.206s] -- Installing: /home/basmala/mir250_ws/src/MiR250/MIR_250/install/mir_msgs/local/lib/python3.10/dist-packages/mir_msgs/msg/_pallet_lifter_status_s.c
[33.207s] -- Installing: /home/basmala/mir250_ws/src/MiR250/MIR_250/install/mir_msgs/local/lib/python3.10/dist-packages/mir_msgs/msg/_encoders.py
[33.207s] -- Installing: /home/basmala/mir250_ws/src/MiR250/MIR_250/install/mir_msgs/local/lib/python3.10/dist-packages/mir_msgs/msg/_battery_currents_s.c
[33.207s] -- Installing: /home/basmala/mir250_ws/src/MiR250/MIR_250/install/mir_msgs/local/lib/python3.10/dist-packages/mir_msgs/msg/_resources_state_s.c
[33.207s] -- Installing: /home/basmala/mir250_ws/src/MiR250/MIR_250/install/mir_msgs/local/lib/python3.10/dist-packages/mir_msgs/msg/_proximity.py
[33.207s] -- Installing: /home/basmala/mir250_ws/src/MiR250/MIR_250/install/mir_msgs/local/lib/python3.10/dist-packages/mir_msgs/msg/_twist2_d_s.c
[33.207s] -- Installing: /home/basmala/mir250_ws/src/MiR250/MIR_250/install/mir_msgs/local/lib/python3.10/dist-packages/mir_msgs/msg/_path.py
[33.207s] -- Installing: /home/basmala/mir250_ws/src/MiR250/MIR_250/install/mir_msgs/local/lib/python3.10/dist-packages/mir_msgs/msg/_height_state.py
[33.208s] -- Installing: /home/basmala/mir250_ws/src/MiR250/MIR_250/install/mir_msgs/local/lib/python3.10/dist-packages/mir_msgs/msg/_plan_segment.py
[33.208s] -- Installing: /home/basmala/mir250_ws/src/MiR250/MIR_250/install/mir_msgs/local/lib/python3.10/dist-packages/mir_msgs/msg/_error_s.c
[33.208s] -- Installing: /home/basmala/mir250_ws/src/MiR250/MIR_250/install/mir_msgs/local/lib/python3.10/dist-packages/mir_msgs/msg/_mission_ctrl_state.py
[33.208s] -- Installing: /home/basmala/mir250_ws/src/MiR250/MIR_250/install/mir_msgs/local/lib/python3.10/dist-packages/mir_msgs/msg/_bms_data_s.c
[33.208s] -- Installing: /home/basmala/mir250_ws/src/MiR250/MIR_250/install/mir_msgs/local/lib/python3.10/dist-packages/mir_msgs/msg/_world_map_s.c
[33.208s] -- Installing: /home/basmala/mir250_ws/src/MiR250/MIR_250/install/mir_msgs/local/lib/python3.10/dist-packages/mir_msgs/msg/_external_robot.py
[33.208s] -- Installing: /home/basmala/mir250_ws/src/MiR250/MIR_250/install/mir_msgs/local/lib/python3.10/dist-packages/mir_msgs/msg/_gripper_state_s.c
[33.208s] -- Installing: /home/basmala/mir250_ws/src/MiR250/MIR_250/install/mir_msgs/local/lib/python3.10/dist-packages/mir_msgs/msg/_plan_segment_s.c
[33.208s] -- Installing: /home/basmala/mir250_ws/src/MiR250/MIR_250/install/mir_msgs/local/lib/python3.10/dist-packages/mir_msgs/msg/_power_board_motor_status.py
[33.209s] -- Installing: /home/basmala/mir250_ws/src/MiR250/MIR_250/install/mir_msgs/local/lib/python3.10/dist-packages/mir_msgs/msg/_stamped_encoders_s.c
[33.209s] -- Installing: /home/basmala/mir250_ws/src/MiR250/MIR_250/install/mir_msgs/local/lib/python3.10/dist-packages/mir_msgs/msg/_events.py
[33.209s] -- Installing: /home/basmala/mir250_ws/src/MiR250/MIR_250/install/mir_msgs/local/lib/python3.10/dist-packages/mir_msgs/msg/_robot_state.py
[33.209s] -- Installing: /home/basmala/mir250_ws/src/MiR250/MIR_250/install/mir_msgs/local/lib/python3.10/dist-packages/mir_msgs/msg/_event_s.c
[33.209s] -- Installing: /home/basmala/mir250_ws/src/MiR250/MIR_250/install/mir_msgs/local/lib/python3.10/dist-packages/mir_msgs/msg/_mir_extra.py
[33.209s] -- Installing: /home/basmala/mir250_ws/src/MiR250/MIR_250/install/mir_msgs/local/lib/python3.10/dist-packages/mir_msgs/msg/_joystick_vel.py
[33.210s] -- Installing: /home/basmala/mir250_ws/src/MiR250/MIR_250/install/mir_msgs/local/lib/python3.10/dist-packages/mir_msgs/msg/_world_model_s.c
[33.210s] -- Installing: /home/basmala/mir250_ws/src/MiR250/MIR_250/install/mir_msgs/local/lib/python3.10/dist-packages/mir_msgs/msg/_gpio_s.c
[33.210s] -- Installing: /home/basmala/mir250_ws/src/MiR250/MIR_250/install/mir_msgs/local/lib/python3.10/dist-packages/mir_msgs/msg/_serial.py
[33.210s] -- Installing: /home/basmala/mir250_ws/src/MiR250/MIR_250/install/mir_msgs/local/lib/python3.10/dist-packages/mir_msgs/msg/_resource_state.py
[33.210s] -- Installing: /home/basmala/mir250_ws/src/MiR250/MIR_250/install/mir_msgs/local/lib/python3.10/dist-packages/mir_msgs/msg/_joystick_vel_s.c
[33.210s] -- Installing: /home/basmala/mir250_ws/src/MiR250/MIR_250/install/mir_msgs/local/lib/python3.10/dist-packages/mir_msgs/msg/_power_board_motor_status_s.c
[33.210s] -- Installing: /home/basmala/mir250_ws/src/MiR250/MIR_250/install/mir_msgs/local/lib/python3.10/dist-packages/mir_msgs/msg/_pose2_d_s.c
[33.210s] -- Installing: /home/basmala/mir250_ws/src/MiR250/MIR_250/install/mir_msgs/local/lib/python3.10/dist-packages/mir_msgs/msg/_error.py
[33.210s] -- Installing: /home/basmala/mir250_ws/src/MiR250/MIR_250/install/mir_msgs/local/lib/python3.10/dist-packages/mir_msgs/msg/_mir_extra_s.c
[33.210s] -- Installing: /home/basmala/mir250_ws/src/MiR250/MIR_250/install/mir_msgs/local/lib/python3.10/dist-packages/mir_msgs/msg/_user_prompt.py
[33.210s] -- Installing: /home/basmala/mir250_ws/src/MiR250/MIR_250/install/mir_msgs/local/lib/python3.10/dist-packages/mir_msgs/msg/_battery_currents.py
[33.211s] -- Installing: /home/basmala/mir250_ws/src/MiR250/MIR_250/install/mir_msgs/local/lib/python3.10/dist-packages/mir_msgs/__init__.py
[33.211s] -- Installing: /home/basmala/mir250_ws/src/MiR250/MIR_250/install/mir_msgs/local/lib/python3.10/dist-packages/mir_msgs/mir_msgs_s__rosidl_typesupport_fastrtps_c.cpython-310-x86_64-linux-gnu.so
[33.211s] -- Installing: /home/basmala/mir250_ws/src/MiR250/MIR_250/install/mir_msgs/local/lib/python3.10/dist-packages/mir_msgs/_mir_msgs_s.ep.rosidl_typesupport_introspection_c.c
[33.211s] -- Installing: /home/basmala/mir250_ws/src/MiR250/MIR_250/install/mir_msgs/local/lib/python3.10/dist-packages/mir_msgs/_mir_msgs_s.ep.rosidl_typesupport_c.c
[33.212s] -- Installing: /home/basmala/mir250_ws/src/MiR250/MIR_250/install/mir_msgs/local/lib/python3.10/dist-packages/mir_msgs/mir_msgs_s__rosidl_typesupport_introspection_c.cpython-310-x86_64-linux-gnu.so
[33.212s] -- Installing: /home/basmala/mir250_ws/src/MiR250/MIR_250/install/mir_msgs/local/lib/python3.10/dist-packages/mir_msgs/mir_msgs_s__rosidl_typesupport_c.cpython-310-x86_64-linux-gnu.so
[33.349s] Listing '/home/basmala/mir250_ws/src/MiR250/MIR_250/install/mir_msgs/local/lib/python3.10/dist-packages/mir_msgs'...
[33.349s] Compiling '/home/basmala/mir250_ws/src/MiR250/MIR_250/install/mir_msgs/local/lib/python3.10/dist-packages/mir_msgs/__init__.py'...
[33.349s] Listing '/home/basmala/mir250_ws/src/MiR250/MIR_250/install/mir_msgs/local/lib/python3.10/dist-packages/mir_msgs/msg'...
[33.349s] Compiling '/home/basmala/mir250_ws/src/MiR250/MIR_250/install/mir_msgs/local/lib/python3.10/dist-packages/mir_msgs/msg/__init__.py'...
[33.349s] Compiling '/home/basmala/mir250_ws/src/MiR250/MIR_250/install/mir_msgs/local/lib/python3.10/dist-packages/mir_msgs/msg/_battery_currents.py'...
[33.349s] Compiling '/home/basmala/mir250_ws/src/MiR250/MIR_250/install/mir_msgs/local/lib/python3.10/dist-packages/mir_msgs/msg/_bms_data.py'...
[33.349s] Compiling '/home/basmala/mir250_ws/src/MiR250/MIR_250/install/mir_msgs/local/lib/python3.10/dist-packages/mir_msgs/msg/_brake_state.py'...
[33.349s] Compiling '/home/basmala/mir250_ws/src/MiR250/MIR_250/install/mir_msgs/local/lib/python3.10/dist-packages/mir_msgs/msg/_charging_state.py'...
[33.349s] Compiling '/home/basmala/mir250_ws/src/MiR250/MIR_250/install/mir_msgs/local/lib/python3.10/dist-packages/mir_msgs/msg/_device.py'...
[33.349s] Compiling '/home/basmala/mir250_ws/src/MiR250/MIR_250/install/mir_msgs/local/lib/python3.10/dist-packages/mir_msgs/msg/_devices.py'...
[33.349s] Compiling '/home/basmala/mir250_ws/src/MiR250/MIR_250/install/mir_msgs/local/lib/python3.10/dist-packages/mir_msgs/msg/_encoders.py'...
[33.349s] Compiling '/home/basmala/mir250_ws/src/MiR250/MIR_250/install/mir_msgs/local/lib/python3.10/dist-packages/mir_msgs/msg/_error.py'...
[33.349s] Compiling '/home/basmala/mir250_ws/src/MiR250/MIR_250/install/mir_msgs/local/lib/python3.10/dist-packages/mir_msgs/msg/_event.py'...
[33.349s] Compiling '/home/basmala/mir250_ws/src/MiR250/MIR_250/install/mir_msgs/local/lib/python3.10/dist-packages/mir_msgs/msg/_events.py'...
[33.350s] Compiling '/home/basmala/mir250_ws/src/MiR250/MIR_250/install/mir_msgs/local/lib/python3.10/dist-packages/mir_msgs/msg/_external_robot.py'...
[33.350s] Compiling '/home/basmala/mir250_ws/src/MiR250/MIR_250/install/mir_msgs/local/lib/python3.10/dist-packages/mir_msgs/msg/_external_robots.py'...
[33.350s] Compiling '/home/basmala/mir250_ws/src/MiR250/MIR_250/install/mir_msgs/local/lib/python3.10/dist-packages/mir_msgs/msg/_gpio.py'...
[33.350s] Compiling '/home/basmala/mir250_ws/src/MiR250/MIR_250/install/mir_msgs/local/lib/python3.10/dist-packages/mir_msgs/msg/_gripper_state.py'...
[33.350s] Compiling '/home/basmala/mir250_ws/src/MiR250/MIR_250/install/mir_msgs/local/lib/python3.10/dist-packages/mir_msgs/msg/_height_state.py'...
[33.350s] Compiling '/home/basmala/mir250_ws/src/MiR250/MIR_250/install/mir_msgs/local/lib/python3.10/dist-packages/mir_msgs/msg/_hook_extended_status.py'...
[33.350s] Compiling '/home/basmala/mir250_ws/src/MiR250/MIR_250/install/mir_msgs/local/lib/python3.10/dist-packages/mir_msgs/msg/_hook_status.py'...
[33.350s] Compiling '/home/basmala/mir250_ws/src/MiR250/MIR_250/install/mir_msgs/local/lib/python3.10/dist-packages/mir_msgs/msg/_i_os.py'...
[33.350s] Compiling '/home/basmala/mir250_ws/src/MiR250/MIR_250/install/mir_msgs/local/lib/python3.10/dist-packages/mir_msgs/msg/_joystick_vel.py'...
[33.350s] Compiling '/home/basmala/mir250_ws/src/MiR250/MIR_250/install/mir_msgs/local/lib/python3.10/dist-packages/mir_msgs/msg/_local_map_stat.py'...
[33.350s] Compiling '/home/basmala/mir250_ws/src/MiR250/MIR_250/install/mir_msgs/local/lib/python3.10/dist-packages/mir_msgs/msg/_mir_extra.py'...
[33.350s] Compiling '/home/basmala/mir250_ws/src/MiR250/MIR_250/install/mir_msgs/local/lib/python3.10/dist-packages/mir_msgs/msg/_mission_ctrl_command.py'...
[33.350s] Compiling '/home/basmala/mir250_ws/src/MiR250/MIR_250/install/mir_msgs/local/lib/python3.10/dist-packages/mir_msgs/msg/_mission_ctrl_state.py'...
[33.350s] Compiling '/home/basmala/mir250_ws/src/MiR250/MIR_250/install/mir_msgs/local/lib/python3.10/dist-packages/mir_msgs/msg/_pallet_lifter_status.py'...
[33.350s] Compiling '/home/basmala/mir250_ws/src/MiR250/MIR_250/install/mir_msgs/local/lib/python3.10/dist-packages/mir_msgs/msg/_path.py'...
[33.350s] Compiling '/home/basmala/mir250_ws/src/MiR250/MIR_250/install/mir_msgs/local/lib/python3.10/dist-packages/mir_msgs/msg/_pendant.py'...
[33.350s] Compiling '/home/basmala/mir250_ws/src/MiR250/MIR_250/install/mir_msgs/local/lib/python3.10/dist-packages/mir_msgs/msg/_plan_segment.py'...
[33.350s] Compiling '/home/basmala/mir250_ws/src/MiR250/MIR_250/install/mir_msgs/local/lib/python3.10/dist-packages/mir_msgs/msg/_plan_segments.py'...
[33.350s] Compiling '/home/basmala/mir250_ws/src/MiR250/MIR_250/install/mir_msgs/local/lib/python3.10/dist-packages/mir_msgs/msg/_pose2_d.py'...
[33.350s] Compiling '/home/basmala/mir250_ws/src/MiR250/MIR_250/install/mir_msgs/local/lib/python3.10/dist-packages/mir_msgs/msg/_power_board_motor_status.py'...
[33.350s] Compiling '/home/basmala/mir250_ws/src/MiR250/MIR_250/install/mir_msgs/local/lib/python3.10/dist-packages/mir_msgs/msg/_proximity.py'...
[33.350s] Compiling '/home/basmala/mir250_ws/src/MiR250/MIR_250/install/mir_msgs/local/lib/python3.10/dist-packages/mir_msgs/msg/_resource_state.py'...
[33.350s] Compiling '/home/basmala/mir250_ws/src/MiR250/MIR_250/install/mir_msgs/local/lib/python3.10/dist-packages/mir_msgs/msg/_resources_state.py'...
[33.350s] Compiling '/home/basmala/mir250_ws/src/MiR250/MIR_250/install/mir_msgs/local/lib/python3.10/dist-packages/mir_msgs/msg/_robot_mode.py'...
[33.350s] Compiling '/home/basmala/mir250_ws/src/MiR250/MIR_250/install/mir_msgs/local/lib/python3.10/dist-packages/mir_msgs/msg/_robot_state.py'...
[33.350s] Compiling '/home/basmala/mir250_ws/src/MiR250/MIR_250/install/mir_msgs/local/lib/python3.10/dist-packages/mir_msgs/msg/_robot_status.py'...
[33.350s] Compiling '/home/basmala/mir250_ws/src/MiR250/MIR_250/install/mir_msgs/local/lib/python3.10/dist-packages/mir_msgs/msg/_safety_status.py'...
[33.350s] Compiling '/home/basmala/mir250_ws/src/MiR250/MIR_250/install/mir_msgs/local/lib/python3.10/dist-packages/mir_msgs/msg/_serial.py'...
[33.351s] Compiling '/home/basmala/mir250_ws/src/MiR250/MIR_250/install/mir_msgs/local/lib/python3.10/dist-packages/mir_msgs/msg/_stamped_encoders.py'...
[33.351s] Compiling '/home/basmala/mir250_ws/src/MiR250/MIR_250/install/mir_msgs/local/lib/python3.10/dist-packages/mir_msgs/msg/_trolley.py'...
[33.351s] Compiling '/home/basmala/mir250_ws/src/MiR250/MIR_250/install/mir_msgs/local/lib/python3.10/dist-packages/mir_msgs/msg/_twist2_d.py'...
[33.351s] Compiling '/home/basmala/mir250_ws/src/MiR250/MIR_250/install/mir_msgs/local/lib/python3.10/dist-packages/mir_msgs/msg/_user_prompt.py'...
[33.351s] Compiling '/home/basmala/mir250_ws/src/MiR250/MIR_250/install/mir_msgs/local/lib/python3.10/dist-packages/mir_msgs/msg/_web_path.py'...
[33.351s] Compiling '/home/basmala/mir250_ws/src/MiR250/MIR_250/install/mir_msgs/local/lib/python3.10/dist-packages/mir_msgs/msg/_world_map.py'...
[33.351s] Compiling '/home/basmala/mir250_ws/src/MiR250/MIR_250/install/mir_msgs/local/lib/python3.10/dist-packages/mir_msgs/msg/_world_model.py'...
[33.351s] Listing '/home/basmala/mir250_ws/src/MiR250/MIR_250/install/mir_msgs/local/lib/python3.10/dist-packages/mir_msgs/srv'...
[33.351s] Compiling '/home/basmala/mir250_ws/src/MiR250/MIR_250/install/mir_msgs/local/lib/python3.10/dist-packages/mir_msgs/srv/__init__.py'...
[33.351s] Compiling '/home/basmala/mir250_ws/src/MiR250/MIR_250/install/mir_msgs/local/lib/python3.10/dist-packages/mir_msgs/srv/_exec_mission.py'...
[33.355s] -- Installing: /home/basmala/mir250_ws/src/MiR250/MIR_250/install/mir_msgs/local/lib/python3.10/dist-packages/mir_msgs/mir_msgs_s__rosidl_typesupport_fastrtps_c.cpython-310-x86_64-linux-gnu.so
[33.355s] -- Set runtime path of "/home/basmala/mir250_ws/src/MiR250/MIR_250/install/mir_msgs/local/lib/python3.10/dist-packages/mir_msgs/mir_msgs_s__rosidl_typesupport_fastrtps_c.cpython-310-x86_64-linux-gnu.so" to ""
[33.355s] -- Installing: /home/basmala/mir250_ws/src/MiR250/MIR_250/install/mir_msgs/local/lib/python3.10/dist-packages/mir_msgs/mir_msgs_s__rosidl_typesupport_introspection_c.cpython-310-x86_64-linux-gnu.so
[33.356s] -- Set runtime path of "/home/basmala/mir250_ws/src/MiR250/MIR_250/install/mir_msgs/local/lib/python3.10/dist-packages/mir_msgs/mir_msgs_s__rosidl_typesupport_introspection_c.cpython-310-x86_64-linux-gnu.so" to ""
[33.356s] -- Installing: /home/basmala/mir250_ws/src/MiR250/MIR_250/install/mir_msgs/local/lib/python3.10/dist-packages/mir_msgs/mir_msgs_s__rosidl_typesupport_c.cpython-310-x86_64-linux-gnu.so
[33.357s] -- Set runtime path of "/home/basmala/mir250_ws/src/MiR250/MIR_250/install/mir_msgs/local/lib/python3.10/dist-packages/mir_msgs/mir_msgs_s__rosidl_typesupport_c.cpython-310-x86_64-linux-gnu.so" to ""
[33.357s] -- Installing: /home/basmala/mir250_ws/src/MiR250/MIR_250/install/mir_msgs/lib/libmir_msgs__rosidl_generator_py.so
[33.357s] -- Set runtime path of "/home/basmala/mir250_ws/src/MiR250/MIR_250/install/mir_msgs/lib/libmir_msgs__rosidl_generator_py.so" to ""
[33.357s] -- Installing: /home/basmala/mir250_ws/src/MiR250/MIR_250/install/mir_msgs/share/ament_index/resource_index/rust_packages/mir_msgs
[33.358s] -- Installing: /home/basmala/mir250_ws/src/MiR250/MIR_250/install/mir_msgs/share/mir_msgs/rust
[33.358s] -- Installing: /home/basmala/mir250_ws/src/MiR250/MIR_250/install/mir_msgs/share/mir_msgs/rust/Cargo.toml
[33.358s] -- Installing: /home/basmala/mir250_ws/src/MiR250/MIR_250/install/mir_msgs/share/mir_msgs/rust/build.rs
[33.358s] -- Installing: /home/basmala/mir250_ws/src/MiR250/MIR_250/install/mir_msgs/share/mir_msgs/rust/src
[33.358s] -- Installing: /home/basmala/mir250_ws/src/MiR250/MIR_250/install/mir_msgs/share/mir_msgs/rust/src/srv
[33.358s] -- Installing: /home/basmala/mir250_ws/src/MiR250/MIR_250/install/mir_msgs/share/mir_msgs/rust/src/srv/rmw.rs
[33.358s] -- Installing: /home/basmala/mir250_ws/src/MiR250/MIR_250/install/mir_msgs/share/mir_msgs/rust/src/msg.rs
[33.358s] -- Installing: /home/basmala/mir250_ws/src/MiR250/MIR_250/install/mir_msgs/share/mir_msgs/rust/src/msg
[33.358s] -- Installing: /home/basmala/mir250_ws/src/MiR250/MIR_250/install/mir_msgs/share/mir_msgs/rust/src/msg/rmw.rs
[33.358s] -- Installing: /home/basmala/mir250_ws/src/MiR250/MIR_250/install/mir_msgs/share/mir_msgs/rust/src/srv.rs
[33.358s] -- Installing: /home/basmala/mir250_ws/src/MiR250/MIR_250/install/mir_msgs/share/mir_msgs/rust/src/lib.rs
[33.359s] -- Installing: /home/basmala/mir250_ws/src/MiR250/MIR_250/install/mir_msgs/share/mir_msgs/msg/BatteryCurrents.idl
[33.359s] -- Installing: /home/basmala/mir250_ws/src/MiR250/MIR_250/install/mir_msgs/share/mir_msgs/msg/BMSData.idl
[33.359s] -- Installing: /home/basmala/mir250_ws/src/MiR250/MIR_250/install/mir_msgs/share/mir_msgs/msg/BrakeState.idl
[33.359s] -- Installing: /home/basmala/mir250_ws/src/MiR250/MIR_250/install/mir_msgs/share/mir_msgs/msg/ChargingState.idl
[33.359s] -- Installing: /home/basmala/mir250_ws/src/MiR250/MIR_250/install/mir_msgs/share/mir_msgs/msg/Device.idl
[33.360s] -- Installing: /home/basmala/mir250_ws/src/MiR250/MIR_250/install/mir_msgs/share/mir_msgs/msg/Devices.idl
[33.360s] -- Installing: /home/basmala/mir250_ws/src/MiR250/MIR_250/install/mir_msgs/share/mir_msgs/msg/Encoders.idl
[33.360s] -- Installing: /home/basmala/mir250_ws/src/MiR250/MIR_250/install/mir_msgs/share/mir_msgs/msg/Error.idl
[33.360s] -- Installing: /home/basmala/mir250_ws/src/MiR250/MIR_250/install/mir_msgs/share/mir_msgs/msg/Event.idl
[33.360s] -- Installing: /home/basmala/mir250_ws/src/MiR250/MIR_250/install/mir_msgs/share/mir_msgs/msg/Events.idl
[33.360s] -- Installing: /home/basmala/mir250_ws/src/MiR250/MIR_250/install/mir_msgs/share/mir_msgs/msg/ExternalRobot.idl
[33.361s] -- Installing: /home/basmala/mir250_ws/src/MiR250/MIR_250/install/mir_msgs/share/mir_msgs/msg/ExternalRobots.idl
[33.361s] -- Installing: /home/basmala/mir250_ws/src/MiR250/MIR_250/install/mir_msgs/share/mir_msgs/msg/Gpio.idl
[33.361s] -- Installing: /home/basmala/mir250_ws/src/MiR250/MIR_250/install/mir_msgs/share/mir_msgs/msg/GripperState.idl
[33.362s] -- Installing: /home/basmala/mir250_ws/src/MiR250/MIR_250/install/mir_msgs/share/mir_msgs/msg/HeightState.idl
[33.362s] -- Installing: /home/basmala/mir250_ws/src/MiR250/MIR_250/install/mir_msgs/share/mir_msgs/msg/HookExtendedStatus.idl
[33.362s] -- Installing: /home/basmala/mir250_ws/src/MiR250/MIR_250/install/mir_msgs/share/mir_msgs/msg/HookStatus.idl
[33.362s] -- Installing: /home/basmala/mir250_ws/src/MiR250/MIR_250/install/mir_msgs/share/mir_msgs/msg/IOs.idl
[33.363s] -- Installing: /home/basmala/mir250_ws/src/MiR250/MIR_250/install/mir_msgs/share/mir_msgs/msg/JoystickVel.idl
[33.363s] -- Installing: /home/basmala/mir250_ws/src/MiR250/MIR_250/install/mir_msgs/share/mir_msgs/msg/LocalMapStat.idl
[33.363s] -- Installing: /home/basmala/mir250_ws/src/MiR250/MIR_250/install/mir_msgs/share/mir_msgs/msg/MirExtra.idl
[33.363s] -- Installing: /home/basmala/mir250_ws/src/MiR250/MIR_250/install/mir_msgs/share/mir_msgs/msg/MissionCtrlCommand.idl
[33.364s] -- Installing: /home/basmala/mir250_ws/src/MiR250/MIR_250/install/mir_msgs/share/mir_msgs/msg/MissionCtrlState.idl
[33.364s] -- Installing: /home/basmala/mir250_ws/src/MiR250/MIR_250/install/mir_msgs/share/mir_msgs/msg/PalletLifterStatus.idl
[33.364s] -- Installing: /home/basmala/mir250_ws/src/MiR250/MIR_250/install/mir_msgs/share/mir_msgs/msg/Path.idl
[33.364s] -- Installing: /home/basmala/mir250_ws/src/MiR250/MIR_250/install/mir_msgs/share/mir_msgs/msg/Pendant.idl
[33.364s] -- Installing: /home/basmala/mir250_ws/src/MiR250/MIR_250/install/mir_msgs/share/mir_msgs/msg/PlanSegment.idl
[33.365s] -- Installing: /home/basmala/mir250_ws/src/MiR250/MIR_250/install/mir_msgs/share/mir_msgs/msg/PlanSegments.idl
[33.365s] -- Installing: /home/basmala/mir250_ws/src/MiR250/MIR_250/install/mir_msgs/share/mir_msgs/msg/Pose2D.idl
[33.365s] -- Installing: /home/basmala/mir250_ws/src/MiR250/MIR_250/install/mir_msgs/share/mir_msgs/msg/PowerBoardMotorStatus.idl
[33.365s] -- Installing: /home/basmala/mir250_ws/src/MiR250/MIR_250/install/mir_msgs/share/mir_msgs/msg/Proximity.idl
[33.365s] -- Installing: /home/basmala/mir250_ws/src/MiR250/MIR_250/install/mir_msgs/share/mir_msgs/msg/ResourcesState.idl
[33.366s] -- Installing: /home/basmala/mir250_ws/src/MiR250/MIR_250/install/mir_msgs/share/mir_msgs/msg/ResourceState.idl
[33.366s] -- Installing: /home/basmala/mir250_ws/src/MiR250/MIR_250/install/mir_msgs/share/mir_msgs/msg/RobotMode.idl
[33.366s] -- Installing: /home/basmala/mir250_ws/src/MiR250/MIR_250/install/mir_msgs/share/mir_msgs/msg/RobotState.idl
[33.366s] -- Installing: /home/basmala/mir250_ws/src/MiR250/MIR_250/install/mir_msgs/share/mir_msgs/msg/RobotStatus.idl
[33.366s] -- Installing: /home/basmala/mir250_ws/src/MiR250/MIR_250/install/mir_msgs/share/mir_msgs/msg/SafetyStatus.idl
[33.367s] -- Installing: /home/basmala/mir250_ws/src/MiR250/MIR_250/install/mir_msgs/share/mir_msgs/msg/Serial.idl
[33.367s] -- Installing: /home/basmala/mir250_ws/src/MiR250/MIR_250/install/mir_msgs/share/mir_msgs/msg/StampedEncoders.idl
[33.367s] -- Installing: /home/basmala/mir250_ws/src/MiR250/MIR_250/install/mir_msgs/share/mir_msgs/msg/Trolley.idl
[33.368s] -- Installing: /home/basmala/mir250_ws/src/MiR250/MIR_250/install/mir_msgs/share/mir_msgs/msg/Twist2D.idl
[33.368s] -- Installing: /home/basmala/mir250_ws/src/MiR250/MIR_250/install/mir_msgs/share/mir_msgs/msg/UserPrompt.idl
[33.368s] -- Installing: /home/basmala/mir250_ws/src/MiR250/MIR_250/install/mir_msgs/share/mir_msgs/msg/WebPath.idl
[33.369s] -- Installing: /home/basmala/mir250_ws/src/MiR250/MIR_250/install/mir_msgs/share/mir_msgs/msg/WorldMap.idl
[33.369s] -- Installing: /home/basmala/mir250_ws/src/MiR250/MIR_250/install/mir_msgs/share/mir_msgs/msg/WorldModel.idl
[33.370s] -- Installing: /home/basmala/mir250_ws/src/MiR250/MIR_250/install/mir_msgs/share/mir_msgs/srv/ExecMission.idl
[33.370s] -- Installing: /home/basmala/mir250_ws/src/MiR250/MIR_250/install/mir_msgs/share/mir_msgs/msg/BatteryCurrents.msg
[33.370s] -- Installing: /home/basmala/mir250_ws/src/MiR250/MIR_250/install/mir_msgs/share/mir_msgs/msg/BMSData.msg
[33.370s] -- Installing: /home/basmala/mir250_ws/src/MiR250/MIR_250/install/mir_msgs/share/mir_msgs/msg/BrakeState.msg
[33.370s] -- Installing: /home/basmala/mir250_ws/src/MiR250/MIR_250/install/mir_msgs/share/mir_msgs/msg/ChargingState.msg
[33.371s] -- Installing: /home/basmala/mir250_ws/src/MiR250/MIR_250/install/mir_msgs/share/mir_msgs/msg/Device.msg
[33.371s] -- Installing: /home/basmala/mir250_ws/src/MiR250/MIR_250/install/mir_msgs/share/mir_msgs/msg/Devices.msg
[33.371s] -- Installing: /home/basmala/mir250_ws/src/MiR250/MIR_250/install/mir_msgs/share/mir_msgs/msg/Encoders.msg
[33.371s] -- Installing: /home/basmala/mir250_ws/src/MiR250/MIR_250/install/mir_msgs/share/mir_msgs/msg/Error.msg
[33.371s] -- Installing: /home/basmala/mir250_ws/src/MiR250/MIR_250/install/mir_msgs/share/mir_msgs/msg/Event.msg
[33.372s] -- Installing: /home/basmala/mir250_ws/src/MiR250/MIR_250/install/mir_msgs/share/mir_msgs/msg/Events.msg
[33.372s] -- Installing: /home/basmala/mir250_ws/src/MiR250/MIR_250/install/mir_msgs/share/mir_msgs/msg/ExternalRobot.msg
[33.372s] -- Installing: /home/basmala/mir250_ws/src/MiR250/MIR_250/install/mir_msgs/share/mir_msgs/msg/ExternalRobots.msg
[33.372s] -- Installing: /home/basmala/mir250_ws/src/MiR250/MIR_250/install/mir_msgs/share/mir_msgs/msg/Gpio.msg
[33.373s] -- Installing: /home/basmala/mir250_ws/src/MiR250/MIR_250/install/mir_msgs/share/mir_msgs/msg/GripperState.msg
[33.373s] -- Installing: /home/basmala/mir250_ws/src/MiR250/MIR_250/install/mir_msgs/share/mir_msgs/msg/HeightState.msg
[33.373s] -- Installing: /home/basmala/mir250_ws/src/MiR250/MIR_250/install/mir_msgs/share/mir_msgs/msg/HookExtendedStatus.msg
[33.374s] -- Installing: /home/basmala/mir250_ws/src/MiR250/MIR_250/install/mir_msgs/share/mir_msgs/msg/HookStatus.msg
[33.374s] -- Installing: /home/basmala/mir250_ws/src/MiR250/MIR_250/install/mir_msgs/share/mir_msgs/msg/IOs.msg
[33.374s] -- Installing: /home/basmala/mir250_ws/src/MiR250/MIR_250/install/mir_msgs/share/mir_msgs/msg/JoystickVel.msg
[33.374s] -- Installing: /home/basmala/mir250_ws/src/MiR250/MIR_250/install/mir_msgs/share/mir_msgs/msg/LocalMapStat.msg
[33.375s] -- Installing: /home/basmala/mir250_ws/src/MiR250/MIR_250/install/mir_msgs/share/mir_msgs/msg/MirExtra.msg
[33.375s] -- Installing: /home/basmala/mir250_ws/src/MiR250/MIR_250/install/mir_msgs/share/mir_msgs/msg/MissionCtrlCommand.msg
[33.375s] -- Installing: /home/basmala/mir250_ws/src/MiR250/MIR_250/install/mir_msgs/share/mir_msgs/msg/MissionCtrlState.msg
[33.375s] -- Installing: /home/basmala/mir250_ws/src/MiR250/MIR_250/install/mir_msgs/share/mir_msgs/msg/PalletLifterStatus.msg
[33.375s] -- Installing: /home/basmala/mir250_ws/src/MiR250/MIR_250/install/mir_msgs/share/mir_msgs/msg/Path.msg
[33.376s] -- Installing: /home/basmala/mir250_ws/src/MiR250/MIR_250/install/mir_msgs/share/mir_msgs/msg/Pendant.msg
[33.376s] -- Installing: /home/basmala/mir250_ws/src/MiR250/MIR_250/install/mir_msgs/share/mir_msgs/msg/PlanSegment.msg
[33.376s] -- Installing: /home/basmala/mir250_ws/src/MiR250/MIR_250/install/mir_msgs/share/mir_msgs/msg/PlanSegments.msg
[33.377s] -- Installing: /home/basmala/mir250_ws/src/MiR250/MIR_250/install/mir_msgs/share/mir_msgs/msg/Pose2D.msg
[33.377s] -- Installing: /home/basmala/mir250_ws/src/MiR250/MIR_250/install/mir_msgs/share/mir_msgs/msg/PowerBoardMotorStatus.msg
[33.377s] -- Installing: /home/basmala/mir250_ws/src/MiR250/MIR_250/install/mir_msgs/share/mir_msgs/msg/Proximity.msg
[33.377s] -- Installing: /home/basmala/mir250_ws/src/MiR250/MIR_250/install/mir_msgs/share/mir_msgs/msg/ResourcesState.msg
[33.378s] -- Installing: /home/basmala/mir250_ws/src/MiR250/MIR_250/install/mir_msgs/share/mir_msgs/msg/ResourceState.msg
[33.378s] -- Installing: /home/basmala/mir250_ws/src/MiR250/MIR_250/install/mir_msgs/share/mir_msgs/msg/RobotMode.msg
[33.378s] -- Installing: /home/basmala/mir250_ws/src/MiR250/MIR_250/install/mir_msgs/share/mir_msgs/msg/RobotState.msg
[33.378s] -- Installing: /home/basmala/mir250_ws/src/MiR250/MIR_250/install/mir_msgs/share/mir_msgs/msg/RobotStatus.msg
[33.378s] -- Installing: /home/basmala/mir250_ws/src/MiR250/MIR_250/install/mir_msgs/share/mir_msgs/msg/SafetyStatus.msg
[33.379s] -- Installing: /home/basmala/mir250_ws/src/MiR250/MIR_250/install/mir_msgs/share/mir_msgs/msg/Serial.msg
[33.379s] -- Installing: /home/basmala/mir250_ws/src/MiR250/MIR_250/install/mir_msgs/share/mir_msgs/msg/StampedEncoders.msg
[33.379s] -- Installing: /home/basmala/mir250_ws/src/MiR250/MIR_250/install/mir_msgs/share/mir_msgs/msg/Trolley.msg
[33.380s] -- Installing: /home/basmala/mir250_ws/src/MiR250/MIR_250/install/mir_msgs/share/mir_msgs/msg/Twist2D.msg
[33.380s] -- Installing: /home/basmala/mir250_ws/src/MiR250/MIR_250/install/mir_msgs/share/mir_msgs/msg/UserPrompt.msg
[33.380s] -- Installing: /home/basmala/mir250_ws/src/MiR250/MIR_250/install/mir_msgs/share/mir_msgs/msg/WebPath.msg
[33.381s] -- Installing: /home/basmala/mir250_ws/src/MiR250/MIR_250/install/mir_msgs/share/mir_msgs/msg/WorldMap.msg
[33.381s] -- Installing: /home/basmala/mir250_ws/src/MiR250/MIR_250/install/mir_msgs/share/mir_msgs/msg/WorldModel.msg
[33.381s] -- Installing: /home/basmala/mir250_ws/src/MiR250/MIR_250/install/mir_msgs/share/mir_msgs/srv/ExecMission.srv
[33.382s] -- Installing: /home/basmala/mir250_ws/src/MiR250/MIR_250/install/mir_msgs/share/mir_msgs/srv/ExecMission_Request.msg
[33.382s] -- Installing: /home/basmala/mir250_ws/src/MiR250/MIR_250/install/mir_msgs/share/mir_msgs/srv/ExecMission_Response.msg
[33.383s] -- Installing: /home/basmala/mir250_ws/src/MiR250/MIR_250/install/mir_msgs/share/ament_index/resource_index/package_run_dependencies/mir_msgs
[33.383s] -- Installing: /home/basmala/mir250_ws/src/MiR250/MIR_250/install/mir_msgs/share/ament_index/resource_index/parent_prefix_path/mir_msgs
[33.383s] -- Installing: /home/basmala/mir250_ws/src/MiR250/MIR_250/install/mir_msgs/share/mir_msgs/environment/ament_prefix_path.sh
[33.384s] -- Installing: /home/basmala/mir250_ws/src/MiR250/MIR_250/install/mir_msgs/share/mir_msgs/environment/ament_prefix_path.dsv
[33.384s] -- Installing: /home/basmala/mir250_ws/src/MiR250/MIR_250/install/mir_msgs/share/mir_msgs/environment/path.sh
[33.384s] -- Installing: /home/basmala/mir250_ws/src/MiR250/MIR_250/install/mir_msgs/share/mir_msgs/environment/path.dsv
[33.384s] -- Installing: /home/basmala/mir250_ws/src/MiR250/MIR_250/install/mir_msgs/share/mir_msgs/local_setup.bash
[33.385s] -- Installing: /home/basmala/mir250_ws/src/MiR250/MIR_250/install/mir_msgs/share/mir_msgs/local_setup.sh
[33.385s] -- Installing: /home/basmala/mir250_ws/src/MiR250/MIR_250/install/mir_msgs/share/mir_msgs/local_setup.zsh
[33.385s] -- Installing: /home/basmala/mir250_ws/src/MiR250/MIR_250/install/mir_msgs/share/mir_msgs/local_setup.dsv
[33.385s] -- Installing: /home/basmala/mir250_ws/src/MiR250/MIR_250/install/mir_msgs/share/mir_msgs/package.dsv
[33.386s] -- Installing: /home/basmala/mir250_ws/src/MiR250/MIR_250/install/mir_msgs/share/ament_index/resource_index/packages/mir_msgs
[33.386s] -- Installing: /home/basmala/mir250_ws/src/MiR250/MIR_250/install/mir_msgs/share/mir_msgs/cmake/export_mir_msgs__rosidl_generator_cExport.cmake
[33.386s] -- Installing: /home/basmala/mir250_ws/src/MiR250/MIR_250/install/mir_msgs/share/mir_msgs/cmake/export_mir_msgs__rosidl_generator_cExport-noconfig.cmake
[33.387s] -- Installing: /home/basmala/mir250_ws/src/MiR250/MIR_250/install/mir_msgs/share/mir_msgs/cmake/export_mir_msgs__rosidl_typesupport_fastrtps_cExport.cmake
[33.387s] -- Installing: /home/basmala/mir250_ws/src/MiR250/MIR_250/install/mir_msgs/share/mir_msgs/cmake/export_mir_msgs__rosidl_typesupport_fastrtps_cExport-noconfig.cmake
[33.387s] -- Installing: /home/basmala/mir250_ws/src/MiR250/MIR_250/install/mir_msgs/share/mir_msgs/cmake/export_mir_msgs__rosidl_generator_cppExport.cmake
[33.388s] -- Installing: /home/basmala/mir250_ws/src/MiR250/MIR_250/install/mir_msgs/share/mir_msgs/cmake/export_mir_msgs__rosidl_typesupport_fastrtps_cppExport.cmake
[33.388s] -- Installing: /home/basmala/mir250_ws/src/MiR250/MIR_250/install/mir_msgs/share/mir_msgs/cmake/export_mir_msgs__rosidl_typesupport_fastrtps_cppExport-noconfig.cmake
[33.388s] -- Installing: /home/basmala/mir250_ws/src/MiR250/MIR_250/install/mir_msgs/share/mir_msgs/cmake/mir_msgs__rosidl_typesupport_introspection_cExport.cmake
[33.388s] -- Installing: /home/basmala/mir250_ws/src/MiR250/MIR_250/install/mir_msgs/share/mir_msgs/cmake/mir_msgs__rosidl_typesupport_introspection_cExport-noconfig.cmake
[33.389s] -- Installing: /home/basmala/mir250_ws/src/MiR250/MIR_250/install/mir_msgs/share/mir_msgs/cmake/mir_msgs__rosidl_typesupport_cExport.cmake
[33.389s] -- Installing: /home/basmala/mir250_ws/src/MiR250/MIR_250/install/mir_msgs/share/mir_msgs/cmake/mir_msgs__rosidl_typesupport_cExport-noconfig.cmake
[33.390s] -- Installing: /home/basmala/mir250_ws/src/MiR250/MIR_250/install/mir_msgs/share/mir_msgs/cmake/mir_msgs__rosidl_typesupport_introspection_cppExport.cmake
[33.390s] -- Installing: /home/basmala/mir250_ws/src/MiR250/MIR_250/install/mir_msgs/share/mir_msgs/cmake/mir_msgs__rosidl_typesupport_introspection_cppExport-noconfig.cmake
[33.390s] -- Installing: /home/basmala/mir250_ws/src/MiR250/MIR_250/install/mir_msgs/share/mir_msgs/cmake/mir_msgs__rosidl_typesupport_cppExport.cmake
[33.390s] -- Installing: /home/basmala/mir250_ws/src/MiR250/MIR_250/install/mir_msgs/share/mir_msgs/cmake/mir_msgs__rosidl_typesupport_cppExport-noconfig.cmake
[33.391s] -- Installing: /home/basmala/mir250_ws/src/MiR250/MIR_250/install/mir_msgs/share/mir_msgs/cmake/export_mir_msgs__rosidl_generator_pyExport.cmake
[33.391s] -- Installing: /home/basmala/mir250_ws/src/MiR250/MIR_250/install/mir_msgs/share/mir_msgs/cmake/export_mir_msgs__rosidl_generator_pyExport-noconfig.cmake
[33.391s] -- Installing: /home/basmala/mir250_ws/src/MiR250/MIR_250/install/mir_msgs/share/mir_msgs/cmake/rosidl_cmake-extras.cmake
[33.391s] -- Installing: /home/basmala/mir250_ws/src/MiR250/MIR_250/install/mir_msgs/share/mir_msgs/cmake/ament_cmake_export_dependencies-extras.cmake
[33.392s] -- Installing: /home/basmala/mir250_ws/src/MiR250/MIR_250/install/mir_msgs/share/mir_msgs/cmake/ament_cmake_export_include_directories-extras.cmake
[33.392s] -- Installing: /home/basmala/mir250_ws/src/MiR250/MIR_250/install/mir_msgs/share/mir_msgs/cmake/ament_cmake_export_libraries-extras.cmake
[33.392s] -- Installing: /home/basmala/mir250_ws/src/MiR250/MIR_250/install/mir_msgs/share/mir_msgs/cmake/ament_cmake_export_targets-extras.cmake
[33.392s] -- Installing: /home/basmala/mir250_ws/src/MiR250/MIR_250/install/mir_msgs/share/mir_msgs/cmake/rosidl_cmake_export_typesupport_targets-extras.cmake
[33.393s] -- Installing: /home/basmala/mir250_ws/src/MiR250/MIR_250/install/mir_msgs/share/mir_msgs/cmake/rosidl_cmake_export_typesupport_libraries-extras.cmake
[33.393s] -- Installing: /home/basmala/mir250_ws/src/MiR250/MIR_250/install/mir_msgs/share/mir_msgs/cmake/mir_msgsConfig.cmake
[33.394s] -- Installing: /home/basmala/mir250_ws/src/MiR250/MIR_250/install/mir_msgs/share/mir_msgs/cmake/mir_msgsConfig-version.cmake
[33.394s] -- Installing: /home/basmala/mir250_ws/src/MiR250/MIR_250/install/mir_msgs/share/mir_msgs/package.xml
[33.399s] Invoked command in '/home/basmala/mir250_ws/src/MiR250/MIR_250/build/mir_msgs' returned '0': CMAKE_PREFIX_PATH=${CMAKE_PREFIX_PATH}:/home/basmala/mir250_ws/src/MiR250/MIR_250/install/mir_restapi:/home/basmala/mir250_ws/src/MiR250/MIR_250/install/mir_manual_navigation:/home/basmala/mir250_ws/src/MiR250/MIR_250/install/graph_based_navigation_system:/home/basmala/mir250_ws/src/MiR250/MIR_250/install/mir_driver:/home/basmala/mir250_ws/install/mir_restapi:/home/basmala/mir250_ws/install/mir_manual_navigation:/home/basmala/mir250_ws/install/graph_based_navigation_system:/home/basmala/mir250_ws/install/mir_driver:/opt/ros/humble /usr/bin/cmake --install /home/basmala/mir250_ws/src/MiR250/MIR_250/build/mir_msgs
