[0.069s] DEBUG:colcon:Command line arguments: ['/usr/bin/colcon', 'build']
[0.070s] DEBUG:colcon:Parsed command line arguments: Namespace(log_base=None, log_level=None, verb_name='build', build_base='build', install_base='install', merge_install=False, symlink_install=False, test_result_base=None, continue_on_error=False, executor='parallel', parallel_workers=20, event_handlers=None, ignore_user_meta=False, metas=['./colcon.meta'], base_paths=['.'], packages_ignore=None, packages_ignore_regex=None, paths=None, packages_up_to=None, packages_up_to_regex=None, packages_above=None, packages_above_and_dependencies=None, packages_above_depth=None, packages_select_by_dep=None, packages_skip_by_dep=None, packages_skip_up_to=None, packages_select_build_failed=False, packages_skip_build_finished=False, packages_select_test_failures=False, packages_skip_test_passed=False, packages_select=None, packages_skip=None, packages_select_regex=None, packages_skip_regex=None, packages_start=None, packages_end=None, allow_overriding=[], cmake_args=None, cmake_target=None, cmake_target_skip_unavailable=False, cmake_clean_cache=False, cmake_clean_first=False, cmake_force_configure=False, ament_cmake_args=None, catkin_cmake_args=None, catkin_skip_building_tests=False, mixin_files=None, mixin=None, verb_parser=<colcon_mixin.mixin.mixin_argument.MixinArgumentDecorator object at 0x781999b79120>, verb_extension=<colcon_core.verb.build.BuildVerb object at 0x781999b066e0>, main=<bound method BuildVerb.main of <colcon_core.verb.build.BuildVerb object at 0x781999b066e0>>, mixin_verb=('build',))
[0.165s] Level 1:colcon.colcon_core.package_discovery:discover_packages(colcon_meta) check parameters
[0.165s] Level 1:colcon.colcon_core.package_discovery:discover_packages(recursive) check parameters
[0.165s] Level 1:colcon.colcon_core.package_discovery:discover_packages(ignore) check parameters
[0.165s] Level 1:colcon.colcon_core.package_discovery:discover_packages(path) check parameters
[0.165s] Level 1:colcon.colcon_core.package_discovery:discover_packages(colcon_meta) discover
[0.165s] Level 1:colcon.colcon_core.package_discovery:discover_packages(recursive) discover
[0.165s] INFO:colcon.colcon_core.package_discovery:Crawling recursively for packages in '/home/basmala/mir250_ws/src/MiR250/MIR_250'
[0.165s] Level 1:colcon.colcon_core.package_identification:_identify(.) by extensions ['ignore', 'ignore_ament_install']
[0.165s] Level 1:colcon.colcon_core.package_identification:_identify(.) by extension 'ignore'
[0.165s] Level 1:colcon.colcon_core.package_identification:_identify(.) by extension 'ignore_ament_install'
[0.165s] Level 1:colcon.colcon_core.package_identification:_identify(.) by extensions ['colcon_pkg']
[0.165s] Level 1:colcon.colcon_core.package_identification:_identify(.) by extension 'colcon_pkg'
[0.165s] Level 1:colcon.colcon_core.package_identification:_identify(.) by extensions ['colcon_meta']
[0.165s] Level 1:colcon.colcon_core.package_identification:_identify(.) by extension 'colcon_meta'
[0.165s] Level 1:colcon.colcon_core.package_identification:_identify(.) by extensions ['ros']
[0.165s] Level 1:colcon.colcon_core.package_identification:_identify(.) by extension 'ros'
[0.172s] Level 1:colcon.colcon_core.package_identification:_identify(.) by extensions ['cmake', 'python']
[0.172s] Level 1:colcon.colcon_core.package_identification:_identify(.) by extension 'cmake'
[0.172s] Level 1:colcon.colcon_core.package_identification:_identify(.) by extension 'python'
[0.172s] Level 1:colcon.colcon_core.package_identification:_identify(.) by extensions ['python_setup_py']
[0.172s] Level 1:colcon.colcon_core.package_identification:_identify(.) by extension 'python_setup_py'
[0.172s] Level 1:colcon.colcon_core.package_identification:_identify(build) by extensions ['ignore', 'ignore_ament_install']
[0.172s] Level 1:colcon.colcon_core.package_identification:_identify(build) by extension 'ignore'
[0.172s] Level 1:colcon.colcon_core.package_identification:_identify(build) ignored
[0.172s] Level 1:colcon.colcon_core.package_identification:_identify(graph_based_navigation_system) by extensions ['ignore', 'ignore_ament_install']
[0.172s] Level 1:colcon.colcon_core.package_identification:_identify(graph_based_navigation_system) by extension 'ignore'
[0.172s] Level 1:colcon.colcon_core.package_identification:_identify(graph_based_navigation_system) by extension 'ignore_ament_install'
[0.172s] Level 1:colcon.colcon_core.package_identification:_identify(graph_based_navigation_system) by extensions ['colcon_pkg']
[0.172s] Level 1:colcon.colcon_core.package_identification:_identify(graph_based_navigation_system) by extension 'colcon_pkg'
[0.172s] Level 1:colcon.colcon_core.package_identification:_identify(graph_based_navigation_system) by extensions ['colcon_meta']
[0.172s] Level 1:colcon.colcon_core.package_identification:_identify(graph_based_navigation_system) by extension 'colcon_meta'
[0.172s] Level 1:colcon.colcon_core.package_identification:_identify(graph_based_navigation_system) by extensions ['ros']
[0.172s] Level 1:colcon.colcon_core.package_identification:_identify(graph_based_navigation_system) by extension 'ros'
[0.174s] DEBUG:colcon.colcon_core.package_identification:Package 'graph_based_navigation_system' with type 'ros.ament_python' and name 'graph_based_navigation_system'
[0.174s] Level 1:colcon.colcon_core.package_identification:_identify(install) by extensions ['ignore', 'ignore_ament_install']
[0.174s] Level 1:colcon.colcon_core.package_identification:_identify(install) by extension 'ignore'
[0.174s] Level 1:colcon.colcon_core.package_identification:_identify(install) ignored
[0.174s] Level 1:colcon.colcon_core.package_identification:_identify(log) by extensions ['ignore', 'ignore_ament_install']
[0.174s] Level 1:colcon.colcon_core.package_identification:_identify(log) by extension 'ignore'
[0.174s] Level 1:colcon.colcon_core.package_identification:_identify(log) ignored
[0.174s] Level 1:colcon.colcon_core.package_identification:_identify(mir_actions) by extensions ['ignore', 'ignore_ament_install']
[0.174s] Level 1:colcon.colcon_core.package_identification:_identify(mir_actions) by extension 'ignore'
[0.174s] Level 1:colcon.colcon_core.package_identification:_identify(mir_actions) by extension 'ignore_ament_install'
[0.174s] Level 1:colcon.colcon_core.package_identification:_identify(mir_actions) by extensions ['colcon_pkg']
[0.174s] Level 1:colcon.colcon_core.package_identification:_identify(mir_actions) by extension 'colcon_pkg'
[0.174s] Level 1:colcon.colcon_core.package_identification:_identify(mir_actions) by extensions ['colcon_meta']
[0.174s] Level 1:colcon.colcon_core.package_identification:_identify(mir_actions) by extension 'colcon_meta'
[0.174s] Level 1:colcon.colcon_core.package_identification:_identify(mir_actions) by extensions ['ros']
[0.174s] Level 1:colcon.colcon_core.package_identification:_identify(mir_actions) by extension 'ros'
[0.175s] DEBUG:colcon.colcon_core.package_identification:Package 'mir_actions' with type 'ros.ament_cmake' and name 'mir_actions'
[0.175s] Level 1:colcon.colcon_core.package_identification:_identify(mir_description) by extensions ['ignore', 'ignore_ament_install']
[0.175s] Level 1:colcon.colcon_core.package_identification:_identify(mir_description) by extension 'ignore'
[0.175s] Level 1:colcon.colcon_core.package_identification:_identify(mir_description) by extension 'ignore_ament_install'
[0.175s] Level 1:colcon.colcon_core.package_identification:_identify(mir_description) by extensions ['colcon_pkg']
[0.175s] Level 1:colcon.colcon_core.package_identification:_identify(mir_description) by extension 'colcon_pkg'
[0.175s] Level 1:colcon.colcon_core.package_identification:_identify(mir_description) by extensions ['colcon_meta']
[0.175s] Level 1:colcon.colcon_core.package_identification:_identify(mir_description) by extension 'colcon_meta'
[0.175s] Level 1:colcon.colcon_core.package_identification:_identify(mir_description) by extensions ['ros']
[0.175s] Level 1:colcon.colcon_core.package_identification:_identify(mir_description) by extension 'ros'
[0.175s] DEBUG:colcon.colcon_core.package_identification:Package 'mir_description' with type 'ros.ament_cmake' and name 'mir_description'
[0.175s] Level 1:colcon.colcon_core.package_identification:_identify(mir_driver) by extensions ['ignore', 'ignore_ament_install']
[0.175s] Level 1:colcon.colcon_core.package_identification:_identify(mir_driver) by extension 'ignore'
[0.175s] Level 1:colcon.colcon_core.package_identification:_identify(mir_driver) by extension 'ignore_ament_install'
[0.175s] Level 1:colcon.colcon_core.package_identification:_identify(mir_driver) by extensions ['colcon_pkg']
[0.175s] Level 1:colcon.colcon_core.package_identification:_identify(mir_driver) by extension 'colcon_pkg'
[0.175s] Level 1:colcon.colcon_core.package_identification:_identify(mir_driver) by extensions ['colcon_meta']
[0.175s] Level 1:colcon.colcon_core.package_identification:_identify(mir_driver) by extension 'colcon_meta'
[0.175s] Level 1:colcon.colcon_core.package_identification:_identify(mir_driver) by extensions ['ros']
[0.175s] Level 1:colcon.colcon_core.package_identification:_identify(mir_driver) by extension 'ros'
[0.176s] DEBUG:colcon.colcon_core.package_identification:Package 'mir_driver' with type 'ros.ament_python' and name 'mir_driver'
[0.176s] Level 1:colcon.colcon_core.package_identification:_identify(mir_manual_navigation) by extensions ['ignore', 'ignore_ament_install']
[0.176s] Level 1:colcon.colcon_core.package_identification:_identify(mir_manual_navigation) by extension 'ignore'
[0.176s] Level 1:colcon.colcon_core.package_identification:_identify(mir_manual_navigation) by extension 'ignore_ament_install'
[0.177s] Level 1:colcon.colcon_core.package_identification:_identify(mir_manual_navigation) by extensions ['colcon_pkg']
[0.177s] Level 1:colcon.colcon_core.package_identification:_identify(mir_manual_navigation) by extension 'colcon_pkg'
[0.177s] Level 1:colcon.colcon_core.package_identification:_identify(mir_manual_navigation) by extensions ['colcon_meta']
[0.177s] Level 1:colcon.colcon_core.package_identification:_identify(mir_manual_navigation) by extension 'colcon_meta'
[0.177s] Level 1:colcon.colcon_core.package_identification:_identify(mir_manual_navigation) by extensions ['ros']
[0.177s] Level 1:colcon.colcon_core.package_identification:_identify(mir_manual_navigation) by extension 'ros'
[0.177s] DEBUG:colcon.colcon_core.package_identification:Package 'mir_manual_navigation' with type 'ros.ament_python' and name 'mir_manual_navigation'
[0.177s] Level 1:colcon.colcon_core.package_identification:_identify(mir_msgs) by extensions ['ignore', 'ignore_ament_install']
[0.177s] Level 1:colcon.colcon_core.package_identification:_identify(mir_msgs) by extension 'ignore'
[0.177s] Level 1:colcon.colcon_core.package_identification:_identify(mir_msgs) by extension 'ignore_ament_install'
[0.177s] Level 1:colcon.colcon_core.package_identification:_identify(mir_msgs) by extensions ['colcon_pkg']
[0.177s] Level 1:colcon.colcon_core.package_identification:_identify(mir_msgs) by extension 'colcon_pkg'
[0.177s] Level 1:colcon.colcon_core.package_identification:_identify(mir_msgs) by extensions ['colcon_meta']
[0.177s] Level 1:colcon.colcon_core.package_identification:_identify(mir_msgs) by extension 'colcon_meta'
[0.177s] Level 1:colcon.colcon_core.package_identification:_identify(mir_msgs) by extensions ['ros']
[0.177s] Level 1:colcon.colcon_core.package_identification:_identify(mir_msgs) by extension 'ros'
[0.178s] DEBUG:colcon.colcon_core.package_identification:Package 'mir_msgs' with type 'ros.ament_cmake' and name 'mir_msgs'
[0.178s] Level 1:colcon.colcon_core.package_identification:_identify(mir_navigation) by extensions ['ignore', 'ignore_ament_install']
[0.178s] Level 1:colcon.colcon_core.package_identification:_identify(mir_navigation) by extension 'ignore'
[0.178s] Level 1:colcon.colcon_core.package_identification:_identify(mir_navigation) by extension 'ignore_ament_install'
[0.178s] Level 1:colcon.colcon_core.package_identification:_identify(mir_navigation) by extensions ['colcon_pkg']
[0.178s] Level 1:colcon.colcon_core.package_identification:_identify(mir_navigation) by extension 'colcon_pkg'
[0.178s] Level 1:colcon.colcon_core.package_identification:_identify(mir_navigation) by extensions ['colcon_meta']
[0.178s] Level 1:colcon.colcon_core.package_identification:_identify(mir_navigation) by extension 'colcon_meta'
[0.178s] Level 1:colcon.colcon_core.package_identification:_identify(mir_navigation) by extensions ['ros']
[0.178s] Level 1:colcon.colcon_core.package_identification:_identify(mir_navigation) by extension 'ros'
[0.178s] DEBUG:colcon.colcon_core.package_identification:Package 'mir_navigation' with type 'ros.ament_cmake' and name 'mir_navigation'
[0.178s] Level 1:colcon.colcon_core.package_identification:_identify(mir_restapi) by extensions ['ignore', 'ignore_ament_install']
[0.178s] Level 1:colcon.colcon_core.package_identification:_identify(mir_restapi) by extension 'ignore'
[0.178s] Level 1:colcon.colcon_core.package_identification:_identify(mir_restapi) by extension 'ignore_ament_install'
[0.179s] Level 1:colcon.colcon_core.package_identification:_identify(mir_restapi) by extensions ['colcon_pkg']
[0.179s] Level 1:colcon.colcon_core.package_identification:_identify(mir_restapi) by extension 'colcon_pkg'
[0.179s] Level 1:colcon.colcon_core.package_identification:_identify(mir_restapi) by extensions ['colcon_meta']
[0.179s] Level 1:colcon.colcon_core.package_identification:_identify(mir_restapi) by extension 'colcon_meta'
[0.179s] Level 1:colcon.colcon_core.package_identification:_identify(mir_restapi) by extensions ['ros']
[0.179s] Level 1:colcon.colcon_core.package_identification:_identify(mir_restapi) by extension 'ros'
[0.180s] DEBUG:colcon.colcon_core.package_identification:Package 'mir_restapi' with type 'ros.ament_python' and name 'mir_restapi'
[0.180s] Level 1:colcon.colcon_core.package_identification:_identify(sdc21x0) by extensions ['ignore', 'ignore_ament_install']
[0.180s] Level 1:colcon.colcon_core.package_identification:_identify(sdc21x0) by extension 'ignore'
[0.180s] Level 1:colcon.colcon_core.package_identification:_identify(sdc21x0) by extension 'ignore_ament_install'
[0.180s] Level 1:colcon.colcon_core.package_identification:_identify(sdc21x0) by extensions ['colcon_pkg']
[0.180s] Level 1:colcon.colcon_core.package_identification:_identify(sdc21x0) by extension 'colcon_pkg'
[0.180s] Level 1:colcon.colcon_core.package_identification:_identify(sdc21x0) by extensions ['colcon_meta']
[0.180s] Level 1:colcon.colcon_core.package_identification:_identify(sdc21x0) by extension 'colcon_meta'
[0.180s] Level 1:colcon.colcon_core.package_identification:_identify(sdc21x0) by extensions ['ros']
[0.180s] Level 1:colcon.colcon_core.package_identification:_identify(sdc21x0) by extension 'ros'
[0.180s] DEBUG:colcon.colcon_core.package_identification:Package 'sdc21x0' with type 'ros.ament_cmake' and name 'sdc21x0'
[0.180s] Level 1:colcon.colcon_core.package_identification:_identify(sensors_launcher_mir_250) by extensions ['ignore', 'ignore_ament_install']
[0.180s] Level 1:colcon.colcon_core.package_identification:_identify(sensors_launcher_mir_250) by extension 'ignore'
[0.180s] Level 1:colcon.colcon_core.package_identification:_identify(sensors_launcher_mir_250) by extension 'ignore_ament_install'
[0.180s] Level 1:colcon.colcon_core.package_identification:_identify(sensors_launcher_mir_250) by extensions ['colcon_pkg']
[0.180s] Level 1:colcon.colcon_core.package_identification:_identify(sensors_launcher_mir_250) by extension 'colcon_pkg'
[0.181s] Level 1:colcon.colcon_core.package_identification:_identify(sensors_launcher_mir_250) by extensions ['colcon_meta']
[0.181s] Level 1:colcon.colcon_core.package_identification:_identify(sensors_launcher_mir_250) by extension 'colcon_meta'
[0.181s] Level 1:colcon.colcon_core.package_identification:_identify(sensors_launcher_mir_250) by extensions ['ros']
[0.181s] Level 1:colcon.colcon_core.package_identification:_identify(sensors_launcher_mir_250) by extension 'ros'
[0.181s] DEBUG:colcon.colcon_core.package_identification:Package 'sensors_launcher_mir_250' with type 'ros.ament_cmake' and name 'sensors_launcher_mir_250'
[0.181s] Level 1:colcon.colcon_core.package_discovery:discover_packages(recursive) using defaults
[0.181s] Level 1:colcon.colcon_core.package_discovery:discover_packages(ignore) discover
[0.181s] Level 1:colcon.colcon_core.package_discovery:discover_packages(ignore) using defaults
[0.181s] Level 1:colcon.colcon_core.package_discovery:discover_packages(path) discover
[0.181s] Level 1:colcon.colcon_core.package_discovery:discover_packages(path) using defaults
[0.201s] Level 1:colcon.colcon_core.package_discovery:discover_packages(prefix_path) check parameters
[0.201s] Level 1:colcon.colcon_core.package_discovery:discover_packages(prefix_path) discover
[0.201s] WARNING:colcon.colcon_ros.prefix_path.ament:The path '/home/basmala/mir250_ws/src/MiR250/MIR_250/install/sensors_launcher_mir_250' in the environment variable AMENT_PREFIX_PATH doesn't exist
[0.201s] WARNING:colcon.colcon_ros.prefix_path.ament:The path '/home/basmala/mir250_ws/src/MiR250/MIR_250/install/sdc21x0' in the environment variable AMENT_PREFIX_PATH doesn't exist
[0.201s] WARNING:colcon.colcon_ros.prefix_path.ament:The path '/home/basmala/mir250_ws/src/MiR250/MIR_250/install/mir_restapi' in the environment variable AMENT_PREFIX_PATH doesn't exist
[0.201s] WARNING:colcon.colcon_ros.prefix_path.ament:The path '/home/basmala/mir250_ws/src/MiR250/MIR_250/install/mir_navigation' in the environment variable AMENT_PREFIX_PATH doesn't exist
[0.201s] WARNING:colcon.colcon_ros.prefix_path.ament:The path '/home/basmala/mir250_ws/src/MiR250/MIR_250/install/mir_manual_navigation' in the environment variable AMENT_PREFIX_PATH doesn't exist
[0.201s] WARNING:colcon.colcon_ros.prefix_path.ament:The path '/home/basmala/mir250_ws/src/MiR250/MIR_250/install/graph_based_navigation_system' in the environment variable AMENT_PREFIX_PATH doesn't exist
[0.201s] WARNING:colcon.colcon_ros.prefix_path.ament:The path '/home/basmala/mir250_ws/src/MiR250/MIR_250/install/mir_driver' in the environment variable AMENT_PREFIX_PATH doesn't exist
[0.201s] WARNING:colcon.colcon_ros.prefix_path.ament:The path '/home/basmala/mir250_ws/src/MiR250/MIR_250/install/mir_msgs' in the environment variable AMENT_PREFIX_PATH doesn't exist
[0.201s] WARNING:colcon.colcon_ros.prefix_path.ament:The path '/home/basmala/mir250_ws/src/MiR250/MIR_250/install/mir_description' in the environment variable AMENT_PREFIX_PATH doesn't exist
[0.201s] WARNING:colcon.colcon_ros.prefix_path.ament:The path '/home/basmala/mir250_ws/src/MiR250/MIR_250/install/mir_actions' in the environment variable AMENT_PREFIX_PATH doesn't exist
[0.202s] WARNING:colcon.colcon_ros.prefix_path.catkin:The path '/home/basmala/mir250_ws/src/MiR250/MIR_250/install/sensors_launcher_mir_250' in the environment variable CMAKE_PREFIX_PATH doesn't exist
[0.202s] WARNING:colcon.colcon_ros.prefix_path.catkin:The path '/home/basmala/mir250_ws/src/MiR250/MIR_250/install/sdc21x0' in the environment variable CMAKE_PREFIX_PATH doesn't exist
[0.202s] WARNING:colcon.colcon_ros.prefix_path.catkin:The path '/home/basmala/mir250_ws/src/MiR250/MIR_250/install/mir_navigation' in the environment variable CMAKE_PREFIX_PATH doesn't exist
[0.202s] WARNING:colcon.colcon_ros.prefix_path.catkin:The path '/home/basmala/mir250_ws/src/MiR250/MIR_250/install/mir_msgs' in the environment variable CMAKE_PREFIX_PATH doesn't exist
[0.202s] WARNING:colcon.colcon_ros.prefix_path.catkin:The path '/home/basmala/mir250_ws/src/MiR250/MIR_250/install/mir_description' in the environment variable CMAKE_PREFIX_PATH doesn't exist
[0.202s] WARNING:colcon.colcon_ros.prefix_path.catkin:The path '/home/basmala/mir250_ws/src/MiR250/MIR_250/install/mir_actions' in the environment variable CMAKE_PREFIX_PATH doesn't exist
[0.202s] DEBUG:colcon.colcon_installed_package_information.package_discovery:Found 0 installed packages in /home/basmala/mir250_ws/src/MiR250/MIR_250/install
[0.203s] DEBUG:colcon.colcon_installed_package_information.package_discovery:Found 10 installed packages in /home/basmala/mir250_ws/install
[0.204s] DEBUG:colcon.colcon_installed_package_information.package_discovery:Found 320 installed packages in /opt/ros/humble
[0.205s] Level 1:colcon.colcon_core.package_discovery:discover_packages(prefix_path) using defaults
[0.240s] Level 5:colcon.colcon_core.verb:set package 'mir_actions' build argument 'cmake_args' from command line to 'None'
[0.240s] Level 5:colcon.colcon_core.verb:set package 'mir_actions' build argument 'cmake_target' from command line to 'None'
[0.240s] Level 5:colcon.colcon_core.verb:set package 'mir_actions' build argument 'cmake_target_skip_unavailable' from command line to 'False'
[0.240s] Level 5:colcon.colcon_core.verb:set package 'mir_actions' build argument 'cmake_clean_cache' from command line to 'False'
[0.240s] Level 5:colcon.colcon_core.verb:set package 'mir_actions' build argument 'cmake_clean_first' from command line to 'False'
[0.240s] Level 5:colcon.colcon_core.verb:set package 'mir_actions' build argument 'cmake_force_configure' from command line to 'False'
[0.240s] Level 5:colcon.colcon_core.verb:set package 'mir_actions' build argument 'ament_cmake_args' from command line to 'None'
[0.240s] Level 5:colcon.colcon_core.verb:set package 'mir_actions' build argument 'catkin_cmake_args' from command line to 'None'
[0.240s] Level 5:colcon.colcon_core.verb:set package 'mir_actions' build argument 'catkin_skip_building_tests' from command line to 'False'
[0.240s] DEBUG:colcon.colcon_core.verb:Building package 'mir_actions' with the following arguments: {'ament_cmake_args': None, 'build_base': '/home/basmala/mir250_ws/src/MiR250/MIR_250/build/mir_actions', 'catkin_cmake_args': None, 'catkin_skip_building_tests': False, 'cmake_args': None, 'cmake_clean_cache': False, 'cmake_clean_first': False, 'cmake_force_configure': False, 'cmake_target': None, 'cmake_target_skip_unavailable': False, 'install_base': '/home/basmala/mir250_ws/src/MiR250/MIR_250/install/mir_actions', 'merge_install': False, 'path': '/home/basmala/mir250_ws/src/MiR250/MIR_250/mir_actions', 'symlink_install': False, 'test_result_base': None}
[0.241s] Level 5:colcon.colcon_core.verb:set package 'mir_description' build argument 'cmake_args' from command line to 'None'
[0.241s] Level 5:colcon.colcon_core.verb:set package 'mir_description' build argument 'cmake_target' from command line to 'None'
[0.241s] Level 5:colcon.colcon_core.verb:set package 'mir_description' build argument 'cmake_target_skip_unavailable' from command line to 'False'
[0.241s] Level 5:colcon.colcon_core.verb:set package 'mir_description' build argument 'cmake_clean_cache' from command line to 'False'
[0.241s] Level 5:colcon.colcon_core.verb:set package 'mir_description' build argument 'cmake_clean_first' from command line to 'False'
[0.241s] Level 5:colcon.colcon_core.verb:set package 'mir_description' build argument 'cmake_force_configure' from command line to 'False'
[0.241s] Level 5:colcon.colcon_core.verb:set package 'mir_description' build argument 'ament_cmake_args' from command line to 'None'
[0.241s] Level 5:colcon.colcon_core.verb:set package 'mir_description' build argument 'catkin_cmake_args' from command line to 'None'
[0.241s] Level 5:colcon.colcon_core.verb:set package 'mir_description' build argument 'catkin_skip_building_tests' from command line to 'False'
[0.241s] DEBUG:colcon.colcon_core.verb:Building package 'mir_description' with the following arguments: {'ament_cmake_args': None, 'build_base': '/home/basmala/mir250_ws/src/MiR250/MIR_250/build/mir_description', 'catkin_cmake_args': None, 'catkin_skip_building_tests': False, 'cmake_args': None, 'cmake_clean_cache': False, 'cmake_clean_first': False, 'cmake_force_configure': False, 'cmake_target': None, 'cmake_target_skip_unavailable': False, 'install_base': '/home/basmala/mir250_ws/src/MiR250/MIR_250/install/mir_description', 'merge_install': False, 'path': '/home/basmala/mir250_ws/src/MiR250/MIR_250/mir_description', 'symlink_install': False, 'test_result_base': None}
[0.241s] Level 5:colcon.colcon_core.verb:set package 'mir_msgs' build argument 'cmake_args' from command line to 'None'
[0.241s] Level 5:colcon.colcon_core.verb:set package 'mir_msgs' build argument 'cmake_target' from command line to 'None'
[0.241s] Level 5:colcon.colcon_core.verb:set package 'mir_msgs' build argument 'cmake_target_skip_unavailable' from command line to 'False'
[0.241s] Level 5:colcon.colcon_core.verb:set package 'mir_msgs' build argument 'cmake_clean_cache' from command line to 'False'
[0.241s] Level 5:colcon.colcon_core.verb:set package 'mir_msgs' build argument 'cmake_clean_first' from command line to 'False'
[0.241s] Level 5:colcon.colcon_core.verb:set package 'mir_msgs' build argument 'cmake_force_configure' from command line to 'False'
[0.241s] Level 5:colcon.colcon_core.verb:set package 'mir_msgs' build argument 'ament_cmake_args' from command line to 'None'
[0.241s] Level 5:colcon.colcon_core.verb:set package 'mir_msgs' build argument 'catkin_cmake_args' from command line to 'None'
[0.241s] Level 5:colcon.colcon_core.verb:set package 'mir_msgs' build argument 'catkin_skip_building_tests' from command line to 'False'
[0.241s] DEBUG:colcon.colcon_core.verb:Building package 'mir_msgs' with the following arguments: {'ament_cmake_args': None, 'build_base': '/home/basmala/mir250_ws/src/MiR250/MIR_250/build/mir_msgs', 'catkin_cmake_args': None, 'catkin_skip_building_tests': False, 'cmake_args': None, 'cmake_clean_cache': False, 'cmake_clean_first': False, 'cmake_force_configure': False, 'cmake_target': None, 'cmake_target_skip_unavailable': False, 'install_base': '/home/basmala/mir250_ws/src/MiR250/MIR_250/install/mir_msgs', 'merge_install': False, 'path': '/home/basmala/mir250_ws/src/MiR250/MIR_250/mir_msgs', 'symlink_install': False, 'test_result_base': None}
[0.241s] Level 5:colcon.colcon_core.verb:set package 'mir_restapi' build argument 'cmake_args' from command line to 'None'
[0.241s] Level 5:colcon.colcon_core.verb:set package 'mir_restapi' build argument 'cmake_target' from command line to 'None'
[0.241s] Level 5:colcon.colcon_core.verb:set package 'mir_restapi' build argument 'cmake_target_skip_unavailable' from command line to 'False'
[0.241s] Level 5:colcon.colcon_core.verb:set package 'mir_restapi' build argument 'cmake_clean_cache' from command line to 'False'
[0.241s] Level 5:colcon.colcon_core.verb:set package 'mir_restapi' build argument 'cmake_clean_first' from command line to 'False'
[0.241s] Level 5:colcon.colcon_core.verb:set package 'mir_restapi' build argument 'cmake_force_configure' from command line to 'False'
[0.241s] Level 5:colcon.colcon_core.verb:set package 'mir_restapi' build argument 'ament_cmake_args' from command line to 'None'
[0.241s] Level 5:colcon.colcon_core.verb:set package 'mir_restapi' build argument 'catkin_cmake_args' from command line to 'None'
[0.242s] Level 5:colcon.colcon_core.verb:set package 'mir_restapi' build argument 'catkin_skip_building_tests' from command line to 'False'
[0.242s] DEBUG:colcon.colcon_core.verb:Building package 'mir_restapi' with the following arguments: {'ament_cmake_args': None, 'build_base': '/home/basmala/mir250_ws/src/MiR250/MIR_250/build/mir_restapi', 'catkin_cmake_args': None, 'catkin_skip_building_tests': False, 'cmake_args': None, 'cmake_clean_cache': False, 'cmake_clean_first': False, 'cmake_force_configure': False, 'cmake_target': None, 'cmake_target_skip_unavailable': False, 'install_base': '/home/basmala/mir250_ws/src/MiR250/MIR_250/install/mir_restapi', 'merge_install': False, 'path': '/home/basmala/mir250_ws/src/MiR250/MIR_250/mir_restapi', 'symlink_install': False, 'test_result_base': None}
[0.242s] Level 5:colcon.colcon_core.verb:set package 'sdc21x0' build argument 'cmake_args' from command line to 'None'
[0.242s] Level 5:colcon.colcon_core.verb:set package 'sdc21x0' build argument 'cmake_target' from command line to 'None'
[0.242s] Level 5:colcon.colcon_core.verb:set package 'sdc21x0' build argument 'cmake_target_skip_unavailable' from command line to 'False'
[0.242s] Level 5:colcon.colcon_core.verb:set package 'sdc21x0' build argument 'cmake_clean_cache' from command line to 'False'
[0.242s] Level 5:colcon.colcon_core.verb:set package 'sdc21x0' build argument 'cmake_clean_first' from command line to 'False'
[0.242s] Level 5:colcon.colcon_core.verb:set package 'sdc21x0' build argument 'cmake_force_configure' from command line to 'False'
[0.242s] Level 5:colcon.colcon_core.verb:set package 'sdc21x0' build argument 'ament_cmake_args' from command line to 'None'
[0.242s] Level 5:colcon.colcon_core.verb:set package 'sdc21x0' build argument 'catkin_cmake_args' from command line to 'None'
[0.242s] Level 5:colcon.colcon_core.verb:set package 'sdc21x0' build argument 'catkin_skip_building_tests' from command line to 'False'
[0.242s] DEBUG:colcon.colcon_core.verb:Building package 'sdc21x0' with the following arguments: {'ament_cmake_args': None, 'build_base': '/home/basmala/mir250_ws/src/MiR250/MIR_250/build/sdc21x0', 'catkin_cmake_args': None, 'catkin_skip_building_tests': False, 'cmake_args': None, 'cmake_clean_cache': False, 'cmake_clean_first': False, 'cmake_force_configure': False, 'cmake_target': None, 'cmake_target_skip_unavailable': False, 'install_base': '/home/basmala/mir250_ws/src/MiR250/MIR_250/install/sdc21x0', 'merge_install': False, 'path': '/home/basmala/mir250_ws/src/MiR250/MIR_250/sdc21x0', 'symlink_install': False, 'test_result_base': None}
[0.242s] Level 5:colcon.colcon_core.verb:set package 'sensors_launcher_mir_250' build argument 'cmake_args' from command line to 'None'
[0.242s] Level 5:colcon.colcon_core.verb:set package 'sensors_launcher_mir_250' build argument 'cmake_target' from command line to 'None'
[0.242s] Level 5:colcon.colcon_core.verb:set package 'sensors_launcher_mir_250' build argument 'cmake_target_skip_unavailable' from command line to 'False'
[0.242s] Level 5:colcon.colcon_core.verb:set package 'sensors_launcher_mir_250' build argument 'cmake_clean_cache' from command line to 'False'
[0.242s] Level 5:colcon.colcon_core.verb:set package 'sensors_launcher_mir_250' build argument 'cmake_clean_first' from command line to 'False'
[0.242s] Level 5:colcon.colcon_core.verb:set package 'sensors_launcher_mir_250' build argument 'cmake_force_configure' from command line to 'False'
[0.242s] Level 5:colcon.colcon_core.verb:set package 'sensors_launcher_mir_250' build argument 'ament_cmake_args' from command line to 'None'
[0.242s] Level 5:colcon.colcon_core.verb:set package 'sensors_launcher_mir_250' build argument 'catkin_cmake_args' from command line to 'None'
[0.242s] Level 5:colcon.colcon_core.verb:set package 'sensors_launcher_mir_250' build argument 'catkin_skip_building_tests' from command line to 'False'
[0.242s] DEBUG:colcon.colcon_core.verb:Building package 'sensors_launcher_mir_250' with the following arguments: {'ament_cmake_args': None, 'build_base': '/home/basmala/mir250_ws/src/MiR250/MIR_250/build/sensors_launcher_mir_250', 'catkin_cmake_args': None, 'catkin_skip_building_tests': False, 'cmake_args': None, 'cmake_clean_cache': False, 'cmake_clean_first': False, 'cmake_force_configure': False, 'cmake_target': None, 'cmake_target_skip_unavailable': False, 'install_base': '/home/basmala/mir250_ws/src/MiR250/MIR_250/install/sensors_launcher_mir_250', 'merge_install': False, 'path': '/home/basmala/mir250_ws/src/MiR250/MIR_250/sensors_launcher_mir_250', 'symlink_install': False, 'test_result_base': None}
[0.242s] Level 5:colcon.colcon_core.verb:set package 'mir_driver' build argument 'cmake_args' from command line to 'None'
[0.242s] Level 5:colcon.colcon_core.verb:set package 'mir_driver' build argument 'cmake_target' from command line to 'None'
[0.242s] Level 5:colcon.colcon_core.verb:set package 'mir_driver' build argument 'cmake_target_skip_unavailable' from command line to 'False'
[0.242s] Level 5:colcon.colcon_core.verb:set package 'mir_driver' build argument 'cmake_clean_cache' from command line to 'False'
[0.242s] Level 5:colcon.colcon_core.verb:set package 'mir_driver' build argument 'cmake_clean_first' from command line to 'False'
[0.242s] Level 5:colcon.colcon_core.verb:set package 'mir_driver' build argument 'cmake_force_configure' from command line to 'False'
[0.242s] Level 5:colcon.colcon_core.verb:set package 'mir_driver' build argument 'ament_cmake_args' from command line to 'None'
[0.242s] Level 5:colcon.colcon_core.verb:set package 'mir_driver' build argument 'catkin_cmake_args' from command line to 'None'
[0.242s] Level 5:colcon.colcon_core.verb:set package 'mir_driver' build argument 'catkin_skip_building_tests' from command line to 'False'
[0.242s] DEBUG:colcon.colcon_core.verb:Building package 'mir_driver' with the following arguments: {'ament_cmake_args': None, 'build_base': '/home/basmala/mir250_ws/src/MiR250/MIR_250/build/mir_driver', 'catkin_cmake_args': None, 'catkin_skip_building_tests': False, 'cmake_args': None, 'cmake_clean_cache': False, 'cmake_clean_first': False, 'cmake_force_configure': False, 'cmake_target': None, 'cmake_target_skip_unavailable': False, 'install_base': '/home/basmala/mir250_ws/src/MiR250/MIR_250/install/mir_driver', 'merge_install': False, 'path': '/home/basmala/mir250_ws/src/MiR250/MIR_250/mir_driver', 'symlink_install': False, 'test_result_base': None}
[0.243s] Level 5:colcon.colcon_core.verb:set package 'graph_based_navigation_system' build argument 'cmake_args' from command line to 'None'
[0.243s] Level 5:colcon.colcon_core.verb:set package 'graph_based_navigation_system' build argument 'cmake_target' from command line to 'None'
[0.243s] Level 5:colcon.colcon_core.verb:set package 'graph_based_navigation_system' build argument 'cmake_target_skip_unavailable' from command line to 'False'
[0.243s] Level 5:colcon.colcon_core.verb:set package 'graph_based_navigation_system' build argument 'cmake_clean_cache' from command line to 'False'
[0.243s] Level 5:colcon.colcon_core.verb:set package 'graph_based_navigation_system' build argument 'cmake_clean_first' from command line to 'False'
[0.243s] Level 5:colcon.colcon_core.verb:set package 'graph_based_navigation_system' build argument 'cmake_force_configure' from command line to 'False'
[0.243s] Level 5:colcon.colcon_core.verb:set package 'graph_based_navigation_system' build argument 'ament_cmake_args' from command line to 'None'
[0.243s] Level 5:colcon.colcon_core.verb:set package 'graph_based_navigation_system' build argument 'catkin_cmake_args' from command line to 'None'
[0.243s] Level 5:colcon.colcon_core.verb:set package 'graph_based_navigation_system' build argument 'catkin_skip_building_tests' from command line to 'False'
[0.243s] DEBUG:colcon.colcon_core.verb:Building package 'graph_based_navigation_system' with the following arguments: {'ament_cmake_args': None, 'build_base': '/home/basmala/mir250_ws/src/MiR250/MIR_250/build/graph_based_navigation_system', 'catkin_cmake_args': None, 'catkin_skip_building_tests': False, 'cmake_args': None, 'cmake_clean_cache': False, 'cmake_clean_first': False, 'cmake_force_configure': False, 'cmake_target': None, 'cmake_target_skip_unavailable': False, 'install_base': '/home/basmala/mir250_ws/src/MiR250/MIR_250/install/graph_based_navigation_system', 'merge_install': False, 'path': '/home/basmala/mir250_ws/src/MiR250/MIR_250/graph_based_navigation_system', 'symlink_install': False, 'test_result_base': None}
[0.243s] Level 5:colcon.colcon_core.verb:set package 'mir_manual_navigation' build argument 'cmake_args' from command line to 'None'
[0.243s] Level 5:colcon.colcon_core.verb:set package 'mir_manual_navigation' build argument 'cmake_target' from command line to 'None'
[0.243s] Level 5:colcon.colcon_core.verb:set package 'mir_manual_navigation' build argument 'cmake_target_skip_unavailable' from command line to 'False'
[0.243s] Level 5:colcon.colcon_core.verb:set package 'mir_manual_navigation' build argument 'cmake_clean_cache' from command line to 'False'
[0.243s] Level 5:colcon.colcon_core.verb:set package 'mir_manual_navigation' build argument 'cmake_clean_first' from command line to 'False'
[0.243s] Level 5:colcon.colcon_core.verb:set package 'mir_manual_navigation' build argument 'cmake_force_configure' from command line to 'False'
[0.243s] Level 5:colcon.colcon_core.verb:set package 'mir_manual_navigation' build argument 'ament_cmake_args' from command line to 'None'
[0.243s] Level 5:colcon.colcon_core.verb:set package 'mir_manual_navigation' build argument 'catkin_cmake_args' from command line to 'None'
[0.243s] Level 5:colcon.colcon_core.verb:set package 'mir_manual_navigation' build argument 'catkin_skip_building_tests' from command line to 'False'
[0.243s] DEBUG:colcon.colcon_core.verb:Building package 'mir_manual_navigation' with the following arguments: {'ament_cmake_args': None, 'build_base': '/home/basmala/mir250_ws/src/MiR250/MIR_250/build/mir_manual_navigation', 'catkin_cmake_args': None, 'catkin_skip_building_tests': False, 'cmake_args': None, 'cmake_clean_cache': False, 'cmake_clean_first': False, 'cmake_force_configure': False, 'cmake_target': None, 'cmake_target_skip_unavailable': False, 'install_base': '/home/basmala/mir250_ws/src/MiR250/MIR_250/install/mir_manual_navigation', 'merge_install': False, 'path': '/home/basmala/mir250_ws/src/MiR250/MIR_250/mir_manual_navigation', 'symlink_install': False, 'test_result_base': None}
[0.243s] Level 5:colcon.colcon_core.verb:set package 'mir_navigation' build argument 'cmake_args' from command line to 'None'
[0.243s] Level 5:colcon.colcon_core.verb:set package 'mir_navigation' build argument 'cmake_target' from command line to 'None'
[0.243s] Level 5:colcon.colcon_core.verb:set package 'mir_navigation' build argument 'cmake_target_skip_unavailable' from command line to 'False'
[0.243s] Level 5:colcon.colcon_core.verb:set package 'mir_navigation' build argument 'cmake_clean_cache' from command line to 'False'
[0.243s] Level 5:colcon.colcon_core.verb:set package 'mir_navigation' build argument 'cmake_clean_first' from command line to 'False'
[0.243s] Level 5:colcon.colcon_core.verb:set package 'mir_navigation' build argument 'cmake_force_configure' from command line to 'False'
[0.243s] Level 5:colcon.colcon_core.verb:set package 'mir_navigation' build argument 'ament_cmake_args' from command line to 'None'
[0.243s] Level 5:colcon.colcon_core.verb:set package 'mir_navigation' build argument 'catkin_cmake_args' from command line to 'None'
[0.243s] Level 5:colcon.colcon_core.verb:set package 'mir_navigation' build argument 'catkin_skip_building_tests' from command line to 'False'
[0.243s] DEBUG:colcon.colcon_core.verb:Building package 'mir_navigation' with the following arguments: {'ament_cmake_args': None, 'build_base': '/home/basmala/mir250_ws/src/MiR250/MIR_250/build/mir_navigation', 'catkin_cmake_args': None, 'catkin_skip_building_tests': False, 'cmake_args': None, 'cmake_clean_cache': False, 'cmake_clean_first': False, 'cmake_force_configure': False, 'cmake_target': None, 'cmake_target_skip_unavailable': False, 'install_base': '/home/basmala/mir250_ws/src/MiR250/MIR_250/install/mir_navigation', 'merge_install': False, 'path': '/home/basmala/mir250_ws/src/MiR250/MIR_250/mir_navigation', 'symlink_install': False, 'test_result_base': None}
[0.244s] INFO:colcon.colcon_core.executor:Executing jobs using 'parallel' executor
[0.245s] DEBUG:colcon.colcon_parallel_executor.executor.parallel:run_until_complete
[0.245s] INFO:colcon.colcon_ros.task.ament_cmake.build:Building ROS package in '/home/basmala/mir250_ws/src/MiR250/MIR_250/mir_description' with build type 'ament_cmake'
[0.246s] INFO:colcon.colcon_cmake.task.cmake.build:Building CMake package in '/home/basmala/mir250_ws/src/MiR250/MIR_250/mir_description'
[0.248s] INFO:colcon.colcon_core.plugin_system:Skipping extension 'colcon_core.shell.bat': Not used on non-Windows systems
[0.248s] INFO:colcon.colcon_core.shell:Skip shell extension 'powershell' for command environment: Not usable outside of PowerShell
[0.248s] DEBUG:colcon.colcon_core.shell:Skip shell extension 'dsv' for command environment
[0.251s] INFO:colcon.colcon_ros.task.ament_cmake.build:Building ROS package in '/home/basmala/mir250_ws/src/MiR250/MIR_250/mir_msgs' with build type 'ament_cmake'
[0.251s] INFO:colcon.colcon_cmake.task.cmake.build:Building CMake package in '/home/basmala/mir250_ws/src/MiR250/MIR_250/mir_msgs'
[0.251s] INFO:colcon.colcon_core.shell:Skip shell extension 'powershell' for command environment: Not usable outside of PowerShell
[0.251s] DEBUG:colcon.colcon_core.shell:Skip shell extension 'dsv' for command environment
[0.255s] INFO:colcon.colcon_ros.task.ament_cmake.build:Building ROS package in '/home/basmala/mir250_ws/src/MiR250/MIR_250/mir_actions' with build type 'ament_cmake'
[0.255s] INFO:colcon.colcon_cmake.task.cmake.build:Building CMake package in '/home/basmala/mir250_ws/src/MiR250/MIR_250/mir_actions'
[0.255s] INFO:colcon.colcon_core.shell:Skip shell extension 'powershell' for command environment: Not usable outside of PowerShell
[0.255s] DEBUG:colcon.colcon_core.shell:Skip shell extension 'dsv' for command environment
[0.259s] INFO:colcon.colcon_ros.task.ament_python.build:Building ROS package in '/home/basmala/mir250_ws/src/MiR250/MIR_250/mir_restapi' with build type 'ament_python'
[0.260s] Level 1:colcon.colcon_core.shell:create_environment_hook('mir_restapi', 'ament_prefix_path')
[0.260s] INFO:colcon.colcon_core.shell:Creating environment hook '/home/basmala/mir250_ws/src/MiR250/MIR_250/install/mir_restapi/share/mir_restapi/hook/ament_prefix_path.ps1'
[0.261s] INFO:colcon.colcon_core.shell:Creating environment descriptor '/home/basmala/mir250_ws/src/MiR250/MIR_250/install/mir_restapi/share/mir_restapi/hook/ament_prefix_path.dsv'
[0.261s] INFO:colcon.colcon_core.shell:Creating environment hook '/home/basmala/mir250_ws/src/MiR250/MIR_250/install/mir_restapi/share/mir_restapi/hook/ament_prefix_path.sh'
[0.262s] INFO:colcon.colcon_core.shell:Skip shell extension 'powershell' for command environment: Not usable outside of PowerShell
[0.262s] DEBUG:colcon.colcon_core.shell:Skip shell extension 'dsv' for command environment
[0.266s] INFO:colcon.colcon_ros.task.ament_cmake.build:Building ROS package in '/home/basmala/mir250_ws/src/MiR250/MIR_250/sdc21x0' with build type 'ament_cmake'
[0.266s] INFO:colcon.colcon_cmake.task.cmake.build:Building CMake package in '/home/basmala/mir250_ws/src/MiR250/MIR_250/sdc21x0'
[0.266s] INFO:colcon.colcon_core.shell:Skip shell extension 'powershell' for command environment: Not usable outside of PowerShell
[0.267s] DEBUG:colcon.colcon_core.shell:Skip shell extension 'dsv' for command environment
[0.271s] INFO:colcon.colcon_ros.task.ament_cmake.build:Building ROS package in '/home/basmala/mir250_ws/src/MiR250/MIR_250/sensors_launcher_mir_250' with build type 'ament_cmake'
[0.271s] INFO:colcon.colcon_cmake.task.cmake.build:Building CMake package in '/home/basmala/mir250_ws/src/MiR250/MIR_250/sensors_launcher_mir_250'
[0.271s] INFO:colcon.colcon_core.shell:Skip shell extension 'powershell' for command environment: Not usable outside of PowerShell
[0.271s] DEBUG:colcon.colcon_core.shell:Skip shell extension 'dsv' for command environment
[0.279s] DEBUG:colcon.colcon_core.event_handler.log_command:Invoking command in '/home/basmala/mir250_ws/src/MiR250/MIR_250/build/mir_description': CMAKE_PREFIX_PATH=${CMAKE_PREFIX_PATH}:/home/basmala/mir250_ws/src/MiR250/MIR_250/install/mir_restapi:/home/basmala/mir250_ws/src/MiR250/MIR_250/install/mir_manual_navigation:/home/basmala/mir250_ws/src/MiR250/MIR_250/install/graph_based_navigation_system:/home/basmala/mir250_ws/src/MiR250/MIR_250/install/mir_driver:/home/basmala/mir250_ws/install/mir_restapi:/home/basmala/mir250_ws/install/mir_manual_navigation:/home/basmala/mir250_ws/install/graph_based_navigation_system:/home/basmala/mir250_ws/install/mir_driver:/opt/ros/humble /usr/bin/cmake /home/basmala/mir250_ws/src/MiR250/MIR_250/mir_description -DCMAKE_INSTALL_PREFIX=/home/basmala/mir250_ws/src/MiR250/MIR_250/install/mir_description
[0.286s] DEBUG:colcon.colcon_core.event_handler.log_command:Invoking command in '/home/basmala/mir250_ws/src/MiR250/MIR_250/build/mir_msgs': CMAKE_PREFIX_PATH=${CMAKE_PREFIX_PATH}:/home/basmala/mir250_ws/src/MiR250/MIR_250/install/mir_restapi:/home/basmala/mir250_ws/src/MiR250/MIR_250/install/mir_manual_navigation:/home/basmala/mir250_ws/src/MiR250/MIR_250/install/graph_based_navigation_system:/home/basmala/mir250_ws/src/MiR250/MIR_250/install/mir_driver:/home/basmala/mir250_ws/install/mir_restapi:/home/basmala/mir250_ws/install/mir_manual_navigation:/home/basmala/mir250_ws/install/graph_based_navigation_system:/home/basmala/mir250_ws/install/mir_driver:/opt/ros/humble /usr/bin/cmake /home/basmala/mir250_ws/src/MiR250/MIR_250/mir_msgs -DCMAKE_INSTALL_PREFIX=/home/basmala/mir250_ws/src/MiR250/MIR_250/install/mir_msgs
[0.287s] DEBUG:colcon.colcon_core.event_handler.log_command:Invoking command in '/home/basmala/mir250_ws/src/MiR250/MIR_250/build/mir_actions': CMAKE_PREFIX_PATH=${CMAKE_PREFIX_PATH}:/home/basmala/mir250_ws/src/MiR250/MIR_250/install/mir_restapi:/home/basmala/mir250_ws/src/MiR250/MIR_250/install/mir_manual_navigation:/home/basmala/mir250_ws/src/MiR250/MIR_250/install/graph_based_navigation_system:/home/basmala/mir250_ws/src/MiR250/MIR_250/install/mir_driver:/home/basmala/mir250_ws/install/mir_restapi:/home/basmala/mir250_ws/install/mir_manual_navigation:/home/basmala/mir250_ws/install/graph_based_navigation_system:/home/basmala/mir250_ws/install/mir_driver:/opt/ros/humble /usr/bin/cmake /home/basmala/mir250_ws/src/MiR250/MIR_250/mir_actions -DCMAKE_INSTALL_PREFIX=/home/basmala/mir250_ws/src/MiR250/MIR_250/install/mir_actions
[0.548s] INFO:colcon.colcon_core.task.python.build:Building Python package in '/home/basmala/mir250_ws/src/MiR250/MIR_250/mir_restapi'
[0.548s] INFO:colcon.colcon_core.shell:Skip shell extension 'powershell' for command environment: Not usable outside of PowerShell
[0.548s] DEBUG:colcon.colcon_core.shell:Skip shell extension 'dsv' for command environment
[0.558s] DEBUG:colcon.colcon_core.event_handler.log_command:Invoking command in '/home/basmala/mir250_ws/src/MiR250/MIR_250/build/sdc21x0': CMAKE_PREFIX_PATH=${CMAKE_PREFIX_PATH}:/home/basmala/mir250_ws/src/MiR250/MIR_250/install/mir_restapi:/home/basmala/mir250_ws/src/MiR250/MIR_250/install/mir_manual_navigation:/home/basmala/mir250_ws/src/MiR250/MIR_250/install/graph_based_navigation_system:/home/basmala/mir250_ws/src/MiR250/MIR_250/install/mir_driver:/home/basmala/mir250_ws/install/mir_restapi:/home/basmala/mir250_ws/install/mir_manual_navigation:/home/basmala/mir250_ws/install/graph_based_navigation_system:/home/basmala/mir250_ws/install/mir_driver:/opt/ros/humble /usr/bin/cmake /home/basmala/mir250_ws/src/MiR250/MIR_250/sdc21x0 -DCMAKE_INSTALL_PREFIX=/home/basmala/mir250_ws/src/MiR250/MIR_250/install/sdc21x0
[0.569s] DEBUG:colcon.colcon_core.event_handler.log_command:Invoking command in '/home/basmala/mir250_ws/src/MiR250/MIR_250/build/sensors_launcher_mir_250': CMAKE_PREFIX_PATH=${CMAKE_PREFIX_PATH}:/home/basmala/mir250_ws/src/MiR250/MIR_250/install/mir_restapi:/home/basmala/mir250_ws/src/MiR250/MIR_250/install/mir_manual_navigation:/home/basmala/mir250_ws/src/MiR250/MIR_250/install/graph_based_navigation_system:/home/basmala/mir250_ws/src/MiR250/MIR_250/install/mir_driver:/home/basmala/mir250_ws/install/mir_restapi:/home/basmala/mir250_ws/install/mir_manual_navigation:/home/basmala/mir250_ws/install/graph_based_navigation_system:/home/basmala/mir250_ws/install/mir_driver:/opt/ros/humble /usr/bin/cmake /home/basmala/mir250_ws/src/MiR250/MIR_250/sensors_launcher_mir_250 -DCMAKE_INSTALL_PREFIX=/home/basmala/mir250_ws/src/MiR250/MIR_250/install/sensors_launcher_mir_250
[1.192s] DEBUG:colcon.colcon_core.task.python.build:Available setuptools commands: check, register, install_scripts, install_lib, dist_info, develop, build_ext, bdist_dumb, bdist_egg, upload_docs, setopt, bdist, rotate, test, upload, easy_install, clean, install_egg_info, install_headers, install_data, sdist, alias, install, build_py, egg_info, build_scripts, bdist_wheel, build, symlink_data, build_clib, saveopts, bdist_rpm
[1.199s] DEBUG:colcon.colcon_core.event_handler.log_command:Invoking command in '/home/basmala/mir250_ws/src/MiR250/MIR_250/mir_restapi': PYTHONPATH=/home/basmala/mir250_ws/src/MiR250/MIR_250/build/mir_restapi/prefix_override:/usr/lib/python3/dist-packages/colcon_core/task/python/colcon_distutils_commands:/home/basmala/mir250_ws/src/MiR250/MIR_250/install/mir_restapi/lib/python3.10/site-packages:${PYTHONPATH} /usr/bin/python3 -W ignore:setup.py install is deprecated -W ignore:easy_install command is deprecated setup.py egg_info --egg-base ../build/mir_restapi build --build-base /home/basmala/mir250_ws/src/MiR250/MIR_250/build/mir_restapi/build install --record /home/basmala/mir250_ws/src/MiR250/MIR_250/build/mir_restapi/install.log --install-scripts $base/lib/mir_restapi --single-version-externally-managed install_data
[1.677s] DEBUG:colcon.colcon_core.event_handler.log_command:Invoked command in '/home/basmala/mir250_ws/src/MiR250/MIR_250/mir_restapi' returned '0': PYTHONPATH=/home/basmala/mir250_ws/src/MiR250/MIR_250/build/mir_restapi/prefix_override:/usr/lib/python3/dist-packages/colcon_core/task/python/colcon_distutils_commands:/home/basmala/mir250_ws/src/MiR250/MIR_250/install/mir_restapi/lib/python3.10/site-packages:${PYTHONPATH} /usr/bin/python3 -W ignore:setup.py install is deprecated -W ignore:easy_install command is deprecated setup.py egg_info --egg-base ../build/mir_restapi build --build-base /home/basmala/mir250_ws/src/MiR250/MIR_250/build/mir_restapi/build install --record /home/basmala/mir250_ws/src/MiR250/MIR_250/build/mir_restapi/install.log --install-scripts $base/lib/mir_restapi --single-version-externally-managed install_data
[1.682s] Level 1:colcon.colcon_core.environment:checking '/home/basmala/mir250_ws/src/MiR250/MIR_250/install/mir_restapi' for CMake module files
[1.683s] Level 1:colcon.colcon_core.environment:checking '/home/basmala/mir250_ws/src/MiR250/MIR_250/install/mir_restapi' for CMake config files
[1.684s] Level 1:colcon.colcon_core.environment:checking '/home/basmala/mir250_ws/src/MiR250/MIR_250/install/mir_restapi/lib'
[1.684s] Level 1:colcon.colcon_core.environment:checking '/home/basmala/mir250_ws/src/MiR250/MIR_250/install/mir_restapi/bin'
[1.685s] Level 1:colcon.colcon_core.environment:checking '/home/basmala/mir250_ws/src/MiR250/MIR_250/install/mir_restapi/lib/pkgconfig/mir_restapi.pc'
[1.685s] Level 1:colcon.colcon_core.environment:checking '/home/basmala/mir250_ws/src/MiR250/MIR_250/install/mir_restapi/lib/python3.10/site-packages'
[1.685s] Level 1:colcon.colcon_core.shell:create_environment_hook('mir_restapi', 'pythonpath')
[1.686s] INFO:colcon.colcon_core.shell:Creating environment hook '/home/basmala/mir250_ws/src/MiR250/MIR_250/install/mir_restapi/share/mir_restapi/hook/pythonpath.ps1'
[1.686s] INFO:colcon.colcon_core.shell:Creating environment descriptor '/home/basmala/mir250_ws/src/MiR250/MIR_250/install/mir_restapi/share/mir_restapi/hook/pythonpath.dsv'
[1.686s] INFO:colcon.colcon_core.shell:Creating environment hook '/home/basmala/mir250_ws/src/MiR250/MIR_250/install/mir_restapi/share/mir_restapi/hook/pythonpath.sh'
[1.687s] Level 1:colcon.colcon_core.environment:checking '/home/basmala/mir250_ws/src/MiR250/MIR_250/install/mir_restapi/bin'
[1.687s] Level 1:colcon.colcon_core.environment:create_environment_scripts_only(mir_restapi)
[1.688s] INFO:colcon.colcon_core.shell:Creating package script '/home/basmala/mir250_ws/src/MiR250/MIR_250/install/mir_restapi/share/mir_restapi/package.ps1'
[1.690s] INFO:colcon.colcon_core.shell:Creating package descriptor '/home/basmala/mir250_ws/src/MiR250/MIR_250/install/mir_restapi/share/mir_restapi/package.dsv'
[1.690s] INFO:colcon.colcon_core.shell:Creating package script '/home/basmala/mir250_ws/src/MiR250/MIR_250/install/mir_restapi/share/mir_restapi/package.sh'
[1.691s] INFO:colcon.colcon_core.shell:Creating package script '/home/basmala/mir250_ws/src/MiR250/MIR_250/install/mir_restapi/share/mir_restapi/package.bash'
[1.693s] INFO:colcon.colcon_core.shell:Creating package script '/home/basmala/mir250_ws/src/MiR250/MIR_250/install/mir_restapi/share/mir_restapi/package.zsh'
[1.694s] Level 1:colcon.colcon_core.environment:create_file_with_runtime_dependencies(/home/basmala/mir250_ws/src/MiR250/MIR_250/install/mir_restapi/share/colcon-core/packages/mir_restapi)
[2.625s] DEBUG:colcon.colcon_core.event_handler.log_command:Invoked command in '/home/basmala/mir250_ws/src/MiR250/MIR_250/build/mir_description' returned '0': CMAKE_PREFIX_PATH=${CMAKE_PREFIX_PATH}:/home/basmala/mir250_ws/src/MiR250/MIR_250/install/mir_restapi:/home/basmala/mir250_ws/src/MiR250/MIR_250/install/mir_manual_navigation:/home/basmala/mir250_ws/src/MiR250/MIR_250/install/graph_based_navigation_system:/home/basmala/mir250_ws/src/MiR250/MIR_250/install/mir_driver:/home/basmala/mir250_ws/install/mir_restapi:/home/basmala/mir250_ws/install/mir_manual_navigation:/home/basmala/mir250_ws/install/graph_based_navigation_system:/home/basmala/mir250_ws/install/mir_driver:/opt/ros/humble /usr/bin/cmake /home/basmala/mir250_ws/src/MiR250/MIR_250/mir_description -DCMAKE_INSTALL_PREFIX=/home/basmala/mir250_ws/src/MiR250/MIR_250/install/mir_description
[2.627s] DEBUG:colcon.colcon_core.event_handler.log_command:Invoking command in '/home/basmala/mir250_ws/src/MiR250/MIR_250/build/mir_description': CMAKE_PREFIX_PATH=${CMAKE_PREFIX_PATH}:/home/basmala/mir250_ws/src/MiR250/MIR_250/install/mir_restapi:/home/basmala/mir250_ws/src/MiR250/MIR_250/install/mir_manual_navigation:/home/basmala/mir250_ws/src/MiR250/MIR_250/install/graph_based_navigation_system:/home/basmala/mir250_ws/src/MiR250/MIR_250/install/mir_driver:/home/basmala/mir250_ws/install/mir_restapi:/home/basmala/mir250_ws/install/mir_manual_navigation:/home/basmala/mir250_ws/install/graph_based_navigation_system:/home/basmala/mir250_ws/install/mir_driver:/opt/ros/humble /usr/bin/cmake --build /home/basmala/mir250_ws/src/MiR250/MIR_250/build/mir_description -- -j20 -l20
[2.686s] DEBUG:colcon.colcon_core.event_handler.log_command:Invoked command in '/home/basmala/mir250_ws/src/MiR250/MIR_250/build/mir_description' returned '0': CMAKE_PREFIX_PATH=${CMAKE_PREFIX_PATH}:/home/basmala/mir250_ws/src/MiR250/MIR_250/install/mir_restapi:/home/basmala/mir250_ws/src/MiR250/MIR_250/install/mir_manual_navigation:/home/basmala/mir250_ws/src/MiR250/MIR_250/install/graph_based_navigation_system:/home/basmala/mir250_ws/src/MiR250/MIR_250/install/mir_driver:/home/basmala/mir250_ws/install/mir_restapi:/home/basmala/mir250_ws/install/mir_manual_navigation:/home/basmala/mir250_ws/install/graph_based_navigation_system:/home/basmala/mir250_ws/install/mir_driver:/opt/ros/humble /usr/bin/cmake --build /home/basmala/mir250_ws/src/MiR250/MIR_250/build/mir_description -- -j20 -l20
[2.701s] DEBUG:colcon.colcon_core.event_handler.log_command:Invoking command in '/home/basmala/mir250_ws/src/MiR250/MIR_250/build/mir_description': CMAKE_PREFIX_PATH=${CMAKE_PREFIX_PATH}:/home/basmala/mir250_ws/src/MiR250/MIR_250/install/mir_restapi:/home/basmala/mir250_ws/src/MiR250/MIR_250/install/mir_manual_navigation:/home/basmala/mir250_ws/src/MiR250/MIR_250/install/graph_based_navigation_system:/home/basmala/mir250_ws/src/MiR250/MIR_250/install/mir_driver:/home/basmala/mir250_ws/install/mir_restapi:/home/basmala/mir250_ws/install/mir_manual_navigation:/home/basmala/mir250_ws/install/graph_based_navigation_system:/home/basmala/mir250_ws/install/mir_driver:/opt/ros/humble /usr/bin/cmake --install /home/basmala/mir250_ws/src/MiR250/MIR_250/build/mir_description
[2.742s] Level 1:colcon.colcon_core.environment:create_environment_scripts_only(mir_description)
[2.743s] Level 1:colcon.colcon_core.environment:checking '/home/basmala/mir250_ws/src/MiR250/MIR_250/install/mir_description' for CMake module files
[2.743s] DEBUG:colcon.colcon_core.event_handler.log_command:Invoked command in '/home/basmala/mir250_ws/src/MiR250/MIR_250/build/mir_description' returned '0': CMAKE_PREFIX_PATH=${CMAKE_PREFIX_PATH}:/home/basmala/mir250_ws/src/MiR250/MIR_250/install/mir_restapi:/home/basmala/mir250_ws/src/MiR250/MIR_250/install/mir_manual_navigation:/home/basmala/mir250_ws/src/MiR250/MIR_250/install/graph_based_navigation_system:/home/basmala/mir250_ws/src/MiR250/MIR_250/install/mir_driver:/home/basmala/mir250_ws/install/mir_restapi:/home/basmala/mir250_ws/install/mir_manual_navigation:/home/basmala/mir250_ws/install/graph_based_navigation_system:/home/basmala/mir250_ws/install/mir_driver:/opt/ros/humble /usr/bin/cmake --install /home/basmala/mir250_ws/src/MiR250/MIR_250/build/mir_description
[2.744s] Level 1:colcon.colcon_core.environment:checking '/home/basmala/mir250_ws/src/MiR250/MIR_250/install/mir_description' for CMake config files
[2.744s] Level 1:colcon.colcon_core.shell:create_environment_hook('mir_description', 'cmake_prefix_path')
[2.745s] INFO:colcon.colcon_core.shell:Creating environment hook '/home/basmala/mir250_ws/src/MiR250/MIR_250/install/mir_description/share/mir_description/hook/cmake_prefix_path.ps1'
[2.745s] INFO:colcon.colcon_core.shell:Creating environment descriptor '/home/basmala/mir250_ws/src/MiR250/MIR_250/install/mir_description/share/mir_description/hook/cmake_prefix_path.dsv'
[2.746s] INFO:colcon.colcon_core.shell:Creating environment hook '/home/basmala/mir250_ws/src/MiR250/MIR_250/install/mir_description/share/mir_description/hook/cmake_prefix_path.sh'
[2.747s] Level 1:colcon.colcon_core.environment:checking '/home/basmala/mir250_ws/src/MiR250/MIR_250/install/mir_description/bin'
[2.747s] Level 1:colcon.colcon_core.environment:checking '/home/basmala/mir250_ws/src/MiR250/MIR_250/install/mir_description/lib/pkgconfig/mir_description.pc'
[2.747s] Level 1:colcon.colcon_core.environment:checking '/home/basmala/mir250_ws/src/MiR250/MIR_250/install/mir_description/lib/python3.10/site-packages'
[2.748s] Level 1:colcon.colcon_core.environment:checking '/home/basmala/mir250_ws/src/MiR250/MIR_250/install/mir_description/bin'
[2.748s] INFO:colcon.colcon_core.shell:Creating package script '/home/basmala/mir250_ws/src/MiR250/MIR_250/install/mir_description/share/mir_description/package.ps1'
[2.749s] INFO:colcon.colcon_core.shell:Creating package descriptor '/home/basmala/mir250_ws/src/MiR250/MIR_250/install/mir_description/share/mir_description/package.dsv'
[2.750s] INFO:colcon.colcon_core.shell:Creating package script '/home/basmala/mir250_ws/src/MiR250/MIR_250/install/mir_description/share/mir_description/package.sh'
[2.750s] INFO:colcon.colcon_core.shell:Creating package script '/home/basmala/mir250_ws/src/MiR250/MIR_250/install/mir_description/share/mir_description/package.bash'
[2.751s] INFO:colcon.colcon_core.shell:Creating package script '/home/basmala/mir250_ws/src/MiR250/MIR_250/install/mir_description/share/mir_description/package.zsh'
[2.751s] Level 1:colcon.colcon_core.environment:create_file_with_runtime_dependencies(/home/basmala/mir250_ws/src/MiR250/MIR_250/install/mir_description/share/colcon-core/packages/mir_description)
[2.752s] Level 1:colcon.colcon_core.environment:create_environment_scripts_only(mir_description)
[2.752s] Level 1:colcon.colcon_core.environment:checking '/home/basmala/mir250_ws/src/MiR250/MIR_250/install/mir_description' for CMake module files
[2.752s] Level 1:colcon.colcon_core.environment:checking '/home/basmala/mir250_ws/src/MiR250/MIR_250/install/mir_description' for CMake config files
[2.753s] Level 1:colcon.colcon_core.shell:create_environment_hook('mir_description', 'cmake_prefix_path')
[2.753s] INFO:colcon.colcon_core.shell:Creating environment hook '/home/basmala/mir250_ws/src/MiR250/MIR_250/install/mir_description/share/mir_description/hook/cmake_prefix_path.ps1'
[2.753s] INFO:colcon.colcon_core.shell:Creating environment descriptor '/home/basmala/mir250_ws/src/MiR250/MIR_250/install/mir_description/share/mir_description/hook/cmake_prefix_path.dsv'
[2.754s] INFO:colcon.colcon_core.shell:Creating environment hook '/home/basmala/mir250_ws/src/MiR250/MIR_250/install/mir_description/share/mir_description/hook/cmake_prefix_path.sh'
[2.754s] Level 1:colcon.colcon_core.environment:checking '/home/basmala/mir250_ws/src/MiR250/MIR_250/install/mir_description/bin'
[2.754s] Level 1:colcon.colcon_core.environment:checking '/home/basmala/mir250_ws/src/MiR250/MIR_250/install/mir_description/lib/pkgconfig/mir_description.pc'
[2.754s] Level 1:colcon.colcon_core.environment:checking '/home/basmala/mir250_ws/src/MiR250/MIR_250/install/mir_description/lib/python3.10/site-packages'
[2.755s] Level 1:colcon.colcon_core.environment:checking '/home/basmala/mir250_ws/src/MiR250/MIR_250/install/mir_description/bin'
[2.755s] INFO:colcon.colcon_core.shell:Creating package script '/home/basmala/mir250_ws/src/MiR250/MIR_250/install/mir_description/share/mir_description/package.ps1'
[2.756s] INFO:colcon.colcon_core.shell:Creating package descriptor '/home/basmala/mir250_ws/src/MiR250/MIR_250/install/mir_description/share/mir_description/package.dsv'
[2.757s] INFO:colcon.colcon_core.shell:Creating package script '/home/basmala/mir250_ws/src/MiR250/MIR_250/install/mir_description/share/mir_description/package.sh'
[2.757s] INFO:colcon.colcon_core.shell:Creating package script '/home/basmala/mir250_ws/src/MiR250/MIR_250/install/mir_description/share/mir_description/package.bash'
[2.758s] INFO:colcon.colcon_core.shell:Creating package script '/home/basmala/mir250_ws/src/MiR250/MIR_250/install/mir_description/share/mir_description/package.zsh'
[2.758s] Level 1:colcon.colcon_core.environment:create_file_with_runtime_dependencies(/home/basmala/mir250_ws/src/MiR250/MIR_250/install/mir_description/share/colcon-core/packages/mir_description)
[3.198s] DEBUG:colcon.colcon_core.event_handler.log_command:Invoked command in '/home/basmala/mir250_ws/src/MiR250/MIR_250/build/sdc21x0' returned '0': CMAKE_PREFIX_PATH=${CMAKE_PREFIX_PATH}:/home/basmala/mir250_ws/src/MiR250/MIR_250/install/mir_restapi:/home/basmala/mir250_ws/src/MiR250/MIR_250/install/mir_manual_navigation:/home/basmala/mir250_ws/src/MiR250/MIR_250/install/graph_based_navigation_system:/home/basmala/mir250_ws/src/MiR250/MIR_250/install/mir_driver:/home/basmala/mir250_ws/install/mir_restapi:/home/basmala/mir250_ws/install/mir_manual_navigation:/home/basmala/mir250_ws/install/graph_based_navigation_system:/home/basmala/mir250_ws/install/mir_driver:/opt/ros/humble /usr/bin/cmake /home/basmala/mir250_ws/src/MiR250/MIR_250/sdc21x0 -DCMAKE_INSTALL_PREFIX=/home/basmala/mir250_ws/src/MiR250/MIR_250/install/sdc21x0
[3.199s] DEBUG:colcon.colcon_core.event_handler.log_command:Invoking command in '/home/basmala/mir250_ws/src/MiR250/MIR_250/build/sdc21x0': CMAKE_PREFIX_PATH=${CMAKE_PREFIX_PATH}:/home/basmala/mir250_ws/src/MiR250/MIR_250/install/mir_restapi:/home/basmala/mir250_ws/src/MiR250/MIR_250/install/mir_manual_navigation:/home/basmala/mir250_ws/src/MiR250/MIR_250/install/graph_based_navigation_system:/home/basmala/mir250_ws/src/MiR250/MIR_250/install/mir_driver:/home/basmala/mir250_ws/install/mir_restapi:/home/basmala/mir250_ws/install/mir_manual_navigation:/home/basmala/mir250_ws/install/graph_based_navigation_system:/home/basmala/mir250_ws/install/mir_driver:/opt/ros/humble /usr/bin/cmake --build /home/basmala/mir250_ws/src/MiR250/MIR_250/build/sdc21x0 -- -j20 -l20
[3.480s] DEBUG:colcon.colcon_core.event_handler.log_command:Invoked command in '/home/basmala/mir250_ws/src/MiR250/MIR_250/build/mir_actions' returned '0': CMAKE_PREFIX_PATH=${CMAKE_PREFIX_PATH}:/home/basmala/mir250_ws/src/MiR250/MIR_250/install/mir_restapi:/home/basmala/mir250_ws/src/MiR250/MIR_250/install/mir_manual_navigation:/home/basmala/mir250_ws/src/MiR250/MIR_250/install/graph_based_navigation_system:/home/basmala/mir250_ws/src/MiR250/MIR_250/install/mir_driver:/home/basmala/mir250_ws/install/mir_restapi:/home/basmala/mir250_ws/install/mir_manual_navigation:/home/basmala/mir250_ws/install/graph_based_navigation_system:/home/basmala/mir250_ws/install/mir_driver:/opt/ros/humble /usr/bin/cmake /home/basmala/mir250_ws/src/MiR250/MIR_250/mir_actions -DCMAKE_INSTALL_PREFIX=/home/basmala/mir250_ws/src/MiR250/MIR_250/install/mir_actions
[3.480s] DEBUG:colcon.colcon_core.event_handler.log_command:Invoking command in '/home/basmala/mir250_ws/src/MiR250/MIR_250/build/mir_actions': CMAKE_PREFIX_PATH=${CMAKE_PREFIX_PATH}:/home/basmala/mir250_ws/src/MiR250/MIR_250/install/mir_restapi:/home/basmala/mir250_ws/src/MiR250/MIR_250/install/mir_manual_navigation:/home/basmala/mir250_ws/src/MiR250/MIR_250/install/graph_based_navigation_system:/home/basmala/mir250_ws/src/MiR250/MIR_250/install/mir_driver:/home/basmala/mir250_ws/install/mir_restapi:/home/basmala/mir250_ws/install/mir_manual_navigation:/home/basmala/mir250_ws/install/graph_based_navigation_system:/home/basmala/mir250_ws/install/mir_driver:/opt/ros/humble /usr/bin/cmake --build /home/basmala/mir250_ws/src/MiR250/MIR_250/build/mir_actions -- -j20 -l20
[3.896s] DEBUG:colcon.colcon_core.event_handler.log_command:Invoked command in '/home/basmala/mir250_ws/src/MiR250/MIR_250/build/mir_msgs' returned '0': CMAKE_PREFIX_PATH=${CMAKE_PREFIX_PATH}:/home/basmala/mir250_ws/src/MiR250/MIR_250/install/mir_restapi:/home/basmala/mir250_ws/src/MiR250/MIR_250/install/mir_manual_navigation:/home/basmala/mir250_ws/src/MiR250/MIR_250/install/graph_based_navigation_system:/home/basmala/mir250_ws/src/MiR250/MIR_250/install/mir_driver:/home/basmala/mir250_ws/install/mir_restapi:/home/basmala/mir250_ws/install/mir_manual_navigation:/home/basmala/mir250_ws/install/graph_based_navigation_system:/home/basmala/mir250_ws/install/mir_driver:/opt/ros/humble /usr/bin/cmake /home/basmala/mir250_ws/src/MiR250/MIR_250/mir_msgs -DCMAKE_INSTALL_PREFIX=/home/basmala/mir250_ws/src/MiR250/MIR_250/install/mir_msgs
[3.899s] DEBUG:colcon.colcon_core.event_handler.log_command:Invoking command in '/home/basmala/mir250_ws/src/MiR250/MIR_250/build/mir_msgs': CMAKE_PREFIX_PATH=${CMAKE_PREFIX_PATH}:/home/basmala/mir250_ws/src/MiR250/MIR_250/install/mir_restapi:/home/basmala/mir250_ws/src/MiR250/MIR_250/install/mir_manual_navigation:/home/basmala/mir250_ws/src/MiR250/MIR_250/install/graph_based_navigation_system:/home/basmala/mir250_ws/src/MiR250/MIR_250/install/mir_driver:/home/basmala/mir250_ws/install/mir_restapi:/home/basmala/mir250_ws/install/mir_manual_navigation:/home/basmala/mir250_ws/install/graph_based_navigation_system:/home/basmala/mir250_ws/install/mir_driver:/opt/ros/humble /usr/bin/cmake --build /home/basmala/mir250_ws/src/MiR250/MIR_250/build/mir_msgs -- -j20 -l20
[7.324s] DEBUG:colcon.colcon_core.event_handler.log_command:Invoked command in '/home/basmala/mir250_ws/src/MiR250/MIR_250/build/sensors_launcher_mir_250' returned '0': CMAKE_PREFIX_PATH=${CMAKE_PREFIX_PATH}:/home/basmala/mir250_ws/src/MiR250/MIR_250/install/mir_restapi:/home/basmala/mir250_ws/src/MiR250/MIR_250/install/mir_manual_navigation:/home/basmala/mir250_ws/src/MiR250/MIR_250/install/graph_based_navigation_system:/home/basmala/mir250_ws/src/MiR250/MIR_250/install/mir_driver:/home/basmala/mir250_ws/install/mir_restapi:/home/basmala/mir250_ws/install/mir_manual_navigation:/home/basmala/mir250_ws/install/graph_based_navigation_system:/home/basmala/mir250_ws/install/mir_driver:/opt/ros/humble /usr/bin/cmake /home/basmala/mir250_ws/src/MiR250/MIR_250/sensors_launcher_mir_250 -DCMAKE_INSTALL_PREFIX=/home/basmala/mir250_ws/src/MiR250/MIR_250/install/sensors_launcher_mir_250
[7.328s] DEBUG:colcon.colcon_core.event_handler.log_command:Invoking command in '/home/basmala/mir250_ws/src/MiR250/MIR_250/build/sensors_launcher_mir_250': CMAKE_PREFIX_PATH=${CMAKE_PREFIX_PATH}:/home/basmala/mir250_ws/src/MiR250/MIR_250/install/mir_restapi:/home/basmala/mir250_ws/src/MiR250/MIR_250/install/mir_manual_navigation:/home/basmala/mir250_ws/src/MiR250/MIR_250/install/graph_based_navigation_system:/home/basmala/mir250_ws/src/MiR250/MIR_250/install/mir_driver:/home/basmala/mir250_ws/install/mir_restapi:/home/basmala/mir250_ws/install/mir_manual_navigation:/home/basmala/mir250_ws/install/graph_based_navigation_system:/home/basmala/mir250_ws/install/mir_driver:/opt/ros/humble /usr/bin/cmake --build /home/basmala/mir250_ws/src/MiR250/MIR_250/build/sensors_launcher_mir_250 -- -j20 -l20
[7.802s] DEBUG:colcon.colcon_core.event_handler.log_command:Invoked command in '/home/basmala/mir250_ws/src/MiR250/MIR_250/build/sdc21x0' returned '0': CMAKE_PREFIX_PATH=${CMAKE_PREFIX_PATH}:/home/basmala/mir250_ws/src/MiR250/MIR_250/install/mir_restapi:/home/basmala/mir250_ws/src/MiR250/MIR_250/install/mir_manual_navigation:/home/basmala/mir250_ws/src/MiR250/MIR_250/install/graph_based_navigation_system:/home/basmala/mir250_ws/src/MiR250/MIR_250/install/mir_driver:/home/basmala/mir250_ws/install/mir_restapi:/home/basmala/mir250_ws/install/mir_manual_navigation:/home/basmala/mir250_ws/install/graph_based_navigation_system:/home/basmala/mir250_ws/install/mir_driver:/opt/ros/humble /usr/bin/cmake --build /home/basmala/mir250_ws/src/MiR250/MIR_250/build/sdc21x0 -- -j20 -l20
[7.806s] DEBUG:colcon.colcon_core.event_handler.log_command:Invoking command in '/home/basmala/mir250_ws/src/MiR250/MIR_250/build/sdc21x0': CMAKE_PREFIX_PATH=${CMAKE_PREFIX_PATH}:/home/basmala/mir250_ws/src/MiR250/MIR_250/install/mir_restapi:/home/basmala/mir250_ws/src/MiR250/MIR_250/install/mir_manual_navigation:/home/basmala/mir250_ws/src/MiR250/MIR_250/install/graph_based_navigation_system:/home/basmala/mir250_ws/src/MiR250/MIR_250/install/mir_driver:/home/basmala/mir250_ws/install/mir_restapi:/home/basmala/mir250_ws/install/mir_manual_navigation:/home/basmala/mir250_ws/install/graph_based_navigation_system:/home/basmala/mir250_ws/install/mir_driver:/opt/ros/humble /usr/bin/cmake --install /home/basmala/mir250_ws/src/MiR250/MIR_250/build/sdc21x0
[7.934s] Level 1:colcon.colcon_core.environment:create_environment_scripts_only(sdc21x0)
[7.935s] Level 1:colcon.colcon_core.environment:checking '/home/basmala/mir250_ws/src/MiR250/MIR_250/install/sdc21x0' for CMake module files
[7.936s] DEBUG:colcon.colcon_core.event_handler.log_command:Invoked command in '/home/basmala/mir250_ws/src/MiR250/MIR_250/build/sdc21x0' returned '0': CMAKE_PREFIX_PATH=${CMAKE_PREFIX_PATH}:/home/basmala/mir250_ws/src/MiR250/MIR_250/install/mir_restapi:/home/basmala/mir250_ws/src/MiR250/MIR_250/install/mir_manual_navigation:/home/basmala/mir250_ws/src/MiR250/MIR_250/install/graph_based_navigation_system:/home/basmala/mir250_ws/src/MiR250/MIR_250/install/mir_driver:/home/basmala/mir250_ws/install/mir_restapi:/home/basmala/mir250_ws/install/mir_manual_navigation:/home/basmala/mir250_ws/install/graph_based_navigation_system:/home/basmala/mir250_ws/install/mir_driver:/opt/ros/humble /usr/bin/cmake --install /home/basmala/mir250_ws/src/MiR250/MIR_250/build/sdc21x0
[7.937s] Level 1:colcon.colcon_core.environment:checking '/home/basmala/mir250_ws/src/MiR250/MIR_250/install/sdc21x0' for CMake config files
[7.938s] Level 1:colcon.colcon_core.shell:create_environment_hook('sdc21x0', 'cmake_prefix_path')
[7.939s] INFO:colcon.colcon_core.shell:Creating environment hook '/home/basmala/mir250_ws/src/MiR250/MIR_250/install/sdc21x0/share/sdc21x0/hook/cmake_prefix_path.ps1'
[7.940s] INFO:colcon.colcon_core.shell:Creating environment descriptor '/home/basmala/mir250_ws/src/MiR250/MIR_250/install/sdc21x0/share/sdc21x0/hook/cmake_prefix_path.dsv'
[7.940s] INFO:colcon.colcon_core.shell:Creating environment hook '/home/basmala/mir250_ws/src/MiR250/MIR_250/install/sdc21x0/share/sdc21x0/hook/cmake_prefix_path.sh'
[7.941s] Level 1:colcon.colcon_core.environment:checking '/home/basmala/mir250_ws/src/MiR250/MIR_250/install/sdc21x0/lib'
[7.941s] Level 1:colcon.colcon_core.shell:create_environment_hook('sdc21x0', 'ld_library_path_lib')
[7.942s] INFO:colcon.colcon_core.shell:Creating environment hook '/home/basmala/mir250_ws/src/MiR250/MIR_250/install/sdc21x0/share/sdc21x0/hook/ld_library_path_lib.ps1'
[7.942s] INFO:colcon.colcon_core.shell:Creating environment descriptor '/home/basmala/mir250_ws/src/MiR250/MIR_250/install/sdc21x0/share/sdc21x0/hook/ld_library_path_lib.dsv'
[7.943s] INFO:colcon.colcon_core.shell:Creating environment hook '/home/basmala/mir250_ws/src/MiR250/MIR_250/install/sdc21x0/share/sdc21x0/hook/ld_library_path_lib.sh'
[7.943s] Level 1:colcon.colcon_core.environment:checking '/home/basmala/mir250_ws/src/MiR250/MIR_250/install/sdc21x0/bin'
[7.943s] Level 1:colcon.colcon_core.environment:checking '/home/basmala/mir250_ws/src/MiR250/MIR_250/install/sdc21x0/lib/pkgconfig/sdc21x0.pc'
[7.943s] Level 1:colcon.colcon_core.environment:checking '/home/basmala/mir250_ws/src/MiR250/MIR_250/install/sdc21x0/lib/python3.10/site-packages'
[7.944s] Level 1:colcon.colcon_core.environment:checking '/home/basmala/mir250_ws/src/MiR250/MIR_250/install/sdc21x0/bin'
[7.944s] INFO:colcon.colcon_core.shell:Creating package script '/home/basmala/mir250_ws/src/MiR250/MIR_250/install/sdc21x0/share/sdc21x0/package.ps1'
[7.945s] INFO:colcon.colcon_core.shell:Creating package descriptor '/home/basmala/mir250_ws/src/MiR250/MIR_250/install/sdc21x0/share/sdc21x0/package.dsv'
[7.946s] INFO:colcon.colcon_core.shell:Creating package script '/home/basmala/mir250_ws/src/MiR250/MIR_250/install/sdc21x0/share/sdc21x0/package.sh'
[7.946s] INFO:colcon.colcon_core.shell:Creating package script '/home/basmala/mir250_ws/src/MiR250/MIR_250/install/sdc21x0/share/sdc21x0/package.bash'
[7.947s] INFO:colcon.colcon_core.shell:Creating package script '/home/basmala/mir250_ws/src/MiR250/MIR_250/install/sdc21x0/share/sdc21x0/package.zsh'
[7.947s] Level 1:colcon.colcon_core.environment:create_file_with_runtime_dependencies(/home/basmala/mir250_ws/src/MiR250/MIR_250/install/sdc21x0/share/colcon-core/packages/sdc21x0)
[7.948s] Level 1:colcon.colcon_core.environment:create_environment_scripts_only(sdc21x0)
[7.948s] Level 1:colcon.colcon_core.environment:checking '/home/basmala/mir250_ws/src/MiR250/MIR_250/install/sdc21x0' for CMake module files
[7.949s] Level 1:colcon.colcon_core.environment:checking '/home/basmala/mir250_ws/src/MiR250/MIR_250/install/sdc21x0' for CMake config files
[7.950s] Level 1:colcon.colcon_core.shell:create_environment_hook('sdc21x0', 'cmake_prefix_path')
[7.950s] INFO:colcon.colcon_core.shell:Creating environment hook '/home/basmala/mir250_ws/src/MiR250/MIR_250/install/sdc21x0/share/sdc21x0/hook/cmake_prefix_path.ps1'
[7.951s] INFO:colcon.colcon_core.shell:Creating environment descriptor '/home/basmala/mir250_ws/src/MiR250/MIR_250/install/sdc21x0/share/sdc21x0/hook/cmake_prefix_path.dsv'
[7.951s] INFO:colcon.colcon_core.shell:Creating environment hook '/home/basmala/mir250_ws/src/MiR250/MIR_250/install/sdc21x0/share/sdc21x0/hook/cmake_prefix_path.sh'
[7.952s] Level 1:colcon.colcon_core.environment:checking '/home/basmala/mir250_ws/src/MiR250/MIR_250/install/sdc21x0/lib'
[7.952s] Level 1:colcon.colcon_core.shell:create_environment_hook('sdc21x0', 'ld_library_path_lib')
[7.952s] INFO:colcon.colcon_core.shell:Creating environment hook '/home/basmala/mir250_ws/src/MiR250/MIR_250/install/sdc21x0/share/sdc21x0/hook/ld_library_path_lib.ps1'
[7.953s] INFO:colcon.colcon_core.shell:Creating environment descriptor '/home/basmala/mir250_ws/src/MiR250/MIR_250/install/sdc21x0/share/sdc21x0/hook/ld_library_path_lib.dsv'
[7.953s] INFO:colcon.colcon_core.shell:Creating environment hook '/home/basmala/mir250_ws/src/MiR250/MIR_250/install/sdc21x0/share/sdc21x0/hook/ld_library_path_lib.sh'
[7.954s] Level 1:colcon.colcon_core.environment:checking '/home/basmala/mir250_ws/src/MiR250/MIR_250/install/sdc21x0/bin'
[7.954s] Level 1:colcon.colcon_core.environment:checking '/home/basmala/mir250_ws/src/MiR250/MIR_250/install/sdc21x0/lib/pkgconfig/sdc21x0.pc'
[7.954s] Level 1:colcon.colcon_core.environment:checking '/home/basmala/mir250_ws/src/MiR250/MIR_250/install/sdc21x0/lib/python3.10/site-packages'
[7.955s] Level 1:colcon.colcon_core.environment:checking '/home/basmala/mir250_ws/src/MiR250/MIR_250/install/sdc21x0/bin'
[7.955s] INFO:colcon.colcon_core.shell:Creating package script '/home/basmala/mir250_ws/src/MiR250/MIR_250/install/sdc21x0/share/sdc21x0/package.ps1'
[7.956s] INFO:colcon.colcon_core.shell:Creating package descriptor '/home/basmala/mir250_ws/src/MiR250/MIR_250/install/sdc21x0/share/sdc21x0/package.dsv'
[7.956s] INFO:colcon.colcon_core.shell:Creating package script '/home/basmala/mir250_ws/src/MiR250/MIR_250/install/sdc21x0/share/sdc21x0/package.sh'
[7.957s] INFO:colcon.colcon_core.shell:Creating package script '/home/basmala/mir250_ws/src/MiR250/MIR_250/install/sdc21x0/share/sdc21x0/package.bash'
[7.957s] INFO:colcon.colcon_core.shell:Creating package script '/home/basmala/mir250_ws/src/MiR250/MIR_250/install/sdc21x0/share/sdc21x0/package.zsh'
[7.958s] Level 1:colcon.colcon_core.environment:create_file_with_runtime_dependencies(/home/basmala/mir250_ws/src/MiR250/MIR_250/install/sdc21x0/share/colcon-core/packages/sdc21x0)
[11.850s] DEBUG:colcon.colcon_core.event_handler.log_command:Invoked command in '/home/basmala/mir250_ws/src/MiR250/MIR_250/build/mir_actions' returned '0': CMAKE_PREFIX_PATH=${CMAKE_PREFIX_PATH}:/home/basmala/mir250_ws/src/MiR250/MIR_250/install/mir_restapi:/home/basmala/mir250_ws/src/MiR250/MIR_250/install/mir_manual_navigation:/home/basmala/mir250_ws/src/MiR250/MIR_250/install/graph_based_navigation_system:/home/basmala/mir250_ws/src/MiR250/MIR_250/install/mir_driver:/home/basmala/mir250_ws/install/mir_restapi:/home/basmala/mir250_ws/install/mir_manual_navigation:/home/basmala/mir250_ws/install/graph_based_navigation_system:/home/basmala/mir250_ws/install/mir_driver:/opt/ros/humble /usr/bin/cmake --build /home/basmala/mir250_ws/src/MiR250/MIR_250/build/mir_actions -- -j20 -l20
[11.853s] DEBUG:colcon.colcon_core.event_handler.log_command:Invoking command in '/home/basmala/mir250_ws/src/MiR250/MIR_250/build/mir_actions': CMAKE_PREFIX_PATH=${CMAKE_PREFIX_PATH}:/home/basmala/mir250_ws/src/MiR250/MIR_250/install/mir_restapi:/home/basmala/mir250_ws/src/MiR250/MIR_250/install/mir_manual_navigation:/home/basmala/mir250_ws/src/MiR250/MIR_250/install/graph_based_navigation_system:/home/basmala/mir250_ws/src/MiR250/MIR_250/install/mir_driver:/home/basmala/mir250_ws/install/mir_restapi:/home/basmala/mir250_ws/install/mir_manual_navigation:/home/basmala/mir250_ws/install/graph_based_navigation_system:/home/basmala/mir250_ws/install/mir_driver:/opt/ros/humble /usr/bin/cmake --install /home/basmala/mir250_ws/src/MiR250/MIR_250/build/mir_actions
[11.985s] Level 1:colcon.colcon_core.environment:create_environment_scripts_only(mir_actions)
[11.985s] Level 1:colcon.colcon_core.environment:checking '/home/basmala/mir250_ws/src/MiR250/MIR_250/install/mir_actions' for CMake module files
[11.986s] DEBUG:colcon.colcon_core.event_handler.log_command:Invoked command in '/home/basmala/mir250_ws/src/MiR250/MIR_250/build/mir_actions' returned '0': CMAKE_PREFIX_PATH=${CMAKE_PREFIX_PATH}:/home/basmala/mir250_ws/src/MiR250/MIR_250/install/mir_restapi:/home/basmala/mir250_ws/src/MiR250/MIR_250/install/mir_manual_navigation:/home/basmala/mir250_ws/src/MiR250/MIR_250/install/graph_based_navigation_system:/home/basmala/mir250_ws/src/MiR250/MIR_250/install/mir_driver:/home/basmala/mir250_ws/install/mir_restapi:/home/basmala/mir250_ws/install/mir_manual_navigation:/home/basmala/mir250_ws/install/graph_based_navigation_system:/home/basmala/mir250_ws/install/mir_driver:/opt/ros/humble /usr/bin/cmake --install /home/basmala/mir250_ws/src/MiR250/MIR_250/build/mir_actions
[11.988s] Level 1:colcon.colcon_core.environment:checking '/home/basmala/mir250_ws/src/MiR250/MIR_250/install/mir_actions' for CMake config files
[11.989s] Level 1:colcon.colcon_core.shell:create_environment_hook('mir_actions', 'cmake_prefix_path')
[11.990s] INFO:colcon.colcon_core.shell:Creating environment hook '/home/basmala/mir250_ws/src/MiR250/MIR_250/install/mir_actions/share/mir_actions/hook/cmake_prefix_path.ps1'
[11.991s] INFO:colcon.colcon_core.shell:Creating environment descriptor '/home/basmala/mir250_ws/src/MiR250/MIR_250/install/mir_actions/share/mir_actions/hook/cmake_prefix_path.dsv'
[11.992s] INFO:colcon.colcon_core.shell:Creating environment hook '/home/basmala/mir250_ws/src/MiR250/MIR_250/install/mir_actions/share/mir_actions/hook/cmake_prefix_path.sh'
[11.993s] Level 1:colcon.colcon_core.environment:checking '/home/basmala/mir250_ws/src/MiR250/MIR_250/install/mir_actions/lib'
[11.993s] Level 1:colcon.colcon_core.shell:create_environment_hook('mir_actions', 'ld_library_path_lib')
[11.993s] INFO:colcon.colcon_core.shell:Creating environment hook '/home/basmala/mir250_ws/src/MiR250/MIR_250/install/mir_actions/share/mir_actions/hook/ld_library_path_lib.ps1'
[11.994s] INFO:colcon.colcon_core.shell:Creating environment descriptor '/home/basmala/mir250_ws/src/MiR250/MIR_250/install/mir_actions/share/mir_actions/hook/ld_library_path_lib.dsv'
[11.995s] INFO:colcon.colcon_core.shell:Creating environment hook '/home/basmala/mir250_ws/src/MiR250/MIR_250/install/mir_actions/share/mir_actions/hook/ld_library_path_lib.sh'
[11.995s] Level 1:colcon.colcon_core.environment:checking '/home/basmala/mir250_ws/src/MiR250/MIR_250/install/mir_actions/bin'
[11.996s] Level 1:colcon.colcon_core.environment:checking '/home/basmala/mir250_ws/src/MiR250/MIR_250/install/mir_actions/lib/pkgconfig/mir_actions.pc'
[11.996s] Level 1:colcon.colcon_core.environment:checking '/home/basmala/mir250_ws/src/MiR250/MIR_250/install/mir_actions/lib/python3.10/site-packages'
[11.997s] Level 1:colcon.colcon_core.environment:checking '/home/basmala/mir250_ws/src/MiR250/MIR_250/install/mir_actions/bin'
[11.998s] INFO:colcon.colcon_core.shell:Creating package script '/home/basmala/mir250_ws/src/MiR250/MIR_250/install/mir_actions/share/mir_actions/package.ps1'
[11.999s] INFO:colcon.colcon_core.shell:Creating package descriptor '/home/basmala/mir250_ws/src/MiR250/MIR_250/install/mir_actions/share/mir_actions/package.dsv'
[12.000s] INFO:colcon.colcon_core.shell:Creating package script '/home/basmala/mir250_ws/src/MiR250/MIR_250/install/mir_actions/share/mir_actions/package.sh'
[12.001s] INFO:colcon.colcon_core.shell:Creating package script '/home/basmala/mir250_ws/src/MiR250/MIR_250/install/mir_actions/share/mir_actions/package.bash'
[12.001s] INFO:colcon.colcon_core.shell:Creating package script '/home/basmala/mir250_ws/src/MiR250/MIR_250/install/mir_actions/share/mir_actions/package.zsh'
[12.002s] Level 1:colcon.colcon_core.environment:create_file_with_runtime_dependencies(/home/basmala/mir250_ws/src/MiR250/MIR_250/install/mir_actions/share/colcon-core/packages/mir_actions)
[12.004s] Level 1:colcon.colcon_core.environment:create_environment_scripts_only(mir_actions)
[12.004s] Level 1:colcon.colcon_core.environment:checking '/home/basmala/mir250_ws/src/MiR250/MIR_250/install/mir_actions' for CMake module files
[12.006s] Level 1:colcon.colcon_core.environment:checking '/home/basmala/mir250_ws/src/MiR250/MIR_250/install/mir_actions' for CMake config files
[12.007s] Level 1:colcon.colcon_core.shell:create_environment_hook('mir_actions', 'cmake_prefix_path')
[12.008s] INFO:colcon.colcon_core.shell:Creating environment hook '/home/basmala/mir250_ws/src/MiR250/MIR_250/install/mir_actions/share/mir_actions/hook/cmake_prefix_path.ps1'
[12.009s] INFO:colcon.colcon_core.shell:Creating environment descriptor '/home/basmala/mir250_ws/src/MiR250/MIR_250/install/mir_actions/share/mir_actions/hook/cmake_prefix_path.dsv'
[12.010s] INFO:colcon.colcon_core.shell:Creating environment hook '/home/basmala/mir250_ws/src/MiR250/MIR_250/install/mir_actions/share/mir_actions/hook/cmake_prefix_path.sh'
[12.012s] Level 1:colcon.colcon_core.environment:checking '/home/basmala/mir250_ws/src/MiR250/MIR_250/install/mir_actions/lib'
[12.012s] Level 1:colcon.colcon_core.shell:create_environment_hook('mir_actions', 'ld_library_path_lib')
[12.012s] INFO:colcon.colcon_core.shell:Creating environment hook '/home/basmala/mir250_ws/src/MiR250/MIR_250/install/mir_actions/share/mir_actions/hook/ld_library_path_lib.ps1'
[12.013s] INFO:colcon.colcon_core.shell:Creating environment descriptor '/home/basmala/mir250_ws/src/MiR250/MIR_250/install/mir_actions/share/mir_actions/hook/ld_library_path_lib.dsv'
[12.014s] INFO:colcon.colcon_core.shell:Creating environment hook '/home/basmala/mir250_ws/src/MiR250/MIR_250/install/mir_actions/share/mir_actions/hook/ld_library_path_lib.sh'
[12.015s] Level 1:colcon.colcon_core.environment:checking '/home/basmala/mir250_ws/src/MiR250/MIR_250/install/mir_actions/bin'
[12.016s] Level 1:colcon.colcon_core.environment:checking '/home/basmala/mir250_ws/src/MiR250/MIR_250/install/mir_actions/lib/pkgconfig/mir_actions.pc'
[12.016s] Level 1:colcon.colcon_core.environment:checking '/home/basmala/mir250_ws/src/MiR250/MIR_250/install/mir_actions/lib/python3.10/site-packages'
[12.017s] Level 1:colcon.colcon_core.environment:checking '/home/basmala/mir250_ws/src/MiR250/MIR_250/install/mir_actions/bin'
[12.018s] INFO:colcon.colcon_core.shell:Creating package script '/home/basmala/mir250_ws/src/MiR250/MIR_250/install/mir_actions/share/mir_actions/package.ps1'
[12.019s] INFO:colcon.colcon_core.shell:Creating package descriptor '/home/basmala/mir250_ws/src/MiR250/MIR_250/install/mir_actions/share/mir_actions/package.dsv'
[12.020s] INFO:colcon.colcon_core.shell:Creating package script '/home/basmala/mir250_ws/src/MiR250/MIR_250/install/mir_actions/share/mir_actions/package.sh'
[12.021s] INFO:colcon.colcon_core.shell:Creating package script '/home/basmala/mir250_ws/src/MiR250/MIR_250/install/mir_actions/share/mir_actions/package.bash'
[12.022s] INFO:colcon.colcon_core.shell:Creating package script '/home/basmala/mir250_ws/src/MiR250/MIR_250/install/mir_actions/share/mir_actions/package.zsh'
[12.022s] Level 1:colcon.colcon_core.environment:create_file_with_runtime_dependencies(/home/basmala/mir250_ws/src/MiR250/MIR_250/install/mir_actions/share/colcon-core/packages/mir_actions)
[33.315s] DEBUG:colcon.colcon_core.event_handler.log_command:Invoked command in '/home/basmala/mir250_ws/src/MiR250/MIR_250/build/mir_msgs' returned '0': CMAKE_PREFIX_PATH=${CMAKE_PREFIX_PATH}:/home/basmala/mir250_ws/src/MiR250/MIR_250/install/mir_restapi:/home/basmala/mir250_ws/src/MiR250/MIR_250/install/mir_manual_navigation:/home/basmala/mir250_ws/src/MiR250/MIR_250/install/graph_based_navigation_system:/home/basmala/mir250_ws/src/MiR250/MIR_250/install/mir_driver:/home/basmala/mir250_ws/install/mir_restapi:/home/basmala/mir250_ws/install/mir_manual_navigation:/home/basmala/mir250_ws/install/graph_based_navigation_system:/home/basmala/mir250_ws/install/mir_driver:/opt/ros/humble /usr/bin/cmake --build /home/basmala/mir250_ws/src/MiR250/MIR_250/build/mir_msgs -- -j20 -l20
[33.317s] DEBUG:colcon.colcon_core.event_handler.log_command:Invoking command in '/home/basmala/mir250_ws/src/MiR250/MIR_250/build/mir_msgs': CMAKE_PREFIX_PATH=${CMAKE_PREFIX_PATH}:/home/basmala/mir250_ws/src/MiR250/MIR_250/install/mir_restapi:/home/basmala/mir250_ws/src/MiR250/MIR_250/install/mir_manual_navigation:/home/basmala/mir250_ws/src/MiR250/MIR_250/install/graph_based_navigation_system:/home/basmala/mir250_ws/src/MiR250/MIR_250/install/mir_driver:/home/basmala/mir250_ws/install/mir_restapi:/home/basmala/mir250_ws/install/mir_manual_navigation:/home/basmala/mir250_ws/install/graph_based_navigation_system:/home/basmala/mir250_ws/install/mir_driver:/opt/ros/humble /usr/bin/cmake --install /home/basmala/mir250_ws/src/MiR250/MIR_250/build/mir_msgs
[33.649s] Level 1:colcon.colcon_core.environment:create_environment_scripts_only(mir_msgs)
[33.649s] Level 1:colcon.colcon_core.environment:checking '/home/basmala/mir250_ws/src/MiR250/MIR_250/install/mir_msgs' for CMake module files
[33.650s] DEBUG:colcon.colcon_core.event_handler.log_command:Invoked command in '/home/basmala/mir250_ws/src/MiR250/MIR_250/build/mir_msgs' returned '0': CMAKE_PREFIX_PATH=${CMAKE_PREFIX_PATH}:/home/basmala/mir250_ws/src/MiR250/MIR_250/install/mir_restapi:/home/basmala/mir250_ws/src/MiR250/MIR_250/install/mir_manual_navigation:/home/basmala/mir250_ws/src/MiR250/MIR_250/install/graph_based_navigation_system:/home/basmala/mir250_ws/src/MiR250/MIR_250/install/mir_driver:/home/basmala/mir250_ws/install/mir_restapi:/home/basmala/mir250_ws/install/mir_manual_navigation:/home/basmala/mir250_ws/install/graph_based_navigation_system:/home/basmala/mir250_ws/install/mir_driver:/opt/ros/humble /usr/bin/cmake --install /home/basmala/mir250_ws/src/MiR250/MIR_250/build/mir_msgs
[33.651s] Level 1:colcon.colcon_core.environment:checking '/home/basmala/mir250_ws/src/MiR250/MIR_250/install/mir_msgs' for CMake config files
[33.653s] Level 1:colcon.colcon_core.shell:create_environment_hook('mir_msgs', 'cmake_prefix_path')
[33.653s] INFO:colcon.colcon_core.shell:Creating environment hook '/home/basmala/mir250_ws/src/MiR250/MIR_250/install/mir_msgs/share/mir_msgs/hook/cmake_prefix_path.ps1'
[33.654s] INFO:colcon.colcon_core.shell:Creating environment descriptor '/home/basmala/mir250_ws/src/MiR250/MIR_250/install/mir_msgs/share/mir_msgs/hook/cmake_prefix_path.dsv'
[33.654s] INFO:colcon.colcon_core.shell:Creating environment hook '/home/basmala/mir250_ws/src/MiR250/MIR_250/install/mir_msgs/share/mir_msgs/hook/cmake_prefix_path.sh'
[33.655s] Level 1:colcon.colcon_core.environment:checking '/home/basmala/mir250_ws/src/MiR250/MIR_250/install/mir_msgs/lib'
[33.655s] Level 1:colcon.colcon_core.shell:create_environment_hook('mir_msgs', 'ld_library_path_lib')
[33.656s] INFO:colcon.colcon_core.shell:Creating environment hook '/home/basmala/mir250_ws/src/MiR250/MIR_250/install/mir_msgs/share/mir_msgs/hook/ld_library_path_lib.ps1'
[33.656s] INFO:colcon.colcon_core.shell:Creating environment descriptor '/home/basmala/mir250_ws/src/MiR250/MIR_250/install/mir_msgs/share/mir_msgs/hook/ld_library_path_lib.dsv'
[33.657s] INFO:colcon.colcon_core.shell:Creating environment hook '/home/basmala/mir250_ws/src/MiR250/MIR_250/install/mir_msgs/share/mir_msgs/hook/ld_library_path_lib.sh'
[33.657s] Level 1:colcon.colcon_core.environment:checking '/home/basmala/mir250_ws/src/MiR250/MIR_250/install/mir_msgs/bin'
[33.657s] Level 1:colcon.colcon_core.environment:checking '/home/basmala/mir250_ws/src/MiR250/MIR_250/install/mir_msgs/lib/pkgconfig/mir_msgs.pc'
[33.657s] Level 1:colcon.colcon_core.environment:checking '/home/basmala/mir250_ws/src/MiR250/MIR_250/install/mir_msgs/lib/python3.10/site-packages'
[33.658s] Level 1:colcon.colcon_core.environment:checking '/home/basmala/mir250_ws/src/MiR250/MIR_250/install/mir_msgs/bin'
[33.658s] INFO:colcon.colcon_core.shell:Creating package script '/home/basmala/mir250_ws/src/MiR250/MIR_250/install/mir_msgs/share/mir_msgs/package.ps1'
[33.659s] INFO:colcon.colcon_core.shell:Creating package descriptor '/home/basmala/mir250_ws/src/MiR250/MIR_250/install/mir_msgs/share/mir_msgs/package.dsv'
[33.659s] INFO:colcon.colcon_core.shell:Creating package script '/home/basmala/mir250_ws/src/MiR250/MIR_250/install/mir_msgs/share/mir_msgs/package.sh'
[33.660s] INFO:colcon.colcon_core.shell:Creating package script '/home/basmala/mir250_ws/src/MiR250/MIR_250/install/mir_msgs/share/mir_msgs/package.bash'
[33.660s] INFO:colcon.colcon_core.shell:Creating package script '/home/basmala/mir250_ws/src/MiR250/MIR_250/install/mir_msgs/share/mir_msgs/package.zsh'
[33.660s] Level 1:colcon.colcon_core.environment:create_file_with_runtime_dependencies(/home/basmala/mir250_ws/src/MiR250/MIR_250/install/mir_msgs/share/colcon-core/packages/mir_msgs)
[33.661s] Level 1:colcon.colcon_core.environment:create_environment_scripts_only(mir_msgs)
[33.661s] Level 1:colcon.colcon_core.environment:checking '/home/basmala/mir250_ws/src/MiR250/MIR_250/install/mir_msgs' for CMake module files
[33.662s] Level 1:colcon.colcon_core.environment:checking '/home/basmala/mir250_ws/src/MiR250/MIR_250/install/mir_msgs' for CMake config files
[33.665s] Level 1:colcon.colcon_core.shell:create_environment_hook('mir_msgs', 'cmake_prefix_path')
[33.665s] INFO:colcon.colcon_core.shell:Creating environment hook '/home/basmala/mir250_ws/src/MiR250/MIR_250/install/mir_msgs/share/mir_msgs/hook/cmake_prefix_path.ps1'
[33.666s] INFO:colcon.colcon_core.shell:Creating environment descriptor '/home/basmala/mir250_ws/src/MiR250/MIR_250/install/mir_msgs/share/mir_msgs/hook/cmake_prefix_path.dsv'
[33.666s] INFO:colcon.colcon_core.shell:Creating environment hook '/home/basmala/mir250_ws/src/MiR250/MIR_250/install/mir_msgs/share/mir_msgs/hook/cmake_prefix_path.sh'
[33.667s] Level 1:colcon.colcon_core.environment:checking '/home/basmala/mir250_ws/src/MiR250/MIR_250/install/mir_msgs/lib'
[33.667s] Level 1:colcon.colcon_core.shell:create_environment_hook('mir_msgs', 'ld_library_path_lib')
[33.667s] INFO:colcon.colcon_core.shell:Creating environment hook '/home/basmala/mir250_ws/src/MiR250/MIR_250/install/mir_msgs/share/mir_msgs/hook/ld_library_path_lib.ps1'
[33.668s] INFO:colcon.colcon_core.shell:Creating environment descriptor '/home/basmala/mir250_ws/src/MiR250/MIR_250/install/mir_msgs/share/mir_msgs/hook/ld_library_path_lib.dsv'
[33.668s] INFO:colcon.colcon_core.shell:Creating environment hook '/home/basmala/mir250_ws/src/MiR250/MIR_250/install/mir_msgs/share/mir_msgs/hook/ld_library_path_lib.sh'
[33.669s] Level 1:colcon.colcon_core.environment:checking '/home/basmala/mir250_ws/src/MiR250/MIR_250/install/mir_msgs/bin'
[33.669s] Level 1:colcon.colcon_core.environment:checking '/home/basmala/mir250_ws/src/MiR250/MIR_250/install/mir_msgs/lib/pkgconfig/mir_msgs.pc'
[33.669s] Level 1:colcon.colcon_core.environment:checking '/home/basmala/mir250_ws/src/MiR250/MIR_250/install/mir_msgs/lib/python3.10/site-packages'
[33.669s] Level 1:colcon.colcon_core.environment:checking '/home/basmala/mir250_ws/src/MiR250/MIR_250/install/mir_msgs/bin'
[33.670s] INFO:colcon.colcon_core.shell:Creating package script '/home/basmala/mir250_ws/src/MiR250/MIR_250/install/mir_msgs/share/mir_msgs/package.ps1'
[33.670s] INFO:colcon.colcon_core.shell:Creating package descriptor '/home/basmala/mir250_ws/src/MiR250/MIR_250/install/mir_msgs/share/mir_msgs/package.dsv'
[33.671s] INFO:colcon.colcon_core.shell:Creating package script '/home/basmala/mir250_ws/src/MiR250/MIR_250/install/mir_msgs/share/mir_msgs/package.sh'
[33.671s] INFO:colcon.colcon_core.shell:Creating package script '/home/basmala/mir250_ws/src/MiR250/MIR_250/install/mir_msgs/share/mir_msgs/package.bash'
[33.672s] INFO:colcon.colcon_core.shell:Creating package script '/home/basmala/mir250_ws/src/MiR250/MIR_250/install/mir_msgs/share/mir_msgs/package.zsh'
[33.673s] Level 1:colcon.colcon_core.environment:create_file_with_runtime_dependencies(/home/basmala/mir250_ws/src/MiR250/MIR_250/install/mir_msgs/share/colcon-core/packages/mir_msgs)
[33.674s] INFO:colcon.colcon_ros.task.ament_python.build:Building ROS package in '/home/basmala/mir250_ws/src/MiR250/MIR_250/mir_driver' with build type 'ament_python'
[33.674s] Level 1:colcon.colcon_core.shell:create_environment_hook('mir_driver', 'ament_prefix_path')
[33.674s] INFO:colcon.colcon_core.shell:Creating environment hook '/home/basmala/mir250_ws/src/MiR250/MIR_250/install/mir_driver/share/mir_driver/hook/ament_prefix_path.ps1'
[33.677s] INFO:colcon.colcon_core.shell:Creating environment descriptor '/home/basmala/mir250_ws/src/MiR250/MIR_250/install/mir_driver/share/mir_driver/hook/ament_prefix_path.dsv'
[33.677s] INFO:colcon.colcon_core.shell:Creating environment hook '/home/basmala/mir250_ws/src/MiR250/MIR_250/install/mir_driver/share/mir_driver/hook/ament_prefix_path.sh'
[33.678s] INFO:colcon.colcon_core.shell:Skip shell extension 'powershell' for command environment: Not usable outside of PowerShell
[33.678s] DEBUG:colcon.colcon_core.shell:Skip shell extension 'dsv' for command environment
[34.006s] INFO:colcon.colcon_core.task.python.build:Building Python package in '/home/basmala/mir250_ws/src/MiR250/MIR_250/mir_driver'
[34.006s] INFO:colcon.colcon_core.shell:Skip shell extension 'powershell' for command environment: Not usable outside of PowerShell
[34.006s] DEBUG:colcon.colcon_core.shell:Skip shell extension 'dsv' for command environment
[34.362s] DEBUG:colcon.colcon_core.task.python.build:Available setuptools commands: check, register, install_scripts, install_lib, dist_info, develop, build_ext, bdist_dumb, bdist_egg, upload_docs, setopt, bdist, rotate, test, upload, easy_install, clean, install_egg_info, install_headers, install_data, sdist, alias, install, build_py, egg_info, build_scripts, bdist_wheel, build, symlink_data, build_clib, saveopts, bdist_rpm
[34.365s] DEBUG:colcon.colcon_core.event_handler.log_command:Invoking command in '/home/basmala/mir250_ws/src/MiR250/MIR_250/mir_driver': CMAKE_PREFIX_PATH=/home/basmala/mir250_ws/src/MiR250/MIR_250/install/mir_msgs:/home/basmala/mir250_ws/src/MiR250/MIR_250/install/mir_description:/home/basmala/mir250_ws/src/MiR250/MIR_250/install/sensors_launcher_mir_250:/home/basmala/mir250_ws/src/MiR250/MIR_250/install/sdc21x0:/home/basmala/mir250_ws/src/MiR250/MIR_250/install/mir_navigation:/home/basmala/mir250_ws/src/MiR250/MIR_250/install/mir_actions:/home/basmala/mir250_ws/install/sensors_launcher_mir_250:/home/basmala/mir250_ws/install/sdc21x0:/home/basmala/mir250_ws/install/mir_navigation:/home/basmala/mir250_ws/install/mir_msgs:/home/basmala/mir250_ws/install/mir_description:/home/basmala/mir250_ws/install/mir_actions LD_LIBRARY_PATH=/home/basmala/mir250_ws/src/MiR250/MIR_250/install/mir_msgs/lib:/home/basmala/mir250_ws/src/MiR250/MIR_250/install/sensors_launcher_mir_250/lib:/home/basmala/mir250_ws/src/MiR250/MIR_250/install/sdc21x0/lib:/home/basmala/mir250_ws/src/MiR250/MIR_250/install/mir_actions/lib:/home/basmala/mir250_ws/install/sensors_launcher_mir_250/lib:/home/basmala/mir250_ws/install/sdc21x0/lib:/home/basmala/mir250_ws/install/mir_msgs/lib:/home/basmala/mir250_ws/install/mir_actions/lib:/opt/ros/humble/opt/rviz_ogre_vendor/lib:/opt/ros/humble/lib/x86_64-linux-gnu:/opt/ros/humble/lib PYTHONPATH=/home/basmala/mir250_ws/src/MiR250/MIR_250/build/mir_driver/prefix_override:/usr/lib/python3/dist-packages/colcon_core/task/python/colcon_distutils_commands:/home/basmala/mir250_ws/src/MiR250/MIR_250/install/mir_driver/lib/python3.10/site-packages:${PYTHONPATH} /usr/bin/python3 -W ignore:setup.py install is deprecated -W ignore:easy_install command is deprecated setup.py egg_info --egg-base ../build/mir_driver build --build-base /home/basmala/mir250_ws/src/MiR250/MIR_250/build/mir_driver/build install --record /home/basmala/mir250_ws/src/MiR250/MIR_250/build/mir_driver/install.log --install-scripts $base/lib/mir_driver --single-version-externally-managed install_data
[34.738s] Level 1:colcon.colcon_core.environment:checking '/home/basmala/mir250_ws/src/MiR250/MIR_250/install/mir_driver' for CMake module files
[34.738s] DEBUG:colcon.colcon_core.event_handler.log_command:Invoked command in '/home/basmala/mir250_ws/src/MiR250/MIR_250/mir_driver' returned '0': CMAKE_PREFIX_PATH=/home/basmala/mir250_ws/src/MiR250/MIR_250/install/mir_msgs:/home/basmala/mir250_ws/src/MiR250/MIR_250/install/mir_description:/home/basmala/mir250_ws/src/MiR250/MIR_250/install/sensors_launcher_mir_250:/home/basmala/mir250_ws/src/MiR250/MIR_250/install/sdc21x0:/home/basmala/mir250_ws/src/MiR250/MIR_250/install/mir_navigation:/home/basmala/mir250_ws/src/MiR250/MIR_250/install/mir_actions:/home/basmala/mir250_ws/install/sensors_launcher_mir_250:/home/basmala/mir250_ws/install/sdc21x0:/home/basmala/mir250_ws/install/mir_navigation:/home/basmala/mir250_ws/install/mir_msgs:/home/basmala/mir250_ws/install/mir_description:/home/basmala/mir250_ws/install/mir_actions LD_LIBRARY_PATH=/home/basmala/mir250_ws/src/MiR250/MIR_250/install/mir_msgs/lib:/home/basmala/mir250_ws/src/MiR250/MIR_250/install/sensors_launcher_mir_250/lib:/home/basmala/mir250_ws/src/MiR250/MIR_250/install/sdc21x0/lib:/home/basmala/mir250_ws/src/MiR250/MIR_250/install/mir_actions/lib:/home/basmala/mir250_ws/install/sensors_launcher_mir_250/lib:/home/basmala/mir250_ws/install/sdc21x0/lib:/home/basmala/mir250_ws/install/mir_msgs/lib:/home/basmala/mir250_ws/install/mir_actions/lib:/opt/ros/humble/opt/rviz_ogre_vendor/lib:/opt/ros/humble/lib/x86_64-linux-gnu:/opt/ros/humble/lib PYTHONPATH=/home/basmala/mir250_ws/src/MiR250/MIR_250/build/mir_driver/prefix_override:/usr/lib/python3/dist-packages/colcon_core/task/python/colcon_distutils_commands:/home/basmala/mir250_ws/src/MiR250/MIR_250/install/mir_driver/lib/python3.10/site-packages:${PYTHONPATH} /usr/bin/python3 -W ignore:setup.py install is deprecated -W ignore:easy_install command is deprecated setup.py egg_info --egg-base ../build/mir_driver build --build-base /home/basmala/mir250_ws/src/MiR250/MIR_250/build/mir_driver/build install --record /home/basmala/mir250_ws/src/MiR250/MIR_250/build/mir_driver/install.log --install-scripts $base/lib/mir_driver --single-version-externally-managed install_data
[34.739s] Level 1:colcon.colcon_core.environment:checking '/home/basmala/mir250_ws/src/MiR250/MIR_250/install/mir_driver' for CMake config files
[34.740s] Level 1:colcon.colcon_core.environment:checking '/home/basmala/mir250_ws/src/MiR250/MIR_250/install/mir_driver/lib'
[34.740s] Level 1:colcon.colcon_core.environment:checking '/home/basmala/mir250_ws/src/MiR250/MIR_250/install/mir_driver/bin'
[34.740s] Level 1:colcon.colcon_core.environment:checking '/home/basmala/mir250_ws/src/MiR250/MIR_250/install/mir_driver/lib/pkgconfig/mir_driver.pc'
[34.741s] Level 1:colcon.colcon_core.environment:checking '/home/basmala/mir250_ws/src/MiR250/MIR_250/install/mir_driver/lib/python3.10/site-packages'
[34.741s] Level 1:colcon.colcon_core.shell:create_environment_hook('mir_driver', 'pythonpath')
[34.741s] INFO:colcon.colcon_core.shell:Creating environment hook '/home/basmala/mir250_ws/src/MiR250/MIR_250/install/mir_driver/share/mir_driver/hook/pythonpath.ps1'
[34.742s] INFO:colcon.colcon_core.shell:Creating environment descriptor '/home/basmala/mir250_ws/src/MiR250/MIR_250/install/mir_driver/share/mir_driver/hook/pythonpath.dsv'
[34.743s] INFO:colcon.colcon_core.shell:Creating environment hook '/home/basmala/mir250_ws/src/MiR250/MIR_250/install/mir_driver/share/mir_driver/hook/pythonpath.sh'
[34.744s] Level 1:colcon.colcon_core.environment:checking '/home/basmala/mir250_ws/src/MiR250/MIR_250/install/mir_driver/bin'
[34.744s] Level 1:colcon.colcon_core.environment:create_environment_scripts_only(mir_driver)
[34.744s] INFO:colcon.colcon_core.shell:Creating package script '/home/basmala/mir250_ws/src/MiR250/MIR_250/install/mir_driver/share/mir_driver/package.ps1'
[34.745s] INFO:colcon.colcon_core.shell:Creating package descriptor '/home/basmala/mir250_ws/src/MiR250/MIR_250/install/mir_driver/share/mir_driver/package.dsv'
[34.746s] INFO:colcon.colcon_core.shell:Creating package script '/home/basmala/mir250_ws/src/MiR250/MIR_250/install/mir_driver/share/mir_driver/package.sh'
[34.747s] INFO:colcon.colcon_core.shell:Creating package script '/home/basmala/mir250_ws/src/MiR250/MIR_250/install/mir_driver/share/mir_driver/package.bash'
[34.747s] INFO:colcon.colcon_core.shell:Creating package script '/home/basmala/mir250_ws/src/MiR250/MIR_250/install/mir_driver/share/mir_driver/package.zsh'
[34.748s] Level 1:colcon.colcon_core.environment:create_file_with_runtime_dependencies(/home/basmala/mir250_ws/src/MiR250/MIR_250/install/mir_driver/share/colcon-core/packages/mir_driver)
[34.749s] INFO:colcon.colcon_ros.task.ament_python.build:Building ROS package in '/home/basmala/mir250_ws/src/MiR250/MIR_250/graph_based_navigation_system' with build type 'ament_python'
[34.749s] Level 1:colcon.colcon_core.shell:create_environment_hook('graph_based_navigation_system', 'ament_prefix_path')
[34.750s] INFO:colcon.colcon_core.shell:Creating environment hook '/home/basmala/mir250_ws/src/MiR250/MIR_250/install/graph_based_navigation_system/share/graph_based_navigation_system/hook/ament_prefix_path.ps1'
[34.750s] INFO:colcon.colcon_core.shell:Creating environment descriptor '/home/basmala/mir250_ws/src/MiR250/MIR_250/install/graph_based_navigation_system/share/graph_based_navigation_system/hook/ament_prefix_path.dsv'
[34.751s] INFO:colcon.colcon_core.shell:Creating environment hook '/home/basmala/mir250_ws/src/MiR250/MIR_250/install/graph_based_navigation_system/share/graph_based_navigation_system/hook/ament_prefix_path.sh'
[34.751s] INFO:colcon.colcon_core.shell:Skip shell extension 'powershell' for command environment: Not usable outside of PowerShell
[34.751s] DEBUG:colcon.colcon_core.shell:Skip shell extension 'dsv' for command environment
[34.756s] INFO:colcon.colcon_ros.task.ament_python.build:Building ROS package in '/home/basmala/mir250_ws/src/MiR250/MIR_250/mir_manual_navigation' with build type 'ament_python'
[34.757s] Level 1:colcon.colcon_core.shell:create_environment_hook('mir_manual_navigation', 'ament_prefix_path')
[34.757s] INFO:colcon.colcon_core.shell:Creating environment hook '/home/basmala/mir250_ws/src/MiR250/MIR_250/install/mir_manual_navigation/share/mir_manual_navigation/hook/ament_prefix_path.ps1'
[34.757s] INFO:colcon.colcon_core.shell:Creating environment descriptor '/home/basmala/mir250_ws/src/MiR250/MIR_250/install/mir_manual_navigation/share/mir_manual_navigation/hook/ament_prefix_path.dsv'
[34.758s] INFO:colcon.colcon_core.shell:Creating environment hook '/home/basmala/mir250_ws/src/MiR250/MIR_250/install/mir_manual_navigation/share/mir_manual_navigation/hook/ament_prefix_path.sh'
[34.758s] INFO:colcon.colcon_core.shell:Skip shell extension 'powershell' for command environment: Not usable outside of PowerShell
[34.758s] DEBUG:colcon.colcon_core.shell:Skip shell extension 'dsv' for command environment
[34.764s] INFO:colcon.colcon_ros.task.ament_cmake.build:Building ROS package in '/home/basmala/mir250_ws/src/MiR250/MIR_250/mir_navigation' with build type 'ament_cmake'
[34.764s] INFO:colcon.colcon_cmake.task.cmake.build:Building CMake package in '/home/basmala/mir250_ws/src/MiR250/MIR_250/mir_navigation'
[34.765s] INFO:colcon.colcon_core.shell:Skip shell extension 'powershell' for command environment: Not usable outside of PowerShell
[34.765s] DEBUG:colcon.colcon_core.shell:Skip shell extension 'dsv' for command environment
[35.015s] INFO:colcon.colcon_core.task.python.build:Building Python package in '/home/basmala/mir250_ws/src/MiR250/MIR_250/graph_based_navigation_system'
[35.015s] INFO:colcon.colcon_core.shell:Skip shell extension 'powershell' for command environment: Not usable outside of PowerShell
[35.015s] DEBUG:colcon.colcon_core.shell:Skip shell extension 'dsv' for command environment
[35.301s] INFO:colcon.colcon_core.task.python.build:Building Python package in '/home/basmala/mir250_ws/src/MiR250/MIR_250/mir_manual_navigation'
[35.302s] INFO:colcon.colcon_core.shell:Skip shell extension 'powershell' for command environment: Not usable outside of PowerShell
[35.302s] DEBUG:colcon.colcon_core.shell:Skip shell extension 'dsv' for command environment
[35.312s] DEBUG:colcon.colcon_core.event_handler.log_command:Invoking command in '/home/basmala/mir250_ws/src/MiR250/MIR_250/build/mir_navigation': AMENT_PREFIX_PATH=/home/basmala/mir250_ws/src/MiR250/MIR_250/install/mir_driver:/home/basmala/mir250_ws/src/MiR250/MIR_250/install/sensors_launcher_mir_250:/home/basmala/mir250_ws/src/MiR250/MIR_250/install/sdc21x0:/home/basmala/mir250_ws/src/MiR250/MIR_250/install/mir_restapi:/home/basmala/mir250_ws/src/MiR250/MIR_250/install/mir_navigation:/home/basmala/mir250_ws/src/MiR250/MIR_250/install/mir_manual_navigation:/home/basmala/mir250_ws/src/MiR250/MIR_250/install/graph_based_navigation_system:/home/basmala/mir250_ws/src/MiR250/MIR_250/install/mir_msgs:/home/basmala/mir250_ws/src/MiR250/MIR_250/install/mir_description:/home/basmala/mir250_ws/src/MiR250/MIR_250/install/mir_actions:/home/basmala/mir250_ws/install/sensors_launcher_mir_250:/home/basmala/mir250_ws/install/sdc21x0:/home/basmala/mir250_ws/install/mir_restapi:/home/basmala/mir250_ws/install/mir_navigation:/home/basmala/mir250_ws/install/mir_manual_navigation:/home/basmala/mir250_ws/install/graph_based_navigation_system:/home/basmala/mir250_ws/install/mir_driver:/home/basmala/mir250_ws/install/mir_msgs:/home/basmala/mir250_ws/install/mir_description:/home/basmala/mir250_ws/install/mir_actions:/opt/ros/humble CMAKE_PREFIX_PATH=/home/basmala/mir250_ws/src/MiR250/MIR_250/install/mir_msgs:/home/basmala/mir250_ws/src/MiR250/MIR_250/install/mir_description:/home/basmala/mir250_ws/src/MiR250/MIR_250/install/sensors_launcher_mir_250:/home/basmala/mir250_ws/src/MiR250/MIR_250/install/sdc21x0:/home/basmala/mir250_ws/src/MiR250/MIR_250/install/mir_navigation:/home/basmala/mir250_ws/src/MiR250/MIR_250/install/mir_actions:/home/basmala/mir250_ws/install/sensors_launcher_mir_250:/home/basmala/mir250_ws/install/sdc21x0:/home/basmala/mir250_ws/install/mir_navigation:/home/basmala/mir250_ws/install/mir_msgs:/home/basmala/mir250_ws/install/mir_description:/home/basmala/mir250_ws/install/mir_actions:/home/basmala/mir250_ws/src/MiR250/MIR_250/install/mir_restapi:/home/basmala/mir250_ws/src/MiR250/MIR_250/install/mir_manual_navigation:/home/basmala/mir250_ws/src/MiR250/MIR_250/install/graph_based_navigation_system:/home/basmala/mir250_ws/src/MiR250/MIR_250/install/mir_driver:/home/basmala/mir250_ws/install/mir_restapi:/home/basmala/mir250_ws/install/mir_manual_navigation:/home/basmala/mir250_ws/install/graph_based_navigation_system:/home/basmala/mir250_ws/install/mir_driver:/opt/ros/humble LD_LIBRARY_PATH=/home/basmala/mir250_ws/src/MiR250/MIR_250/install/mir_msgs/lib:/home/basmala/mir250_ws/src/MiR250/MIR_250/install/sensors_launcher_mir_250/lib:/home/basmala/mir250_ws/src/MiR250/MIR_250/install/sdc21x0/lib:/home/basmala/mir250_ws/src/MiR250/MIR_250/install/mir_actions/lib:/home/basmala/mir250_ws/install/sensors_launcher_mir_250/lib:/home/basmala/mir250_ws/install/sdc21x0/lib:/home/basmala/mir250_ws/install/mir_msgs/lib:/home/basmala/mir250_ws/install/mir_actions/lib:/opt/ros/humble/opt/rviz_ogre_vendor/lib:/opt/ros/humble/lib/x86_64-linux-gnu:/opt/ros/humble/lib PYTHONPATH=/home/basmala/mir250_ws/src/MiR250/MIR_250/install/mir_driver/lib/python3.10/site-packages:/home/basmala/mir250_ws/src/MiR250/MIR_250/install/sdc21x0/local/lib/python3.10/dist-packages:/home/basmala/mir250_ws/src/MiR250/MIR_250/install/mir_restapi/lib/python3.10/site-packages:/home/basmala/mir250_ws/src/MiR250/MIR_250/install/mir_manual_navigation/lib/python3.10/site-packages:/home/basmala/mir250_ws/src/MiR250/MIR_250/install/graph_based_navigation_system/lib/python3.10/site-packages:/home/basmala/mir250_ws/src/MiR250/MIR_250/install/mir_msgs/local/lib/python3.10/dist-packages:/home/basmala/mir250_ws/src/MiR250/MIR_250/install/mir_actions/local/lib/python3.10/dist-packages:/home/basmala/mir250_ws/install/sdc21x0/local/lib/python3.10/dist-packages:/home/basmala/mir250_ws/install/mir_restapi/lib/python3.10/site-packages:/home/basmala/mir250_ws/install/mir_manual_navigation/lib/python3.10/site-packages:/home/basmala/mir250_ws/install/graph_based_navigation_system/lib/python3.10/site-packages:/home/basmala/mir250_ws/install/mir_driver/lib/python3.10/site-packages:/home/basmala/mir250_ws/install/mir_msgs/local/lib/python3.10/dist-packages:/home/basmala/mir250_ws/install/mir_actions/local/lib/python3.10/dist-packages:/opt/ros/humble/lib/python3.10/site-packages:/opt/ros/humble/local/lib/python3.10/dist-packages /usr/bin/cmake /home/basmala/mir250_ws/src/MiR250/MIR_250/mir_navigation -DCMAKE_INSTALL_PREFIX=/home/basmala/mir250_ws/src/MiR250/MIR_250/install/mir_navigation
[35.776s] DEBUG:colcon.colcon_core.task.python.build:Available setuptools commands: check, register, install_scripts, install_lib, dist_info, develop, build_ext, bdist_dumb, bdist_egg, upload_docs, setopt, bdist, rotate, test, upload, easy_install, clean, install_egg_info, install_headers, install_data, sdist, alias, install, build_py, egg_info, build_scripts, bdist_wheel, build, symlink_data, build_clib, saveopts, bdist_rpm
[35.780s] DEBUG:colcon.colcon_core.event_handler.log_command:Invoking command in '/home/basmala/mir250_ws/src/MiR250/MIR_250/graph_based_navigation_system': AMENT_PREFIX_PATH=/home/basmala/mir250_ws/src/MiR250/MIR_250/install/mir_driver:/home/basmala/mir250_ws/src/MiR250/MIR_250/install/sensors_launcher_mir_250:/home/basmala/mir250_ws/src/MiR250/MIR_250/install/sdc21x0:/home/basmala/mir250_ws/src/MiR250/MIR_250/install/mir_restapi:/home/basmala/mir250_ws/src/MiR250/MIR_250/install/mir_navigation:/home/basmala/mir250_ws/src/MiR250/MIR_250/install/mir_manual_navigation:/home/basmala/mir250_ws/src/MiR250/MIR_250/install/graph_based_navigation_system:/home/basmala/mir250_ws/src/MiR250/MIR_250/install/mir_msgs:/home/basmala/mir250_ws/src/MiR250/MIR_250/install/mir_description:/home/basmala/mir250_ws/src/MiR250/MIR_250/install/mir_actions:/home/basmala/mir250_ws/install/sensors_launcher_mir_250:/home/basmala/mir250_ws/install/sdc21x0:/home/basmala/mir250_ws/install/mir_restapi:/home/basmala/mir250_ws/install/mir_navigation:/home/basmala/mir250_ws/install/mir_manual_navigation:/home/basmala/mir250_ws/install/graph_based_navigation_system:/home/basmala/mir250_ws/install/mir_driver:/home/basmala/mir250_ws/install/mir_msgs:/home/basmala/mir250_ws/install/mir_description:/home/basmala/mir250_ws/install/mir_actions:/opt/ros/humble CMAKE_PREFIX_PATH=/home/basmala/mir250_ws/src/MiR250/MIR_250/install/mir_msgs:/home/basmala/mir250_ws/src/MiR250/MIR_250/install/mir_description:/home/basmala/mir250_ws/src/MiR250/MIR_250/install/sensors_launcher_mir_250:/home/basmala/mir250_ws/src/MiR250/MIR_250/install/sdc21x0:/home/basmala/mir250_ws/src/MiR250/MIR_250/install/mir_navigation:/home/basmala/mir250_ws/src/MiR250/MIR_250/install/mir_actions:/home/basmala/mir250_ws/install/sensors_launcher_mir_250:/home/basmala/mir250_ws/install/sdc21x0:/home/basmala/mir250_ws/install/mir_navigation:/home/basmala/mir250_ws/install/mir_msgs:/home/basmala/mir250_ws/install/mir_description:/home/basmala/mir250_ws/install/mir_actions LD_LIBRARY_PATH=/home/basmala/mir250_ws/src/MiR250/MIR_250/install/mir_msgs/lib:/home/basmala/mir250_ws/src/MiR250/MIR_250/install/sensors_launcher_mir_250/lib:/home/basmala/mir250_ws/src/MiR250/MIR_250/install/sdc21x0/lib:/home/basmala/mir250_ws/src/MiR250/MIR_250/install/mir_actions/lib:/home/basmala/mir250_ws/install/sensors_launcher_mir_250/lib:/home/basmala/mir250_ws/install/sdc21x0/lib:/home/basmala/mir250_ws/install/mir_msgs/lib:/home/basmala/mir250_ws/install/mir_actions/lib:/opt/ros/humble/opt/rviz_ogre_vendor/lib:/opt/ros/humble/lib/x86_64-linux-gnu:/opt/ros/humble/lib PYTHONPATH=/home/basmala/mir250_ws/src/MiR250/MIR_250/build/graph_based_navigation_system/prefix_override:/usr/lib/python3/dist-packages/colcon_core/task/python/colcon_distutils_commands:/home/basmala/mir250_ws/src/MiR250/MIR_250/install/graph_based_navigation_system/lib/python3.10/site-packages:/home/basmala/mir250_ws/src/MiR250/MIR_250/install/mir_driver/lib/python3.10/site-packages:/home/basmala/mir250_ws/src/MiR250/MIR_250/install/sdc21x0/local/lib/python3.10/dist-packages:/home/basmala/mir250_ws/src/MiR250/MIR_250/install/mir_restapi/lib/python3.10/site-packages:/home/basmala/mir250_ws/src/MiR250/MIR_250/install/mir_manual_navigation/lib/python3.10/site-packages:/home/basmala/mir250_ws/src/MiR250/MIR_250/install/graph_based_navigation_system/lib/python3.10/site-packages:/home/basmala/mir250_ws/src/MiR250/MIR_250/install/mir_msgs/local/lib/python3.10/dist-packages:/home/basmala/mir250_ws/src/MiR250/MIR_250/install/mir_actions/local/lib/python3.10/dist-packages:/home/basmala/mir250_ws/install/sdc21x0/local/lib/python3.10/dist-packages:/home/basmala/mir250_ws/install/mir_restapi/lib/python3.10/site-packages:/home/basmala/mir250_ws/install/mir_manual_navigation/lib/python3.10/site-packages:/home/basmala/mir250_ws/install/graph_based_navigation_system/lib/python3.10/site-packages:/home/basmala/mir250_ws/install/mir_driver/lib/python3.10/site-packages:/home/basmala/mir250_ws/install/mir_msgs/local/lib/python3.10/dist-packages:/home/basmala/mir250_ws/install/mir_actions/local/lib/python3.10/dist-packages:/opt/ros/humble/lib/python3.10/site-packages:/opt/ros/humble/local/lib/python3.10/dist-packages /usr/bin/python3 -W ignore:setup.py install is deprecated -W ignore:easy_install command is deprecated setup.py egg_info --egg-base ../build/graph_based_navigation_system build --build-base /home/basmala/mir250_ws/src/MiR250/MIR_250/build/graph_based_navigation_system/build install --record /home/basmala/mir250_ws/src/MiR250/MIR_250/build/graph_based_navigation_system/install.log --install-scripts $base/lib/graph_based_navigation_system --single-version-externally-managed install_data
[35.803s] DEBUG:colcon.colcon_core.task.python.build:Available setuptools commands: check, register, install_scripts, install_lib, dist_info, develop, build_ext, bdist_dumb, bdist_egg, upload_docs, setopt, bdist, rotate, test, upload, easy_install, clean, install_egg_info, install_headers, install_data, sdist, alias, install, build_py, egg_info, build_scripts, bdist_wheel, build, symlink_data, build_clib, saveopts, bdist_rpm
[35.807s] DEBUG:colcon.colcon_core.event_handler.log_command:Invoking command in '/home/basmala/mir250_ws/src/MiR250/MIR_250/mir_manual_navigation': AMENT_PREFIX_PATH=/home/basmala/mir250_ws/src/MiR250/MIR_250/install/mir_driver:/home/basmala/mir250_ws/src/MiR250/MIR_250/install/sensors_launcher_mir_250:/home/basmala/mir250_ws/src/MiR250/MIR_250/install/sdc21x0:/home/basmala/mir250_ws/src/MiR250/MIR_250/install/mir_restapi:/home/basmala/mir250_ws/src/MiR250/MIR_250/install/mir_navigation:/home/basmala/mir250_ws/src/MiR250/MIR_250/install/mir_manual_navigation:/home/basmala/mir250_ws/src/MiR250/MIR_250/install/graph_based_navigation_system:/home/basmala/mir250_ws/src/MiR250/MIR_250/install/mir_msgs:/home/basmala/mir250_ws/src/MiR250/MIR_250/install/mir_description:/home/basmala/mir250_ws/src/MiR250/MIR_250/install/mir_actions:/home/basmala/mir250_ws/install/sensors_launcher_mir_250:/home/basmala/mir250_ws/install/sdc21x0:/home/basmala/mir250_ws/install/mir_restapi:/home/basmala/mir250_ws/install/mir_navigation:/home/basmala/mir250_ws/install/mir_manual_navigation:/home/basmala/mir250_ws/install/graph_based_navigation_system:/home/basmala/mir250_ws/install/mir_driver:/home/basmala/mir250_ws/install/mir_msgs:/home/basmala/mir250_ws/install/mir_description:/home/basmala/mir250_ws/install/mir_actions:/opt/ros/humble CMAKE_PREFIX_PATH=/home/basmala/mir250_ws/src/MiR250/MIR_250/install/mir_msgs:/home/basmala/mir250_ws/src/MiR250/MIR_250/install/mir_description:/home/basmala/mir250_ws/src/MiR250/MIR_250/install/sensors_launcher_mir_250:/home/basmala/mir250_ws/src/MiR250/MIR_250/install/sdc21x0:/home/basmala/mir250_ws/src/MiR250/MIR_250/install/mir_navigation:/home/basmala/mir250_ws/src/MiR250/MIR_250/install/mir_actions:/home/basmala/mir250_ws/install/sensors_launcher_mir_250:/home/basmala/mir250_ws/install/sdc21x0:/home/basmala/mir250_ws/install/mir_navigation:/home/basmala/mir250_ws/install/mir_msgs:/home/basmala/mir250_ws/install/mir_description:/home/basmala/mir250_ws/install/mir_actions LD_LIBRARY_PATH=/home/basmala/mir250_ws/src/MiR250/MIR_250/install/mir_msgs/lib:/home/basmala/mir250_ws/src/MiR250/MIR_250/install/sensors_launcher_mir_250/lib:/home/basmala/mir250_ws/src/MiR250/MIR_250/install/sdc21x0/lib:/home/basmala/mir250_ws/src/MiR250/MIR_250/install/mir_actions/lib:/home/basmala/mir250_ws/install/sensors_launcher_mir_250/lib:/home/basmala/mir250_ws/install/sdc21x0/lib:/home/basmala/mir250_ws/install/mir_msgs/lib:/home/basmala/mir250_ws/install/mir_actions/lib:/opt/ros/humble/opt/rviz_ogre_vendor/lib:/opt/ros/humble/lib/x86_64-linux-gnu:/opt/ros/humble/lib PYTHONPATH=/home/basmala/mir250_ws/src/MiR250/MIR_250/build/mir_manual_navigation/prefix_override:/usr/lib/python3/dist-packages/colcon_core/task/python/colcon_distutils_commands:/home/basmala/mir250_ws/src/MiR250/MIR_250/install/mir_manual_navigation/lib/python3.10/site-packages:/home/basmala/mir250_ws/src/MiR250/MIR_250/install/mir_driver/lib/python3.10/site-packages:/home/basmala/mir250_ws/src/MiR250/MIR_250/install/sdc21x0/local/lib/python3.10/dist-packages:/home/basmala/mir250_ws/src/MiR250/MIR_250/install/mir_restapi/lib/python3.10/site-packages:/home/basmala/mir250_ws/src/MiR250/MIR_250/install/mir_manual_navigation/lib/python3.10/site-packages:/home/basmala/mir250_ws/src/MiR250/MIR_250/install/graph_based_navigation_system/lib/python3.10/site-packages:/home/basmala/mir250_ws/src/MiR250/MIR_250/install/mir_msgs/local/lib/python3.10/dist-packages:/home/basmala/mir250_ws/src/MiR250/MIR_250/install/mir_actions/local/lib/python3.10/dist-packages:/home/basmala/mir250_ws/install/sdc21x0/local/lib/python3.10/dist-packages:/home/basmala/mir250_ws/install/mir_restapi/lib/python3.10/site-packages:/home/basmala/mir250_ws/install/mir_manual_navigation/lib/python3.10/site-packages:/home/basmala/mir250_ws/install/graph_based_navigation_system/lib/python3.10/site-packages:/home/basmala/mir250_ws/install/mir_driver/lib/python3.10/site-packages:/home/basmala/mir250_ws/install/mir_msgs/local/lib/python3.10/dist-packages:/home/basmala/mir250_ws/install/mir_actions/local/lib/python3.10/dist-packages:/opt/ros/humble/lib/python3.10/site-packages:/opt/ros/humble/local/lib/python3.10/dist-packages /usr/bin/python3 -W ignore:setup.py install is deprecated -W ignore:easy_install command is deprecated setup.py egg_info --egg-base ../build/mir_manual_navigation build --build-base /home/basmala/mir250_ws/src/MiR250/MIR_250/build/mir_manual_navigation/build install --record /home/basmala/mir250_ws/src/MiR250/MIR_250/build/mir_manual_navigation/install.log --install-scripts $base/lib/mir_manual_navigation --single-version-externally-managed install_data
[36.159s] Level 1:colcon.colcon_core.environment:checking '/home/basmala/mir250_ws/src/MiR250/MIR_250/install/mir_manual_navigation' for CMake module files
[36.161s] DEBUG:colcon.colcon_core.event_handler.log_command:Invoked command in '/home/basmala/mir250_ws/src/MiR250/MIR_250/mir_manual_navigation' returned '0': AMENT_PREFIX_PATH=/home/basmala/mir250_ws/src/MiR250/MIR_250/install/mir_driver:/home/basmala/mir250_ws/src/MiR250/MIR_250/install/sensors_launcher_mir_250:/home/basmala/mir250_ws/src/MiR250/MIR_250/install/sdc21x0:/home/basmala/mir250_ws/src/MiR250/MIR_250/install/mir_restapi:/home/basmala/mir250_ws/src/MiR250/MIR_250/install/mir_navigation:/home/basmala/mir250_ws/src/MiR250/MIR_250/install/mir_manual_navigation:/home/basmala/mir250_ws/src/MiR250/MIR_250/install/graph_based_navigation_system:/home/basmala/mir250_ws/src/MiR250/MIR_250/install/mir_msgs:/home/basmala/mir250_ws/src/MiR250/MIR_250/install/mir_description:/home/basmala/mir250_ws/src/MiR250/MIR_250/install/mir_actions:/home/basmala/mir250_ws/install/sensors_launcher_mir_250:/home/basmala/mir250_ws/install/sdc21x0:/home/basmala/mir250_ws/install/mir_restapi:/home/basmala/mir250_ws/install/mir_navigation:/home/basmala/mir250_ws/install/mir_manual_navigation:/home/basmala/mir250_ws/install/graph_based_navigation_system:/home/basmala/mir250_ws/install/mir_driver:/home/basmala/mir250_ws/install/mir_msgs:/home/basmala/mir250_ws/install/mir_description:/home/basmala/mir250_ws/install/mir_actions:/opt/ros/humble CMAKE_PREFIX_PATH=/home/basmala/mir250_ws/src/MiR250/MIR_250/install/mir_msgs:/home/basmala/mir250_ws/src/MiR250/MIR_250/install/mir_description:/home/basmala/mir250_ws/src/MiR250/MIR_250/install/sensors_launcher_mir_250:/home/basmala/mir250_ws/src/MiR250/MIR_250/install/sdc21x0:/home/basmala/mir250_ws/src/MiR250/MIR_250/install/mir_navigation:/home/basmala/mir250_ws/src/MiR250/MIR_250/install/mir_actions:/home/basmala/mir250_ws/install/sensors_launcher_mir_250:/home/basmala/mir250_ws/install/sdc21x0:/home/basmala/mir250_ws/install/mir_navigation:/home/basmala/mir250_ws/install/mir_msgs:/home/basmala/mir250_ws/install/mir_description:/home/basmala/mir250_ws/install/mir_actions LD_LIBRARY_PATH=/home/basmala/mir250_ws/src/MiR250/MIR_250/install/mir_msgs/lib:/home/basmala/mir250_ws/src/MiR250/MIR_250/install/sensors_launcher_mir_250/lib:/home/basmala/mir250_ws/src/MiR250/MIR_250/install/sdc21x0/lib:/home/basmala/mir250_ws/src/MiR250/MIR_250/install/mir_actions/lib:/home/basmala/mir250_ws/install/sensors_launcher_mir_250/lib:/home/basmala/mir250_ws/install/sdc21x0/lib:/home/basmala/mir250_ws/install/mir_msgs/lib:/home/basmala/mir250_ws/install/mir_actions/lib:/opt/ros/humble/opt/rviz_ogre_vendor/lib:/opt/ros/humble/lib/x86_64-linux-gnu:/opt/ros/humble/lib PYTHONPATH=/home/basmala/mir250_ws/src/MiR250/MIR_250/build/mir_manual_navigation/prefix_override:/usr/lib/python3/dist-packages/colcon_core/task/python/colcon_distutils_commands:/home/basmala/mir250_ws/src/MiR250/MIR_250/install/mir_manual_navigation/lib/python3.10/site-packages:/home/basmala/mir250_ws/src/MiR250/MIR_250/install/mir_driver/lib/python3.10/site-packages:/home/basmala/mir250_ws/src/MiR250/MIR_250/install/sdc21x0/local/lib/python3.10/dist-packages:/home/basmala/mir250_ws/src/MiR250/MIR_250/install/mir_restapi/lib/python3.10/site-packages:/home/basmala/mir250_ws/src/MiR250/MIR_250/install/mir_manual_navigation/lib/python3.10/site-packages:/home/basmala/mir250_ws/src/MiR250/MIR_250/install/graph_based_navigation_system/lib/python3.10/site-packages:/home/basmala/mir250_ws/src/MiR250/MIR_250/install/mir_msgs/local/lib/python3.10/dist-packages:/home/basmala/mir250_ws/src/MiR250/MIR_250/install/mir_actions/local/lib/python3.10/dist-packages:/home/basmala/mir250_ws/install/sdc21x0/local/lib/python3.10/dist-packages:/home/basmala/mir250_ws/install/mir_restapi/lib/python3.10/site-packages:/home/basmala/mir250_ws/install/mir_manual_navigation/lib/python3.10/site-packages:/home/basmala/mir250_ws/install/graph_based_navigation_system/lib/python3.10/site-packages:/home/basmala/mir250_ws/install/mir_driver/lib/python3.10/site-packages:/home/basmala/mir250_ws/install/mir_msgs/local/lib/python3.10/dist-packages:/home/basmala/mir250_ws/install/mir_actions/local/lib/python3.10/dist-packages:/opt/ros/humble/lib/python3.10/site-packages:/opt/ros/humble/local/lib/python3.10/dist-packages /usr/bin/python3 -W ignore:setup.py install is deprecated -W ignore:easy_install command is deprecated setup.py egg_info --egg-base ../build/mir_manual_navigation build --build-base /home/basmala/mir250_ws/src/MiR250/MIR_250/build/mir_manual_navigation/build install --record /home/basmala/mir250_ws/src/MiR250/MIR_250/build/mir_manual_navigation/install.log --install-scripts $base/lib/mir_manual_navigation --single-version-externally-managed install_data
[36.161s] Level 1:colcon.colcon_core.environment:checking '/home/basmala/mir250_ws/src/MiR250/MIR_250/install/mir_manual_navigation' for CMake config files
[36.163s] Level 1:colcon.colcon_core.environment:checking '/home/basmala/mir250_ws/src/MiR250/MIR_250/install/mir_manual_navigation/lib'
[36.163s] Level 1:colcon.colcon_core.environment:checking '/home/basmala/mir250_ws/src/MiR250/MIR_250/install/mir_manual_navigation/bin'
[36.163s] Level 1:colcon.colcon_core.environment:checking '/home/basmala/mir250_ws/src/MiR250/MIR_250/install/mir_manual_navigation/lib/pkgconfig/mir_manual_navigation.pc'
[36.164s] Level 1:colcon.colcon_core.environment:checking '/home/basmala/mir250_ws/src/MiR250/MIR_250/install/mir_manual_navigation/lib/python3.10/site-packages'
[36.164s] Level 1:colcon.colcon_core.shell:create_environment_hook('mir_manual_navigation', 'pythonpath')
[36.164s] INFO:colcon.colcon_core.shell:Creating environment hook '/home/basmala/mir250_ws/src/MiR250/MIR_250/install/mir_manual_navigation/share/mir_manual_navigation/hook/pythonpath.ps1'
[36.166s] INFO:colcon.colcon_core.shell:Creating environment descriptor '/home/basmala/mir250_ws/src/MiR250/MIR_250/install/mir_manual_navigation/share/mir_manual_navigation/hook/pythonpath.dsv'
[36.166s] INFO:colcon.colcon_core.shell:Creating environment hook '/home/basmala/mir250_ws/src/MiR250/MIR_250/install/mir_manual_navigation/share/mir_manual_navigation/hook/pythonpath.sh'
[36.167s] Level 1:colcon.colcon_core.environment:checking '/home/basmala/mir250_ws/src/MiR250/MIR_250/install/mir_manual_navigation/bin'
[36.167s] Level 1:colcon.colcon_core.environment:create_environment_scripts_only(mir_manual_navigation)
[36.168s] INFO:colcon.colcon_core.shell:Creating package script '/home/basmala/mir250_ws/src/MiR250/MIR_250/install/mir_manual_navigation/share/mir_manual_navigation/package.ps1'
[36.169s] INFO:colcon.colcon_core.shell:Creating package descriptor '/home/basmala/mir250_ws/src/MiR250/MIR_250/install/mir_manual_navigation/share/mir_manual_navigation/package.dsv'
[36.169s] INFO:colcon.colcon_core.shell:Creating package script '/home/basmala/mir250_ws/src/MiR250/MIR_250/install/mir_manual_navigation/share/mir_manual_navigation/package.sh'
[36.170s] INFO:colcon.colcon_core.shell:Creating package script '/home/basmala/mir250_ws/src/MiR250/MIR_250/install/mir_manual_navigation/share/mir_manual_navigation/package.bash'
[36.170s] INFO:colcon.colcon_core.shell:Creating package script '/home/basmala/mir250_ws/src/MiR250/MIR_250/install/mir_manual_navigation/share/mir_manual_navigation/package.zsh'
[36.170s] Level 1:colcon.colcon_core.environment:create_file_with_runtime_dependencies(/home/basmala/mir250_ws/src/MiR250/MIR_250/install/mir_manual_navigation/share/colcon-core/packages/mir_manual_navigation)
[36.179s] Level 1:colcon.colcon_core.environment:checking '/home/basmala/mir250_ws/src/MiR250/MIR_250/install/graph_based_navigation_system' for CMake module files
[36.180s] DEBUG:colcon.colcon_core.event_handler.log_command:Invoked command in '/home/basmala/mir250_ws/src/MiR250/MIR_250/graph_based_navigation_system' returned '0': AMENT_PREFIX_PATH=/home/basmala/mir250_ws/src/MiR250/MIR_250/install/mir_driver:/home/basmala/mir250_ws/src/MiR250/MIR_250/install/sensors_launcher_mir_250:/home/basmala/mir250_ws/src/MiR250/MIR_250/install/sdc21x0:/home/basmala/mir250_ws/src/MiR250/MIR_250/install/mir_restapi:/home/basmala/mir250_ws/src/MiR250/MIR_250/install/mir_navigation:/home/basmala/mir250_ws/src/MiR250/MIR_250/install/mir_manual_navigation:/home/basmala/mir250_ws/src/MiR250/MIR_250/install/graph_based_navigation_system:/home/basmala/mir250_ws/src/MiR250/MIR_250/install/mir_msgs:/home/basmala/mir250_ws/src/MiR250/MIR_250/install/mir_description:/home/basmala/mir250_ws/src/MiR250/MIR_250/install/mir_actions:/home/basmala/mir250_ws/install/sensors_launcher_mir_250:/home/basmala/mir250_ws/install/sdc21x0:/home/basmala/mir250_ws/install/mir_restapi:/home/basmala/mir250_ws/install/mir_navigation:/home/basmala/mir250_ws/install/mir_manual_navigation:/home/basmala/mir250_ws/install/graph_based_navigation_system:/home/basmala/mir250_ws/install/mir_driver:/home/basmala/mir250_ws/install/mir_msgs:/home/basmala/mir250_ws/install/mir_description:/home/basmala/mir250_ws/install/mir_actions:/opt/ros/humble CMAKE_PREFIX_PATH=/home/basmala/mir250_ws/src/MiR250/MIR_250/install/mir_msgs:/home/basmala/mir250_ws/src/MiR250/MIR_250/install/mir_description:/home/basmala/mir250_ws/src/MiR250/MIR_250/install/sensors_launcher_mir_250:/home/basmala/mir250_ws/src/MiR250/MIR_250/install/sdc21x0:/home/basmala/mir250_ws/src/MiR250/MIR_250/install/mir_navigation:/home/basmala/mir250_ws/src/MiR250/MIR_250/install/mir_actions:/home/basmala/mir250_ws/install/sensors_launcher_mir_250:/home/basmala/mir250_ws/install/sdc21x0:/home/basmala/mir250_ws/install/mir_navigation:/home/basmala/mir250_ws/install/mir_msgs:/home/basmala/mir250_ws/install/mir_description:/home/basmala/mir250_ws/install/mir_actions LD_LIBRARY_PATH=/home/basmala/mir250_ws/src/MiR250/MIR_250/install/mir_msgs/lib:/home/basmala/mir250_ws/src/MiR250/MIR_250/install/sensors_launcher_mir_250/lib:/home/basmala/mir250_ws/src/MiR250/MIR_250/install/sdc21x0/lib:/home/basmala/mir250_ws/src/MiR250/MIR_250/install/mir_actions/lib:/home/basmala/mir250_ws/install/sensors_launcher_mir_250/lib:/home/basmala/mir250_ws/install/sdc21x0/lib:/home/basmala/mir250_ws/install/mir_msgs/lib:/home/basmala/mir250_ws/install/mir_actions/lib:/opt/ros/humble/opt/rviz_ogre_vendor/lib:/opt/ros/humble/lib/x86_64-linux-gnu:/opt/ros/humble/lib PYTHONPATH=/home/basmala/mir250_ws/src/MiR250/MIR_250/build/graph_based_navigation_system/prefix_override:/usr/lib/python3/dist-packages/colcon_core/task/python/colcon_distutils_commands:/home/basmala/mir250_ws/src/MiR250/MIR_250/install/graph_based_navigation_system/lib/python3.10/site-packages:/home/basmala/mir250_ws/src/MiR250/MIR_250/install/mir_driver/lib/python3.10/site-packages:/home/basmala/mir250_ws/src/MiR250/MIR_250/install/sdc21x0/local/lib/python3.10/dist-packages:/home/basmala/mir250_ws/src/MiR250/MIR_250/install/mir_restapi/lib/python3.10/site-packages:/home/basmala/mir250_ws/src/MiR250/MIR_250/install/mir_manual_navigation/lib/python3.10/site-packages:/home/basmala/mir250_ws/src/MiR250/MIR_250/install/graph_based_navigation_system/lib/python3.10/site-packages:/home/basmala/mir250_ws/src/MiR250/MIR_250/install/mir_msgs/local/lib/python3.10/dist-packages:/home/basmala/mir250_ws/src/MiR250/MIR_250/install/mir_actions/local/lib/python3.10/dist-packages:/home/basmala/mir250_ws/install/sdc21x0/local/lib/python3.10/dist-packages:/home/basmala/mir250_ws/install/mir_restapi/lib/python3.10/site-packages:/home/basmala/mir250_ws/install/mir_manual_navigation/lib/python3.10/site-packages:/home/basmala/mir250_ws/install/graph_based_navigation_system/lib/python3.10/site-packages:/home/basmala/mir250_ws/install/mir_driver/lib/python3.10/site-packages:/home/basmala/mir250_ws/install/mir_msgs/local/lib/python3.10/dist-packages:/home/basmala/mir250_ws/install/mir_actions/local/lib/python3.10/dist-packages:/opt/ros/humble/lib/python3.10/site-packages:/opt/ros/humble/local/lib/python3.10/dist-packages /usr/bin/python3 -W ignore:setup.py install is deprecated -W ignore:easy_install command is deprecated setup.py egg_info --egg-base ../build/graph_based_navigation_system build --build-base /home/basmala/mir250_ws/src/MiR250/MIR_250/build/graph_based_navigation_system/build install --record /home/basmala/mir250_ws/src/MiR250/MIR_250/build/graph_based_navigation_system/install.log --install-scripts $base/lib/graph_based_navigation_system --single-version-externally-managed install_data
[36.181s] Level 1:colcon.colcon_core.environment:checking '/home/basmala/mir250_ws/src/MiR250/MIR_250/install/graph_based_navigation_system' for CMake config files
[36.182s] Level 1:colcon.colcon_core.environment:checking '/home/basmala/mir250_ws/src/MiR250/MIR_250/install/graph_based_navigation_system/lib'
[36.182s] Level 1:colcon.colcon_core.environment:checking '/home/basmala/mir250_ws/src/MiR250/MIR_250/install/graph_based_navigation_system/bin'
[36.183s] Level 1:colcon.colcon_core.environment:checking '/home/basmala/mir250_ws/src/MiR250/MIR_250/install/graph_based_navigation_system/lib/pkgconfig/graph_based_navigation_system.pc'
[36.183s] Level 1:colcon.colcon_core.environment:checking '/home/basmala/mir250_ws/src/MiR250/MIR_250/install/graph_based_navigation_system/lib/python3.10/site-packages'
[36.183s] Level 1:colcon.colcon_core.shell:create_environment_hook('graph_based_navigation_system', 'pythonpath')
[36.184s] INFO:colcon.colcon_core.shell:Creating environment hook '/home/basmala/mir250_ws/src/MiR250/MIR_250/install/graph_based_navigation_system/share/graph_based_navigation_system/hook/pythonpath.ps1'
[36.185s] INFO:colcon.colcon_core.shell:Creating environment descriptor '/home/basmala/mir250_ws/src/MiR250/MIR_250/install/graph_based_navigation_system/share/graph_based_navigation_system/hook/pythonpath.dsv'
[36.185s] INFO:colcon.colcon_core.shell:Creating environment hook '/home/basmala/mir250_ws/src/MiR250/MIR_250/install/graph_based_navigation_system/share/graph_based_navigation_system/hook/pythonpath.sh'
[36.187s] Level 1:colcon.colcon_core.environment:checking '/home/basmala/mir250_ws/src/MiR250/MIR_250/install/graph_based_navigation_system/bin'
[36.187s] Level 1:colcon.colcon_core.environment:create_environment_scripts_only(graph_based_navigation_system)
[36.187s] INFO:colcon.colcon_core.shell:Creating package script '/home/basmala/mir250_ws/src/MiR250/MIR_250/install/graph_based_navigation_system/share/graph_based_navigation_system/package.ps1'
[36.188s] INFO:colcon.colcon_core.shell:Creating package descriptor '/home/basmala/mir250_ws/src/MiR250/MIR_250/install/graph_based_navigation_system/share/graph_based_navigation_system/package.dsv'
[36.189s] INFO:colcon.colcon_core.shell:Creating package script '/home/basmala/mir250_ws/src/MiR250/MIR_250/install/graph_based_navigation_system/share/graph_based_navigation_system/package.sh'
[36.189s] INFO:colcon.colcon_core.shell:Creating package script '/home/basmala/mir250_ws/src/MiR250/MIR_250/install/graph_based_navigation_system/share/graph_based_navigation_system/package.bash'
[36.189s] INFO:colcon.colcon_core.shell:Creating package script '/home/basmala/mir250_ws/src/MiR250/MIR_250/install/graph_based_navigation_system/share/graph_based_navigation_system/package.zsh'
[36.190s] Level 1:colcon.colcon_core.environment:create_file_with_runtime_dependencies(/home/basmala/mir250_ws/src/MiR250/MIR_250/install/graph_based_navigation_system/share/colcon-core/packages/graph_based_navigation_system)
[37.480s] DEBUG:colcon.colcon_core.event_handler.log_command:Invoked command in '/home/basmala/mir250_ws/src/MiR250/MIR_250/build/sensors_launcher_mir_250' returned '0': CMAKE_PREFIX_PATH=${CMAKE_PREFIX_PATH}:/home/basmala/mir250_ws/src/MiR250/MIR_250/install/mir_restapi:/home/basmala/mir250_ws/src/MiR250/MIR_250/install/mir_manual_navigation:/home/basmala/mir250_ws/src/MiR250/MIR_250/install/graph_based_navigation_system:/home/basmala/mir250_ws/src/MiR250/MIR_250/install/mir_driver:/home/basmala/mir250_ws/install/mir_restapi:/home/basmala/mir250_ws/install/mir_manual_navigation:/home/basmala/mir250_ws/install/graph_based_navigation_system:/home/basmala/mir250_ws/install/mir_driver:/opt/ros/humble /usr/bin/cmake --build /home/basmala/mir250_ws/src/MiR250/MIR_250/build/sensors_launcher_mir_250 -- -j20 -l20
[37.482s] DEBUG:colcon.colcon_core.event_handler.log_command:Invoking command in '/home/basmala/mir250_ws/src/MiR250/MIR_250/build/sensors_launcher_mir_250': CMAKE_PREFIX_PATH=${CMAKE_PREFIX_PATH}:/home/basmala/mir250_ws/src/MiR250/MIR_250/install/mir_restapi:/home/basmala/mir250_ws/src/MiR250/MIR_250/install/mir_manual_navigation:/home/basmala/mir250_ws/src/MiR250/MIR_250/install/graph_based_navigation_system:/home/basmala/mir250_ws/src/MiR250/MIR_250/install/mir_driver:/home/basmala/mir250_ws/install/mir_restapi:/home/basmala/mir250_ws/install/mir_manual_navigation:/home/basmala/mir250_ws/install/graph_based_navigation_system:/home/basmala/mir250_ws/install/mir_driver:/opt/ros/humble /usr/bin/cmake --install /home/basmala/mir250_ws/src/MiR250/MIR_250/build/sensors_launcher_mir_250
[37.515s] Level 1:colcon.colcon_core.environment:create_environment_scripts_only(sensors_launcher_mir_250)
[37.515s] Level 1:colcon.colcon_core.environment:checking '/home/basmala/mir250_ws/src/MiR250/MIR_250/install/sensors_launcher_mir_250' for CMake module files
[37.516s] DEBUG:colcon.colcon_core.event_handler.log_command:Invoked command in '/home/basmala/mir250_ws/src/MiR250/MIR_250/build/sensors_launcher_mir_250' returned '0': CMAKE_PREFIX_PATH=${CMAKE_PREFIX_PATH}:/home/basmala/mir250_ws/src/MiR250/MIR_250/install/mir_restapi:/home/basmala/mir250_ws/src/MiR250/MIR_250/install/mir_manual_navigation:/home/basmala/mir250_ws/src/MiR250/MIR_250/install/graph_based_navigation_system:/home/basmala/mir250_ws/src/MiR250/MIR_250/install/mir_driver:/home/basmala/mir250_ws/install/mir_restapi:/home/basmala/mir250_ws/install/mir_manual_navigation:/home/basmala/mir250_ws/install/graph_based_navigation_system:/home/basmala/mir250_ws/install/mir_driver:/opt/ros/humble /usr/bin/cmake --install /home/basmala/mir250_ws/src/MiR250/MIR_250/build/sensors_launcher_mir_250
[37.516s] Level 1:colcon.colcon_core.environment:checking '/home/basmala/mir250_ws/src/MiR250/MIR_250/install/sensors_launcher_mir_250' for CMake config files
[37.517s] Level 1:colcon.colcon_core.shell:create_environment_hook('sensors_launcher_mir_250', 'cmake_prefix_path')
[37.517s] INFO:colcon.colcon_core.shell:Creating environment hook '/home/basmala/mir250_ws/src/MiR250/MIR_250/install/sensors_launcher_mir_250/share/sensors_launcher_mir_250/hook/cmake_prefix_path.ps1'
[37.518s] INFO:colcon.colcon_core.shell:Creating environment descriptor '/home/basmala/mir250_ws/src/MiR250/MIR_250/install/sensors_launcher_mir_250/share/sensors_launcher_mir_250/hook/cmake_prefix_path.dsv'
[37.518s] INFO:colcon.colcon_core.shell:Creating environment hook '/home/basmala/mir250_ws/src/MiR250/MIR_250/install/sensors_launcher_mir_250/share/sensors_launcher_mir_250/hook/cmake_prefix_path.sh'
[37.519s] Level 1:colcon.colcon_core.environment:checking '/home/basmala/mir250_ws/src/MiR250/MIR_250/install/sensors_launcher_mir_250/lib'
[37.519s] Level 1:colcon.colcon_core.shell:create_environment_hook('sensors_launcher_mir_250', 'ld_library_path_lib')
[37.519s] INFO:colcon.colcon_core.shell:Creating environment hook '/home/basmala/mir250_ws/src/MiR250/MIR_250/install/sensors_launcher_mir_250/share/sensors_launcher_mir_250/hook/ld_library_path_lib.ps1'
[37.520s] INFO:colcon.colcon_core.shell:Creating environment descriptor '/home/basmala/mir250_ws/src/MiR250/MIR_250/install/sensors_launcher_mir_250/share/sensors_launcher_mir_250/hook/ld_library_path_lib.dsv'
[37.520s] INFO:colcon.colcon_core.shell:Creating environment hook '/home/basmala/mir250_ws/src/MiR250/MIR_250/install/sensors_launcher_mir_250/share/sensors_launcher_mir_250/hook/ld_library_path_lib.sh'
[37.520s] Level 1:colcon.colcon_core.environment:checking '/home/basmala/mir250_ws/src/MiR250/MIR_250/install/sensors_launcher_mir_250/bin'
[37.520s] Level 1:colcon.colcon_core.environment:checking '/home/basmala/mir250_ws/src/MiR250/MIR_250/install/sensors_launcher_mir_250/lib/pkgconfig/sensors_launcher_mir_250.pc'
[37.520s] Level 1:colcon.colcon_core.environment:checking '/home/basmala/mir250_ws/src/MiR250/MIR_250/install/sensors_launcher_mir_250/lib/python3.10/site-packages'
[37.521s] Level 1:colcon.colcon_core.environment:checking '/home/basmala/mir250_ws/src/MiR250/MIR_250/install/sensors_launcher_mir_250/bin'
[37.521s] INFO:colcon.colcon_core.shell:Creating package script '/home/basmala/mir250_ws/src/MiR250/MIR_250/install/sensors_launcher_mir_250/share/sensors_launcher_mir_250/package.ps1'
[37.522s] INFO:colcon.colcon_core.shell:Creating package descriptor '/home/basmala/mir250_ws/src/MiR250/MIR_250/install/sensors_launcher_mir_250/share/sensors_launcher_mir_250/package.dsv'
[37.522s] INFO:colcon.colcon_core.shell:Creating package script '/home/basmala/mir250_ws/src/MiR250/MIR_250/install/sensors_launcher_mir_250/share/sensors_launcher_mir_250/package.sh'
[37.522s] INFO:colcon.colcon_core.shell:Creating package script '/home/basmala/mir250_ws/src/MiR250/MIR_250/install/sensors_launcher_mir_250/share/sensors_launcher_mir_250/package.bash'
[37.522s] INFO:colcon.colcon_core.shell:Creating package script '/home/basmala/mir250_ws/src/MiR250/MIR_250/install/sensors_launcher_mir_250/share/sensors_launcher_mir_250/package.zsh'
[37.523s] Level 1:colcon.colcon_core.environment:create_file_with_runtime_dependencies(/home/basmala/mir250_ws/src/MiR250/MIR_250/install/sensors_launcher_mir_250/share/colcon-core/packages/sensors_launcher_mir_250)
[37.523s] Level 1:colcon.colcon_core.environment:create_environment_scripts_only(sensors_launcher_mir_250)
[37.523s] Level 1:colcon.colcon_core.environment:checking '/home/basmala/mir250_ws/src/MiR250/MIR_250/install/sensors_launcher_mir_250' for CMake module files
[37.524s] Level 1:colcon.colcon_core.environment:checking '/home/basmala/mir250_ws/src/MiR250/MIR_250/install/sensors_launcher_mir_250' for CMake config files
[37.524s] Level 1:colcon.colcon_core.shell:create_environment_hook('sensors_launcher_mir_250', 'cmake_prefix_path')
[37.524s] INFO:colcon.colcon_core.shell:Creating environment hook '/home/basmala/mir250_ws/src/MiR250/MIR_250/install/sensors_launcher_mir_250/share/sensors_launcher_mir_250/hook/cmake_prefix_path.ps1'
[37.525s] INFO:colcon.colcon_core.shell:Creating environment descriptor '/home/basmala/mir250_ws/src/MiR250/MIR_250/install/sensors_launcher_mir_250/share/sensors_launcher_mir_250/hook/cmake_prefix_path.dsv'
[37.525s] INFO:colcon.colcon_core.shell:Creating environment hook '/home/basmala/mir250_ws/src/MiR250/MIR_250/install/sensors_launcher_mir_250/share/sensors_launcher_mir_250/hook/cmake_prefix_path.sh'
[37.526s] Level 1:colcon.colcon_core.environment:checking '/home/basmala/mir250_ws/src/MiR250/MIR_250/install/sensors_launcher_mir_250/lib'
[37.526s] Level 1:colcon.colcon_core.shell:create_environment_hook('sensors_launcher_mir_250', 'ld_library_path_lib')
[37.526s] INFO:colcon.colcon_core.shell:Creating environment hook '/home/basmala/mir250_ws/src/MiR250/MIR_250/install/sensors_launcher_mir_250/share/sensors_launcher_mir_250/hook/ld_library_path_lib.ps1'
[37.526s] INFO:colcon.colcon_core.shell:Creating environment descriptor '/home/basmala/mir250_ws/src/MiR250/MIR_250/install/sensors_launcher_mir_250/share/sensors_launcher_mir_250/hook/ld_library_path_lib.dsv'
[37.526s] INFO:colcon.colcon_core.shell:Creating environment hook '/home/basmala/mir250_ws/src/MiR250/MIR_250/install/sensors_launcher_mir_250/share/sensors_launcher_mir_250/hook/ld_library_path_lib.sh'
[37.527s] Level 1:colcon.colcon_core.environment:checking '/home/basmala/mir250_ws/src/MiR250/MIR_250/install/sensors_launcher_mir_250/bin'
[37.527s] Level 1:colcon.colcon_core.environment:checking '/home/basmala/mir250_ws/src/MiR250/MIR_250/install/sensors_launcher_mir_250/lib/pkgconfig/sensors_launcher_mir_250.pc'
[37.527s] Level 1:colcon.colcon_core.environment:checking '/home/basmala/mir250_ws/src/MiR250/MIR_250/install/sensors_launcher_mir_250/lib/python3.10/site-packages'
[37.527s] Level 1:colcon.colcon_core.environment:checking '/home/basmala/mir250_ws/src/MiR250/MIR_250/install/sensors_launcher_mir_250/bin'
[37.528s] INFO:colcon.colcon_core.shell:Creating package script '/home/basmala/mir250_ws/src/MiR250/MIR_250/install/sensors_launcher_mir_250/share/sensors_launcher_mir_250/package.ps1'
[37.528s] INFO:colcon.colcon_core.shell:Creating package descriptor '/home/basmala/mir250_ws/src/MiR250/MIR_250/install/sensors_launcher_mir_250/share/sensors_launcher_mir_250/package.dsv'
[37.529s] INFO:colcon.colcon_core.shell:Creating package script '/home/basmala/mir250_ws/src/MiR250/MIR_250/install/sensors_launcher_mir_250/share/sensors_launcher_mir_250/package.sh'
[37.529s] INFO:colcon.colcon_core.shell:Creating package script '/home/basmala/mir250_ws/src/MiR250/MIR_250/install/sensors_launcher_mir_250/share/sensors_launcher_mir_250/package.bash'
[37.529s] INFO:colcon.colcon_core.shell:Creating package script '/home/basmala/mir250_ws/src/MiR250/MIR_250/install/sensors_launcher_mir_250/share/sensors_launcher_mir_250/package.zsh'
[37.530s] Level 1:colcon.colcon_core.environment:create_file_with_runtime_dependencies(/home/basmala/mir250_ws/src/MiR250/MIR_250/install/sensors_launcher_mir_250/share/colcon-core/packages/sensors_launcher_mir_250)
[38.095s] DEBUG:colcon.colcon_core.event_handler.log_command:Invoked command in '/home/basmala/mir250_ws/src/MiR250/MIR_250/build/mir_navigation' returned '0': AMENT_PREFIX_PATH=/home/basmala/mir250_ws/src/MiR250/MIR_250/install/mir_driver:/home/basmala/mir250_ws/src/MiR250/MIR_250/install/sensors_launcher_mir_250:/home/basmala/mir250_ws/src/MiR250/MIR_250/install/sdc21x0:/home/basmala/mir250_ws/src/MiR250/MIR_250/install/mir_restapi:/home/basmala/mir250_ws/src/MiR250/MIR_250/install/mir_navigation:/home/basmala/mir250_ws/src/MiR250/MIR_250/install/mir_manual_navigation:/home/basmala/mir250_ws/src/MiR250/MIR_250/install/graph_based_navigation_system:/home/basmala/mir250_ws/src/MiR250/MIR_250/install/mir_msgs:/home/basmala/mir250_ws/src/MiR250/MIR_250/install/mir_description:/home/basmala/mir250_ws/src/MiR250/MIR_250/install/mir_actions:/home/basmala/mir250_ws/install/sensors_launcher_mir_250:/home/basmala/mir250_ws/install/sdc21x0:/home/basmala/mir250_ws/install/mir_restapi:/home/basmala/mir250_ws/install/mir_navigation:/home/basmala/mir250_ws/install/mir_manual_navigation:/home/basmala/mir250_ws/install/graph_based_navigation_system:/home/basmala/mir250_ws/install/mir_driver:/home/basmala/mir250_ws/install/mir_msgs:/home/basmala/mir250_ws/install/mir_description:/home/basmala/mir250_ws/install/mir_actions:/opt/ros/humble CMAKE_PREFIX_PATH=/home/basmala/mir250_ws/src/MiR250/MIR_250/install/mir_msgs:/home/basmala/mir250_ws/src/MiR250/MIR_250/install/mir_description:/home/basmala/mir250_ws/src/MiR250/MIR_250/install/sensors_launcher_mir_250:/home/basmala/mir250_ws/src/MiR250/MIR_250/install/sdc21x0:/home/basmala/mir250_ws/src/MiR250/MIR_250/install/mir_navigation:/home/basmala/mir250_ws/src/MiR250/MIR_250/install/mir_actions:/home/basmala/mir250_ws/install/sensors_launcher_mir_250:/home/basmala/mir250_ws/install/sdc21x0:/home/basmala/mir250_ws/install/mir_navigation:/home/basmala/mir250_ws/install/mir_msgs:/home/basmala/mir250_ws/install/mir_description:/home/basmala/mir250_ws/install/mir_actions:/home/basmala/mir250_ws/src/MiR250/MIR_250/install/mir_restapi:/home/basmala/mir250_ws/src/MiR250/MIR_250/install/mir_manual_navigation:/home/basmala/mir250_ws/src/MiR250/MIR_250/install/graph_based_navigation_system:/home/basmala/mir250_ws/src/MiR250/MIR_250/install/mir_driver:/home/basmala/mir250_ws/install/mir_restapi:/home/basmala/mir250_ws/install/mir_manual_navigation:/home/basmala/mir250_ws/install/graph_based_navigation_system:/home/basmala/mir250_ws/install/mir_driver:/opt/ros/humble LD_LIBRARY_PATH=/home/basmala/mir250_ws/src/MiR250/MIR_250/install/mir_msgs/lib:/home/basmala/mir250_ws/src/MiR250/MIR_250/install/sensors_launcher_mir_250/lib:/home/basmala/mir250_ws/src/MiR250/MIR_250/install/sdc21x0/lib:/home/basmala/mir250_ws/src/MiR250/MIR_250/install/mir_actions/lib:/home/basmala/mir250_ws/install/sensors_launcher_mir_250/lib:/home/basmala/mir250_ws/install/sdc21x0/lib:/home/basmala/mir250_ws/install/mir_msgs/lib:/home/basmala/mir250_ws/install/mir_actions/lib:/opt/ros/humble/opt/rviz_ogre_vendor/lib:/opt/ros/humble/lib/x86_64-linux-gnu:/opt/ros/humble/lib PYTHONPATH=/home/basmala/mir250_ws/src/MiR250/MIR_250/install/mir_driver/lib/python3.10/site-packages:/home/basmala/mir250_ws/src/MiR250/MIR_250/install/sdc21x0/local/lib/python3.10/dist-packages:/home/basmala/mir250_ws/src/MiR250/MIR_250/install/mir_restapi/lib/python3.10/site-packages:/home/basmala/mir250_ws/src/MiR250/MIR_250/install/mir_manual_navigation/lib/python3.10/site-packages:/home/basmala/mir250_ws/src/MiR250/MIR_250/install/graph_based_navigation_system/lib/python3.10/site-packages:/home/basmala/mir250_ws/src/MiR250/MIR_250/install/mir_msgs/local/lib/python3.10/dist-packages:/home/basmala/mir250_ws/src/MiR250/MIR_250/install/mir_actions/local/lib/python3.10/dist-packages:/home/basmala/mir250_ws/install/sdc21x0/local/lib/python3.10/dist-packages:/home/basmala/mir250_ws/install/mir_restapi/lib/python3.10/site-packages:/home/basmala/mir250_ws/install/mir_manual_navigation/lib/python3.10/site-packages:/home/basmala/mir250_ws/install/graph_based_navigation_system/lib/python3.10/site-packages:/home/basmala/mir250_ws/install/mir_driver/lib/python3.10/site-packages:/home/basmala/mir250_ws/install/mir_msgs/local/lib/python3.10/dist-packages:/home/basmala/mir250_ws/install/mir_actions/local/lib/python3.10/dist-packages:/opt/ros/humble/lib/python3.10/site-packages:/opt/ros/humble/local/lib/python3.10/dist-packages /usr/bin/cmake /home/basmala/mir250_ws/src/MiR250/MIR_250/mir_navigation -DCMAKE_INSTALL_PREFIX=/home/basmala/mir250_ws/src/MiR250/MIR_250/install/mir_navigation
[38.096s] DEBUG:colcon.colcon_core.event_handler.log_command:Invoking command in '/home/basmala/mir250_ws/src/MiR250/MIR_250/build/mir_navigation': AMENT_PREFIX_PATH=/home/basmala/mir250_ws/src/MiR250/MIR_250/install/mir_driver:/home/basmala/mir250_ws/src/MiR250/MIR_250/install/sensors_launcher_mir_250:/home/basmala/mir250_ws/src/MiR250/MIR_250/install/sdc21x0:/home/basmala/mir250_ws/src/MiR250/MIR_250/install/mir_restapi:/home/basmala/mir250_ws/src/MiR250/MIR_250/install/mir_navigation:/home/basmala/mir250_ws/src/MiR250/MIR_250/install/mir_manual_navigation:/home/basmala/mir250_ws/src/MiR250/MIR_250/install/graph_based_navigation_system:/home/basmala/mir250_ws/src/MiR250/MIR_250/install/mir_msgs:/home/basmala/mir250_ws/src/MiR250/MIR_250/install/mir_description:/home/basmala/mir250_ws/src/MiR250/MIR_250/install/mir_actions:/home/basmala/mir250_ws/install/sensors_launcher_mir_250:/home/basmala/mir250_ws/install/sdc21x0:/home/basmala/mir250_ws/install/mir_restapi:/home/basmala/mir250_ws/install/mir_navigation:/home/basmala/mir250_ws/install/mir_manual_navigation:/home/basmala/mir250_ws/install/graph_based_navigation_system:/home/basmala/mir250_ws/install/mir_driver:/home/basmala/mir250_ws/install/mir_msgs:/home/basmala/mir250_ws/install/mir_description:/home/basmala/mir250_ws/install/mir_actions:/opt/ros/humble CMAKE_PREFIX_PATH=/home/basmala/mir250_ws/src/MiR250/MIR_250/install/mir_msgs:/home/basmala/mir250_ws/src/MiR250/MIR_250/install/mir_description:/home/basmala/mir250_ws/src/MiR250/MIR_250/install/sensors_launcher_mir_250:/home/basmala/mir250_ws/src/MiR250/MIR_250/install/sdc21x0:/home/basmala/mir250_ws/src/MiR250/MIR_250/install/mir_navigation:/home/basmala/mir250_ws/src/MiR250/MIR_250/install/mir_actions:/home/basmala/mir250_ws/install/sensors_launcher_mir_250:/home/basmala/mir250_ws/install/sdc21x0:/home/basmala/mir250_ws/install/mir_navigation:/home/basmala/mir250_ws/install/mir_msgs:/home/basmala/mir250_ws/install/mir_description:/home/basmala/mir250_ws/install/mir_actions:/home/basmala/mir250_ws/src/MiR250/MIR_250/install/mir_restapi:/home/basmala/mir250_ws/src/MiR250/MIR_250/install/mir_manual_navigation:/home/basmala/mir250_ws/src/MiR250/MIR_250/install/graph_based_navigation_system:/home/basmala/mir250_ws/src/MiR250/MIR_250/install/mir_driver:/home/basmala/mir250_ws/install/mir_restapi:/home/basmala/mir250_ws/install/mir_manual_navigation:/home/basmala/mir250_ws/install/graph_based_navigation_system:/home/basmala/mir250_ws/install/mir_driver:/opt/ros/humble LD_LIBRARY_PATH=/home/basmala/mir250_ws/src/MiR250/MIR_250/install/mir_msgs/lib:/home/basmala/mir250_ws/src/MiR250/MIR_250/install/sensors_launcher_mir_250/lib:/home/basmala/mir250_ws/src/MiR250/MIR_250/install/sdc21x0/lib:/home/basmala/mir250_ws/src/MiR250/MIR_250/install/mir_actions/lib:/home/basmala/mir250_ws/install/sensors_launcher_mir_250/lib:/home/basmala/mir250_ws/install/sdc21x0/lib:/home/basmala/mir250_ws/install/mir_msgs/lib:/home/basmala/mir250_ws/install/mir_actions/lib:/opt/ros/humble/opt/rviz_ogre_vendor/lib:/opt/ros/humble/lib/x86_64-linux-gnu:/opt/ros/humble/lib PYTHONPATH=/home/basmala/mir250_ws/src/MiR250/MIR_250/install/mir_driver/lib/python3.10/site-packages:/home/basmala/mir250_ws/src/MiR250/MIR_250/install/sdc21x0/local/lib/python3.10/dist-packages:/home/basmala/mir250_ws/src/MiR250/MIR_250/install/mir_restapi/lib/python3.10/site-packages:/home/basmala/mir250_ws/src/MiR250/MIR_250/install/mir_manual_navigation/lib/python3.10/site-packages:/home/basmala/mir250_ws/src/MiR250/MIR_250/install/graph_based_navigation_system/lib/python3.10/site-packages:/home/basmala/mir250_ws/src/MiR250/MIR_250/install/mir_msgs/local/lib/python3.10/dist-packages:/home/basmala/mir250_ws/src/MiR250/MIR_250/install/mir_actions/local/lib/python3.10/dist-packages:/home/basmala/mir250_ws/install/sdc21x0/local/lib/python3.10/dist-packages:/home/basmala/mir250_ws/install/mir_restapi/lib/python3.10/site-packages:/home/basmala/mir250_ws/install/mir_manual_navigation/lib/python3.10/site-packages:/home/basmala/mir250_ws/install/graph_based_navigation_system/lib/python3.10/site-packages:/home/basmala/mir250_ws/install/mir_driver/lib/python3.10/site-packages:/home/basmala/mir250_ws/install/mir_msgs/local/lib/python3.10/dist-packages:/home/basmala/mir250_ws/install/mir_actions/local/lib/python3.10/dist-packages:/opt/ros/humble/lib/python3.10/site-packages:/opt/ros/humble/local/lib/python3.10/dist-packages /usr/bin/cmake --build /home/basmala/mir250_ws/src/MiR250/MIR_250/build/mir_navigation -- -j20 -l20
[38.141s] DEBUG:colcon.colcon_core.event_handler.log_command:Invoked command in '/home/basmala/mir250_ws/src/MiR250/MIR_250/build/mir_navigation' returned '0': AMENT_PREFIX_PATH=/home/basmala/mir250_ws/src/MiR250/MIR_250/install/mir_driver:/home/basmala/mir250_ws/src/MiR250/MIR_250/install/sensors_launcher_mir_250:/home/basmala/mir250_ws/src/MiR250/MIR_250/install/sdc21x0:/home/basmala/mir250_ws/src/MiR250/MIR_250/install/mir_restapi:/home/basmala/mir250_ws/src/MiR250/MIR_250/install/mir_navigation:/home/basmala/mir250_ws/src/MiR250/MIR_250/install/mir_manual_navigation:/home/basmala/mir250_ws/src/MiR250/MIR_250/install/graph_based_navigation_system:/home/basmala/mir250_ws/src/MiR250/MIR_250/install/mir_msgs:/home/basmala/mir250_ws/src/MiR250/MIR_250/install/mir_description:/home/basmala/mir250_ws/src/MiR250/MIR_250/install/mir_actions:/home/basmala/mir250_ws/install/sensors_launcher_mir_250:/home/basmala/mir250_ws/install/sdc21x0:/home/basmala/mir250_ws/install/mir_restapi:/home/basmala/mir250_ws/install/mir_navigation:/home/basmala/mir250_ws/install/mir_manual_navigation:/home/basmala/mir250_ws/install/graph_based_navigation_system:/home/basmala/mir250_ws/install/mir_driver:/home/basmala/mir250_ws/install/mir_msgs:/home/basmala/mir250_ws/install/mir_description:/home/basmala/mir250_ws/install/mir_actions:/opt/ros/humble CMAKE_PREFIX_PATH=/home/basmala/mir250_ws/src/MiR250/MIR_250/install/mir_msgs:/home/basmala/mir250_ws/src/MiR250/MIR_250/install/mir_description:/home/basmala/mir250_ws/src/MiR250/MIR_250/install/sensors_launcher_mir_250:/home/basmala/mir250_ws/src/MiR250/MIR_250/install/sdc21x0:/home/basmala/mir250_ws/src/MiR250/MIR_250/install/mir_navigation:/home/basmala/mir250_ws/src/MiR250/MIR_250/install/mir_actions:/home/basmala/mir250_ws/install/sensors_launcher_mir_250:/home/basmala/mir250_ws/install/sdc21x0:/home/basmala/mir250_ws/install/mir_navigation:/home/basmala/mir250_ws/install/mir_msgs:/home/basmala/mir250_ws/install/mir_description:/home/basmala/mir250_ws/install/mir_actions:/home/basmala/mir250_ws/src/MiR250/MIR_250/install/mir_restapi:/home/basmala/mir250_ws/src/MiR250/MIR_250/install/mir_manual_navigation:/home/basmala/mir250_ws/src/MiR250/MIR_250/install/graph_based_navigation_system:/home/basmala/mir250_ws/src/MiR250/MIR_250/install/mir_driver:/home/basmala/mir250_ws/install/mir_restapi:/home/basmala/mir250_ws/install/mir_manual_navigation:/home/basmala/mir250_ws/install/graph_based_navigation_system:/home/basmala/mir250_ws/install/mir_driver:/opt/ros/humble LD_LIBRARY_PATH=/home/basmala/mir250_ws/src/MiR250/MIR_250/install/mir_msgs/lib:/home/basmala/mir250_ws/src/MiR250/MIR_250/install/sensors_launcher_mir_250/lib:/home/basmala/mir250_ws/src/MiR250/MIR_250/install/sdc21x0/lib:/home/basmala/mir250_ws/src/MiR250/MIR_250/install/mir_actions/lib:/home/basmala/mir250_ws/install/sensors_launcher_mir_250/lib:/home/basmala/mir250_ws/install/sdc21x0/lib:/home/basmala/mir250_ws/install/mir_msgs/lib:/home/basmala/mir250_ws/install/mir_actions/lib:/opt/ros/humble/opt/rviz_ogre_vendor/lib:/opt/ros/humble/lib/x86_64-linux-gnu:/opt/ros/humble/lib PYTHONPATH=/home/basmala/mir250_ws/src/MiR250/MIR_250/install/mir_driver/lib/python3.10/site-packages:/home/basmala/mir250_ws/src/MiR250/MIR_250/install/sdc21x0/local/lib/python3.10/dist-packages:/home/basmala/mir250_ws/src/MiR250/MIR_250/install/mir_restapi/lib/python3.10/site-packages:/home/basmala/mir250_ws/src/MiR250/MIR_250/install/mir_manual_navigation/lib/python3.10/site-packages:/home/basmala/mir250_ws/src/MiR250/MIR_250/install/graph_based_navigation_system/lib/python3.10/site-packages:/home/basmala/mir250_ws/src/MiR250/MIR_250/install/mir_msgs/local/lib/python3.10/dist-packages:/home/basmala/mir250_ws/src/MiR250/MIR_250/install/mir_actions/local/lib/python3.10/dist-packages:/home/basmala/mir250_ws/install/sdc21x0/local/lib/python3.10/dist-packages:/home/basmala/mir250_ws/install/mir_restapi/lib/python3.10/site-packages:/home/basmala/mir250_ws/install/mir_manual_navigation/lib/python3.10/site-packages:/home/basmala/mir250_ws/install/graph_based_navigation_system/lib/python3.10/site-packages:/home/basmala/mir250_ws/install/mir_driver/lib/python3.10/site-packages:/home/basmala/mir250_ws/install/mir_msgs/local/lib/python3.10/dist-packages:/home/basmala/mir250_ws/install/mir_actions/local/lib/python3.10/dist-packages:/opt/ros/humble/lib/python3.10/site-packages:/opt/ros/humble/local/lib/python3.10/dist-packages /usr/bin/cmake --build /home/basmala/mir250_ws/src/MiR250/MIR_250/build/mir_navigation -- -j20 -l20
[38.143s] DEBUG:colcon.colcon_core.event_handler.log_command:Invoking command in '/home/basmala/mir250_ws/src/MiR250/MIR_250/build/mir_navigation': AMENT_PREFIX_PATH=/home/basmala/mir250_ws/src/MiR250/MIR_250/install/mir_driver:/home/basmala/mir250_ws/src/MiR250/MIR_250/install/sensors_launcher_mir_250:/home/basmala/mir250_ws/src/MiR250/MIR_250/install/sdc21x0:/home/basmala/mir250_ws/src/MiR250/MIR_250/install/mir_restapi:/home/basmala/mir250_ws/src/MiR250/MIR_250/install/mir_navigation:/home/basmala/mir250_ws/src/MiR250/MIR_250/install/mir_manual_navigation:/home/basmala/mir250_ws/src/MiR250/MIR_250/install/graph_based_navigation_system:/home/basmala/mir250_ws/src/MiR250/MIR_250/install/mir_msgs:/home/basmala/mir250_ws/src/MiR250/MIR_250/install/mir_description:/home/basmala/mir250_ws/src/MiR250/MIR_250/install/mir_actions:/home/basmala/mir250_ws/install/sensors_launcher_mir_250:/home/basmala/mir250_ws/install/sdc21x0:/home/basmala/mir250_ws/install/mir_restapi:/home/basmala/mir250_ws/install/mir_navigation:/home/basmala/mir250_ws/install/mir_manual_navigation:/home/basmala/mir250_ws/install/graph_based_navigation_system:/home/basmala/mir250_ws/install/mir_driver:/home/basmala/mir250_ws/install/mir_msgs:/home/basmala/mir250_ws/install/mir_description:/home/basmala/mir250_ws/install/mir_actions:/opt/ros/humble CMAKE_PREFIX_PATH=/home/basmala/mir250_ws/src/MiR250/MIR_250/install/mir_msgs:/home/basmala/mir250_ws/src/MiR250/MIR_250/install/mir_description:/home/basmala/mir250_ws/src/MiR250/MIR_250/install/sensors_launcher_mir_250:/home/basmala/mir250_ws/src/MiR250/MIR_250/install/sdc21x0:/home/basmala/mir250_ws/src/MiR250/MIR_250/install/mir_navigation:/home/basmala/mir250_ws/src/MiR250/MIR_250/install/mir_actions:/home/basmala/mir250_ws/install/sensors_launcher_mir_250:/home/basmala/mir250_ws/install/sdc21x0:/home/basmala/mir250_ws/install/mir_navigation:/home/basmala/mir250_ws/install/mir_msgs:/home/basmala/mir250_ws/install/mir_description:/home/basmala/mir250_ws/install/mir_actions:/home/basmala/mir250_ws/src/MiR250/MIR_250/install/mir_restapi:/home/basmala/mir250_ws/src/MiR250/MIR_250/install/mir_manual_navigation:/home/basmala/mir250_ws/src/MiR250/MIR_250/install/graph_based_navigation_system:/home/basmala/mir250_ws/src/MiR250/MIR_250/install/mir_driver:/home/basmala/mir250_ws/install/mir_restapi:/home/basmala/mir250_ws/install/mir_manual_navigation:/home/basmala/mir250_ws/install/graph_based_navigation_system:/home/basmala/mir250_ws/install/mir_driver:/opt/ros/humble LD_LIBRARY_PATH=/home/basmala/mir250_ws/src/MiR250/MIR_250/install/mir_msgs/lib:/home/basmala/mir250_ws/src/MiR250/MIR_250/install/sensors_launcher_mir_250/lib:/home/basmala/mir250_ws/src/MiR250/MIR_250/install/sdc21x0/lib:/home/basmala/mir250_ws/src/MiR250/MIR_250/install/mir_actions/lib:/home/basmala/mir250_ws/install/sensors_launcher_mir_250/lib:/home/basmala/mir250_ws/install/sdc21x0/lib:/home/basmala/mir250_ws/install/mir_msgs/lib:/home/basmala/mir250_ws/install/mir_actions/lib:/opt/ros/humble/opt/rviz_ogre_vendor/lib:/opt/ros/humble/lib/x86_64-linux-gnu:/opt/ros/humble/lib PYTHONPATH=/home/basmala/mir250_ws/src/MiR250/MIR_250/install/mir_driver/lib/python3.10/site-packages:/home/basmala/mir250_ws/src/MiR250/MIR_250/install/sdc21x0/local/lib/python3.10/dist-packages:/home/basmala/mir250_ws/src/MiR250/MIR_250/install/mir_restapi/lib/python3.10/site-packages:/home/basmala/mir250_ws/src/MiR250/MIR_250/install/mir_manual_navigation/lib/python3.10/site-packages:/home/basmala/mir250_ws/src/MiR250/MIR_250/install/graph_based_navigation_system/lib/python3.10/site-packages:/home/basmala/mir250_ws/src/MiR250/MIR_250/install/mir_msgs/local/lib/python3.10/dist-packages:/home/basmala/mir250_ws/src/MiR250/MIR_250/install/mir_actions/local/lib/python3.10/dist-packages:/home/basmala/mir250_ws/install/sdc21x0/local/lib/python3.10/dist-packages:/home/basmala/mir250_ws/install/mir_restapi/lib/python3.10/site-packages:/home/basmala/mir250_ws/install/mir_manual_navigation/lib/python3.10/site-packages:/home/basmala/mir250_ws/install/graph_based_navigation_system/lib/python3.10/site-packages:/home/basmala/mir250_ws/install/mir_driver/lib/python3.10/site-packages:/home/basmala/mir250_ws/install/mir_msgs/local/lib/python3.10/dist-packages:/home/basmala/mir250_ws/install/mir_actions/local/lib/python3.10/dist-packages:/opt/ros/humble/lib/python3.10/site-packages:/opt/ros/humble/local/lib/python3.10/dist-packages /usr/bin/cmake --install /home/basmala/mir250_ws/src/MiR250/MIR_250/build/mir_navigation
[38.189s] Level 1:colcon.colcon_core.environment:create_environment_scripts_only(mir_navigation)
[38.189s] Level 1:colcon.colcon_core.environment:checking '/home/basmala/mir250_ws/src/MiR250/MIR_250/install/mir_navigation' for CMake module files
[38.190s] DEBUG:colcon.colcon_core.event_handler.log_command:Invoked command in '/home/basmala/mir250_ws/src/MiR250/MIR_250/build/mir_navigation' returned '0': AMENT_PREFIX_PATH=/home/basmala/mir250_ws/src/MiR250/MIR_250/install/mir_driver:/home/basmala/mir250_ws/src/MiR250/MIR_250/install/sensors_launcher_mir_250:/home/basmala/mir250_ws/src/MiR250/MIR_250/install/sdc21x0:/home/basmala/mir250_ws/src/MiR250/MIR_250/install/mir_restapi:/home/basmala/mir250_ws/src/MiR250/MIR_250/install/mir_navigation:/home/basmala/mir250_ws/src/MiR250/MIR_250/install/mir_manual_navigation:/home/basmala/mir250_ws/src/MiR250/MIR_250/install/graph_based_navigation_system:/home/basmala/mir250_ws/src/MiR250/MIR_250/install/mir_msgs:/home/basmala/mir250_ws/src/MiR250/MIR_250/install/mir_description:/home/basmala/mir250_ws/src/MiR250/MIR_250/install/mir_actions:/home/basmala/mir250_ws/install/sensors_launcher_mir_250:/home/basmala/mir250_ws/install/sdc21x0:/home/basmala/mir250_ws/install/mir_restapi:/home/basmala/mir250_ws/install/mir_navigation:/home/basmala/mir250_ws/install/mir_manual_navigation:/home/basmala/mir250_ws/install/graph_based_navigation_system:/home/basmala/mir250_ws/install/mir_driver:/home/basmala/mir250_ws/install/mir_msgs:/home/basmala/mir250_ws/install/mir_description:/home/basmala/mir250_ws/install/mir_actions:/opt/ros/humble CMAKE_PREFIX_PATH=/home/basmala/mir250_ws/src/MiR250/MIR_250/install/mir_msgs:/home/basmala/mir250_ws/src/MiR250/MIR_250/install/mir_description:/home/basmala/mir250_ws/src/MiR250/MIR_250/install/sensors_launcher_mir_250:/home/basmala/mir250_ws/src/MiR250/MIR_250/install/sdc21x0:/home/basmala/mir250_ws/src/MiR250/MIR_250/install/mir_navigation:/home/basmala/mir250_ws/src/MiR250/MIR_250/install/mir_actions:/home/basmala/mir250_ws/install/sensors_launcher_mir_250:/home/basmala/mir250_ws/install/sdc21x0:/home/basmala/mir250_ws/install/mir_navigation:/home/basmala/mir250_ws/install/mir_msgs:/home/basmala/mir250_ws/install/mir_description:/home/basmala/mir250_ws/install/mir_actions:/home/basmala/mir250_ws/src/MiR250/MIR_250/install/mir_restapi:/home/basmala/mir250_ws/src/MiR250/MIR_250/install/mir_manual_navigation:/home/basmala/mir250_ws/src/MiR250/MIR_250/install/graph_based_navigation_system:/home/basmala/mir250_ws/src/MiR250/MIR_250/install/mir_driver:/home/basmala/mir250_ws/install/mir_restapi:/home/basmala/mir250_ws/install/mir_manual_navigation:/home/basmala/mir250_ws/install/graph_based_navigation_system:/home/basmala/mir250_ws/install/mir_driver:/opt/ros/humble LD_LIBRARY_PATH=/home/basmala/mir250_ws/src/MiR250/MIR_250/install/mir_msgs/lib:/home/basmala/mir250_ws/src/MiR250/MIR_250/install/sensors_launcher_mir_250/lib:/home/basmala/mir250_ws/src/MiR250/MIR_250/install/sdc21x0/lib:/home/basmala/mir250_ws/src/MiR250/MIR_250/install/mir_actions/lib:/home/basmala/mir250_ws/install/sensors_launcher_mir_250/lib:/home/basmala/mir250_ws/install/sdc21x0/lib:/home/basmala/mir250_ws/install/mir_msgs/lib:/home/basmala/mir250_ws/install/mir_actions/lib:/opt/ros/humble/opt/rviz_ogre_vendor/lib:/opt/ros/humble/lib/x86_64-linux-gnu:/opt/ros/humble/lib PYTHONPATH=/home/basmala/mir250_ws/src/MiR250/MIR_250/install/mir_driver/lib/python3.10/site-packages:/home/basmala/mir250_ws/src/MiR250/MIR_250/install/sdc21x0/local/lib/python3.10/dist-packages:/home/basmala/mir250_ws/src/MiR250/MIR_250/install/mir_restapi/lib/python3.10/site-packages:/home/basmala/mir250_ws/src/MiR250/MIR_250/install/mir_manual_navigation/lib/python3.10/site-packages:/home/basmala/mir250_ws/src/MiR250/MIR_250/install/graph_based_navigation_system/lib/python3.10/site-packages:/home/basmala/mir250_ws/src/MiR250/MIR_250/install/mir_msgs/local/lib/python3.10/dist-packages:/home/basmala/mir250_ws/src/MiR250/MIR_250/install/mir_actions/local/lib/python3.10/dist-packages:/home/basmala/mir250_ws/install/sdc21x0/local/lib/python3.10/dist-packages:/home/basmala/mir250_ws/install/mir_restapi/lib/python3.10/site-packages:/home/basmala/mir250_ws/install/mir_manual_navigation/lib/python3.10/site-packages:/home/basmala/mir250_ws/install/graph_based_navigation_system/lib/python3.10/site-packages:/home/basmala/mir250_ws/install/mir_driver/lib/python3.10/site-packages:/home/basmala/mir250_ws/install/mir_msgs/local/lib/python3.10/dist-packages:/home/basmala/mir250_ws/install/mir_actions/local/lib/python3.10/dist-packages:/opt/ros/humble/lib/python3.10/site-packages:/opt/ros/humble/local/lib/python3.10/dist-packages /usr/bin/cmake --install /home/basmala/mir250_ws/src/MiR250/MIR_250/build/mir_navigation
[38.190s] Level 1:colcon.colcon_core.environment:checking '/home/basmala/mir250_ws/src/MiR250/MIR_250/install/mir_navigation' for CMake config files
[38.190s] Level 1:colcon.colcon_core.shell:create_environment_hook('mir_navigation', 'cmake_prefix_path')
[38.190s] INFO:colcon.colcon_core.shell:Creating environment hook '/home/basmala/mir250_ws/src/MiR250/MIR_250/install/mir_navigation/share/mir_navigation/hook/cmake_prefix_path.ps1'
[38.191s] INFO:colcon.colcon_core.shell:Creating environment descriptor '/home/basmala/mir250_ws/src/MiR250/MIR_250/install/mir_navigation/share/mir_navigation/hook/cmake_prefix_path.dsv'
[38.191s] INFO:colcon.colcon_core.shell:Creating environment hook '/home/basmala/mir250_ws/src/MiR250/MIR_250/install/mir_navigation/share/mir_navigation/hook/cmake_prefix_path.sh'
[38.191s] Level 1:colcon.colcon_core.environment:checking '/home/basmala/mir250_ws/src/MiR250/MIR_250/install/mir_navigation/bin'
[38.191s] Level 1:colcon.colcon_core.environment:checking '/home/basmala/mir250_ws/src/MiR250/MIR_250/install/mir_navigation/lib/pkgconfig/mir_navigation.pc'
[38.192s] Level 1:colcon.colcon_core.environment:checking '/home/basmala/mir250_ws/src/MiR250/MIR_250/install/mir_navigation/lib/python3.10/site-packages'
[38.192s] Level 1:colcon.colcon_core.environment:checking '/home/basmala/mir250_ws/src/MiR250/MIR_250/install/mir_navigation/bin'
[38.192s] INFO:colcon.colcon_core.shell:Creating package script '/home/basmala/mir250_ws/src/MiR250/MIR_250/install/mir_navigation/share/mir_navigation/package.ps1'
[38.193s] INFO:colcon.colcon_core.shell:Creating package descriptor '/home/basmala/mir250_ws/src/MiR250/MIR_250/install/mir_navigation/share/mir_navigation/package.dsv'
[38.193s] INFO:colcon.colcon_core.shell:Creating package script '/home/basmala/mir250_ws/src/MiR250/MIR_250/install/mir_navigation/share/mir_navigation/package.sh'
[38.193s] INFO:colcon.colcon_core.shell:Creating package script '/home/basmala/mir250_ws/src/MiR250/MIR_250/install/mir_navigation/share/mir_navigation/package.bash'
[38.193s] INFO:colcon.colcon_core.shell:Creating package script '/home/basmala/mir250_ws/src/MiR250/MIR_250/install/mir_navigation/share/mir_navigation/package.zsh'
[38.194s] Level 1:colcon.colcon_core.environment:create_file_with_runtime_dependencies(/home/basmala/mir250_ws/src/MiR250/MIR_250/install/mir_navigation/share/colcon-core/packages/mir_navigation)
[38.194s] Level 1:colcon.colcon_core.environment:create_environment_scripts_only(mir_navigation)
[38.194s] Level 1:colcon.colcon_core.environment:checking '/home/basmala/mir250_ws/src/MiR250/MIR_250/install/mir_navigation' for CMake module files
[38.195s] Level 1:colcon.colcon_core.environment:checking '/home/basmala/mir250_ws/src/MiR250/MIR_250/install/mir_navigation' for CMake config files
[38.195s] Level 1:colcon.colcon_core.shell:create_environment_hook('mir_navigation', 'cmake_prefix_path')
[38.195s] INFO:colcon.colcon_core.shell:Creating environment hook '/home/basmala/mir250_ws/src/MiR250/MIR_250/install/mir_navigation/share/mir_navigation/hook/cmake_prefix_path.ps1'
[38.195s] INFO:colcon.colcon_core.shell:Creating environment descriptor '/home/basmala/mir250_ws/src/MiR250/MIR_250/install/mir_navigation/share/mir_navigation/hook/cmake_prefix_path.dsv'
[38.196s] INFO:colcon.colcon_core.shell:Creating environment hook '/home/basmala/mir250_ws/src/MiR250/MIR_250/install/mir_navigation/share/mir_navigation/hook/cmake_prefix_path.sh'
[38.196s] Level 1:colcon.colcon_core.environment:checking '/home/basmala/mir250_ws/src/MiR250/MIR_250/install/mir_navigation/bin'
[38.196s] Level 1:colcon.colcon_core.environment:checking '/home/basmala/mir250_ws/src/MiR250/MIR_250/install/mir_navigation/lib/pkgconfig/mir_navigation.pc'
[38.196s] Level 1:colcon.colcon_core.environment:checking '/home/basmala/mir250_ws/src/MiR250/MIR_250/install/mir_navigation/lib/python3.10/site-packages'
[38.196s] Level 1:colcon.colcon_core.environment:checking '/home/basmala/mir250_ws/src/MiR250/MIR_250/install/mir_navigation/bin'
[38.197s] INFO:colcon.colcon_core.shell:Creating package script '/home/basmala/mir250_ws/src/MiR250/MIR_250/install/mir_navigation/share/mir_navigation/package.ps1'
[38.197s] INFO:colcon.colcon_core.shell:Creating package descriptor '/home/basmala/mir250_ws/src/MiR250/MIR_250/install/mir_navigation/share/mir_navigation/package.dsv'
[38.198s] INFO:colcon.colcon_core.shell:Creating package script '/home/basmala/mir250_ws/src/MiR250/MIR_250/install/mir_navigation/share/mir_navigation/package.sh'
[38.198s] INFO:colcon.colcon_core.shell:Creating package script '/home/basmala/mir250_ws/src/MiR250/MIR_250/install/mir_navigation/share/mir_navigation/package.bash'
[38.198s] INFO:colcon.colcon_core.shell:Creating package script '/home/basmala/mir250_ws/src/MiR250/MIR_250/install/mir_navigation/share/mir_navigation/package.zsh'
[38.198s] Level 1:colcon.colcon_core.environment:create_file_with_runtime_dependencies(/home/basmala/mir250_ws/src/MiR250/MIR_250/install/mir_navigation/share/colcon-core/packages/mir_navigation)
[38.199s] DEBUG:colcon.colcon_parallel_executor.executor.parallel:closing loop
[38.199s] DEBUG:colcon.colcon_parallel_executor.executor.parallel:loop closed
[38.200s] DEBUG:colcon.colcon_parallel_executor.executor.parallel:run_until_complete finished with '0'
[38.200s] DEBUG:colcon.colcon_core.event_reactor:joining thread
[38.207s] INFO:colcon.colcon_core.plugin_system:Skipping extension 'colcon_notification.desktop_notification.terminal_notifier': Not used on non-Darwin systems
[38.207s] INFO:colcon.colcon_core.plugin_system:Skipping extension 'colcon_notification.desktop_notification.win32': Not used on non-Windows systems
[38.207s] INFO:colcon.colcon_notification.desktop_notification:Sending desktop notification using 'notify2'
[38.227s] DEBUG:colcon.colcon_core.event_reactor:joined thread
[38.228s] INFO:colcon.colcon_core.shell:Creating prefix script '/home/basmala/mir250_ws/src/MiR250/MIR_250/install/local_setup.ps1'
[38.229s] INFO:colcon.colcon_core.shell:Creating prefix util module '/home/basmala/mir250_ws/src/MiR250/MIR_250/install/_local_setup_util_ps1.py'
[38.230s] INFO:colcon.colcon_core.shell:Creating prefix chain script '/home/basmala/mir250_ws/src/MiR250/MIR_250/install/setup.ps1'
[38.233s] INFO:colcon.colcon_core.shell:Creating prefix script '/home/basmala/mir250_ws/src/MiR250/MIR_250/install/local_setup.sh'
[38.234s] INFO:colcon.colcon_core.shell:Creating prefix util module '/home/basmala/mir250_ws/src/MiR250/MIR_250/install/_local_setup_util_sh.py'
[38.234s] INFO:colcon.colcon_core.shell:Creating prefix chain script '/home/basmala/mir250_ws/src/MiR250/MIR_250/install/setup.sh'
[38.237s] INFO:colcon.colcon_core.shell:Creating prefix script '/home/basmala/mir250_ws/src/MiR250/MIR_250/install/local_setup.bash'
[38.237s] INFO:colcon.colcon_core.shell:Creating prefix chain script '/home/basmala/mir250_ws/src/MiR250/MIR_250/install/setup.bash'
[38.239s] INFO:colcon.colcon_core.shell:Creating prefix script '/home/basmala/mir250_ws/src/MiR250/MIR_250/install/local_setup.zsh'
[38.239s] INFO:colcon.colcon_core.shell:Creating prefix chain script '/home/basmala/mir250_ws/src/MiR250/MIR_250/install/setup.zsh'
