[0.052s] Invoking command in '/home/basmala/mir250_ws/build/mir_msgs': CMAKE_PREFIX_PATH=/opt/ros/humble /usr/bin/cmake /home/basmala/mir250_ws/src/MIR_250/mir_msgs -DCMAKE_INSTALL_PREFIX=/home/basmala/mir250_ws/install/mir_msgs
[0.460s] -- The C compiler identification is GNU 11.4.0
[0.460s] -- The CXX compiler identification is GNU 11.4.0
[0.460s] -- Detecting C compiler ABI info
[0.484s] -- Detecting C compiler ABI info - done
[0.496s] -- Check for working C compiler: /usr/bin/cc - skipped
[0.497s] -- Detecting C compile features
[0.498s] -- Detecting C compile features - done
[0.504s] -- Detecting CXX compiler ABI info
[0.646s] -- Detecting CXX compiler ABI info - done
[0.667s] -- Check for working CXX compiler: /usr/bin/c++ - skipped
[0.667s] -- Detecting CXX compile features
[0.668s] -- Detecting CXX compile features - done
[0.681s] -- Found ament_cmake: 1.3.14 (/opt/ros/humble/share/ament_cmake/cmake)
[1.030s] -- Found Python3: /usr/bin/python3 (found version "3.10.12") found components: Interpreter 
[1.222s] -- Found builtin_interfaces: 1.2.2 (/opt/ros/humble/share/builtin_interfaces/cmake)
[1.279s] -- Found rosidl_generator_c: 3.1.8 (/opt/ros/humble/share/rosidl_generator_c/cmake)
[1.293s] -- Found rosidl_adapter: 3.1.8 (/opt/ros/humble/share/rosidl_adapter/cmake)
[1.318s] -- Found rosidl_generator_cpp: 3.1.8 (/opt/ros/humble/share/rosidl_generator_cpp/cmake)
[1.349s] -- Using all available rosidl_typesupport_c: rosidl_typesupport_fastrtps_c;rosidl_typesupport_introspection_c
[1.382s] -- Using all available rosidl_typesupport_cpp: rosidl_typesupport_fastrtps_cpp;rosidl_typesupport_introspection_cpp
[1.411s] -- Found rosidl_default_generators: 1.2.1 (/opt/ros/humble/share/rosidl_default_generators/cmake)
[1.441s] -- Found geometry_msgs: 4.9.1 (/opt/ros/humble/share/geometry_msgs/cmake)
[2.312s] -- Found ament_cmake_ros: 0.10.0 (/opt/ros/humble/share/ament_cmake_ros/cmake)
[3.125s] -- Using all available rosidl_typesupport_c: rosidl_typesupport_fastrtps_c;rosidl_typesupport_introspection_c
[3.374s] -- Using all available rosidl_typesupport_cpp: rosidl_typesupport_fastrtps_cpp;rosidl_typesupport_introspection_cpp
[3.415s] -- Found PythonInterp: /usr/bin/python3 (found suitable version "3.10.12", minimum required is "3.6") 
[3.418s] -- Found python_cmake_module: 0.10.0 (/opt/ros/humble/share/python_cmake_module/cmake)
[3.471s] -- Found PythonLibs: /usr/lib/x86_64-linux-gnu/libpython3.10.so (found suitable version "3.10.12", minimum required is "3.5") 
[3.471s] -- Using PYTHON_EXECUTABLE: /usr/bin/python3
[3.472s] -- Using PYTHON_INCLUDE_DIRS: /usr/include/python3.10
[3.472s] -- Using PYTHON_LIBRARIES: /usr/lib/x86_64-linux-gnu/libpython3.10.so
[3.513s] -- Found PythonExtra: .so  
[3.849s] -- Configuring done
[4.079s] -- Generating done
[4.137s] -- Build files have been written to: /home/basmala/mir250_ws/build/mir_msgs
[4.158s] Invoked command in '/home/basmala/mir250_ws/build/mir_msgs' returned '0': CMAKE_PREFIX_PATH=/opt/ros/humble /usr/bin/cmake /home/basmala/mir250_ws/src/MIR_250/mir_msgs -DCMAKE_INSTALL_PREFIX=/home/basmala/mir250_ws/install/mir_msgs
[4.162s] Invoking command in '/home/basmala/mir250_ws/build/mir_msgs': CMAKE_PREFIX_PATH=/opt/ros/humble /usr/bin/cmake --build /home/basmala/mir250_ws/build/mir_msgs -- -j20 -l20
[4.311s] [  0%] [34m[1mGenerating C code for ROS interfaces[0m
[4.334s] [  1%] [34m[1mGenerating Rust code for ROS interfaces[0m
[4.344s] [  1%] [34m[1mGenerating C++ code for ROS interfaces[0m
[4.349s] [  1%] Built target ament_cmake_python_copy_mir_msgs
[4.844s] running egg_info
[4.845s] creating mir_msgs.egg-info
[4.846s] writing mir_msgs.egg-info/PKG-INFO
[4.846s] writing dependency_links to mir_msgs.egg-info/dependency_links.txt
[4.846s] writing top-level names to mir_msgs.egg-info/top_level.txt
[4.846s] writing manifest file 'mir_msgs.egg-info/SOURCES.txt'
[4.850s] reading manifest file 'mir_msgs.egg-info/SOURCES.txt'
[4.852s] writing manifest file 'mir_msgs.egg-info/SOURCES.txt'
[4.901s] [  1%] Built target ament_cmake_python_build_mir_msgs_egg
[8.813s] [  1%] Built target mir_msgs__rs
[12.270s] [  2%] [32mBuilding C object CMakeFiles/mir_msgs__rosidl_generator_c.dir/rosidl_generator_c/mir_msgs/msg/detail/battery_currents__functions.c.o[0m
[12.273s] [  2%] [32mBuilding C object CMakeFiles/mir_msgs__rosidl_generator_c.dir/rosidl_generator_c/mir_msgs/msg/detail/bms_data__functions.c.o[0m
[12.280s] [  2%] [32mBuilding C object CMakeFiles/mir_msgs__rosidl_generator_c.dir/rosidl_generator_c/mir_msgs/msg/detail/charging_state__functions.c.o[0m
[12.280s] [  2%] [32mBuilding C object CMakeFiles/mir_msgs__rosidl_generator_c.dir/rosidl_generator_c/mir_msgs/msg/detail/brake_state__functions.c.o[0m
[12.283s] [  3%] [32mBuilding C object CMakeFiles/mir_msgs__rosidl_generator_c.dir/rosidl_generator_c/mir_msgs/msg/detail/device__functions.c.o[0m
[12.285s] [  3%] [32mBuilding C object CMakeFiles/mir_msgs__rosidl_generator_c.dir/rosidl_generator_c/mir_msgs/msg/detail/devices__functions.c.o[0m
[12.293s] [  3%] [32mBuilding C object CMakeFiles/mir_msgs__rosidl_generator_c.dir/rosidl_generator_c/mir_msgs/msg/detail/encoders__functions.c.o[0m
[12.301s] [  3%] [32mBuilding C object CMakeFiles/mir_msgs__rosidl_generator_c.dir/rosidl_generator_c/mir_msgs/msg/detail/error__functions.c.o[0m
[12.318s] [  3%] [32mBuilding C object CMakeFiles/mir_msgs__rosidl_generator_c.dir/rosidl_generator_c/mir_msgs/msg/detail/events__functions.c.o[0m
[12.325s] [  3%] [32mBuilding C object CMakeFiles/mir_msgs__rosidl_generator_c.dir/rosidl_generator_c/mir_msgs/msg/detail/external_robots__functions.c.o[0m
[12.326s] [  4%] [32mBuilding C object CMakeFiles/mir_msgs__rosidl_generator_c.dir/rosidl_generator_c/mir_msgs/msg/detail/gpio__functions.c.o[0m
[12.329s] [  5%] [32mBuilding C object CMakeFiles/mir_msgs__rosidl_generator_c.dir/rosidl_generator_c/mir_msgs/msg/detail/event__functions.c.o[0m
[12.329s] [  5%] [32mBuilding C object CMakeFiles/mir_msgs__rosidl_generator_c.dir/rosidl_generator_c/mir_msgs/msg/detail/height_state__functions.c.o[0m
[12.335s] [  5%] [32mBuilding C object CMakeFiles/mir_msgs__rosidl_generator_c.dir/rosidl_generator_c/mir_msgs/msg/detail/gripper_state__functions.c.o[0m
[12.338s] [  5%] [32mBuilding C object CMakeFiles/mir_msgs__rosidl_generator_c.dir/rosidl_generator_c/mir_msgs/msg/detail/hook_extended_status__functions.c.o[0m
[12.343s] [  5%] [32mBuilding C object CMakeFiles/mir_msgs__rosidl_generator_c.dir/rosidl_generator_c/mir_msgs/msg/detail/external_robot__functions.c.o[0m
[12.393s] [  5%] [32mBuilding C object CMakeFiles/mir_msgs__rosidl_generator_c.dir/rosidl_generator_c/mir_msgs/msg/detail/joystick_vel__functions.c.o[0m
[12.393s] [  6%] [32mBuilding C object CMakeFiles/mir_msgs__rosidl_generator_c.dir/rosidl_generator_c/mir_msgs/msg/detail/i_os__functions.c.o[0m
[12.393s] [  6%] [32mBuilding C object CMakeFiles/mir_msgs__rosidl_generator_c.dir/rosidl_generator_c/mir_msgs/msg/detail/hook_status__functions.c.o[0m
[12.423s] [  7%] [32mBuilding C object CMakeFiles/mir_msgs__rosidl_generator_c.dir/rosidl_generator_c/mir_msgs/msg/detail/mir_extra__functions.c.o[0m
[12.430s] [  7%] [32mBuilding C object CMakeFiles/mir_msgs__rosidl_generator_c.dir/rosidl_generator_c/mir_msgs/msg/detail/local_map_stat__functions.c.o[0m
[12.443s] [  7%] [32mBuilding C object CMakeFiles/mir_msgs__rosidl_generator_c.dir/rosidl_generator_c/mir_msgs/msg/detail/mission_ctrl_command__functions.c.o[0m
[12.497s] [  7%] [32mBuilding C object CMakeFiles/mir_msgs__rosidl_generator_c.dir/rosidl_generator_c/mir_msgs/msg/detail/mission_ctrl_state__functions.c.o[0m
[12.510s] [  7%] [32mBuilding C object CMakeFiles/mir_msgs__rosidl_generator_c.dir/rosidl_generator_c/mir_msgs/msg/detail/pallet_lifter_status__functions.c.o[0m
[12.513s] [  8%] [32mBuilding C object CMakeFiles/mir_msgs__rosidl_generator_c.dir/rosidl_generator_c/mir_msgs/msg/detail/path__functions.c.o[0m
[12.522s] [  8%] [32mBuilding C object CMakeFiles/mir_msgs__rosidl_generator_c.dir/rosidl_generator_c/mir_msgs/msg/detail/pendant__functions.c.o[0m
[12.531s] [  8%] [32mBuilding C object CMakeFiles/mir_msgs__rosidl_generator_c.dir/rosidl_generator_c/mir_msgs/msg/detail/plan_segment__functions.c.o[0m
[12.550s] [  8%] [32mBuilding C object CMakeFiles/mir_msgs__rosidl_generator_c.dir/rosidl_generator_c/mir_msgs/msg/detail/power_board_motor_status__functions.c.o[0m
[12.557s] [  9%] [32mBuilding C object CMakeFiles/mir_msgs__rosidl_generator_c.dir/rosidl_generator_c/mir_msgs/msg/detail/pose2_d__functions.c.o[0m
[12.561s] [  9%] [32mBuilding C object CMakeFiles/mir_msgs__rosidl_generator_c.dir/rosidl_generator_c/mir_msgs/msg/detail/plan_segments__functions.c.o[0m
[12.581s] [  9%] [32mBuilding C object CMakeFiles/mir_msgs__rosidl_generator_c.dir/rosidl_generator_c/mir_msgs/msg/detail/proximity__functions.c.o[0m
[12.595s] [  9%] [32mBuilding C object CMakeFiles/mir_msgs__rosidl_generator_c.dir/rosidl_generator_c/mir_msgs/msg/detail/resources_state__functions.c.o[0m
[12.604s] [ 10%] [32mBuilding C object CMakeFiles/mir_msgs__rosidl_generator_c.dir/rosidl_generator_c/mir_msgs/msg/detail/resource_state__functions.c.o[0m
[12.624s] [ 10%] [32mBuilding C object CMakeFiles/mir_msgs__rosidl_generator_c.dir/rosidl_generator_c/mir_msgs/msg/detail/robot_state__functions.c.o[0m
[12.624s] [ 10%] [32mBuilding C object CMakeFiles/mir_msgs__rosidl_generator_c.dir/rosidl_generator_c/mir_msgs/msg/detail/robot_mode__functions.c.o[0m
[12.629s] [ 11%] [32mBuilding C object CMakeFiles/mir_msgs__rosidl_generator_c.dir/rosidl_generator_c/mir_msgs/msg/detail/safety_status__functions.c.o[0m
[12.635s] [ 11%] [32mBuilding C object CMakeFiles/mir_msgs__rosidl_generator_c.dir/rosidl_generator_c/mir_msgs/msg/detail/serial__functions.c.o[0m
[12.655s] [ 11%] [32mBuilding C object CMakeFiles/mir_msgs__rosidl_generator_c.dir/rosidl_generator_c/mir_msgs/msg/detail/robot_status__functions.c.o[0m
[12.662s] [ 11%] [32mBuilding C object CMakeFiles/mir_msgs__rosidl_generator_c.dir/rosidl_generator_c/mir_msgs/msg/detail/stamped_encoders__functions.c.o[0m
[12.678s] [ 11%] [32mBuilding C object CMakeFiles/mir_msgs__rosidl_generator_c.dir/rosidl_generator_c/mir_msgs/msg/detail/trolley__functions.c.o[0m
[12.703s] [ 12%] [32mBuilding C object CMakeFiles/mir_msgs__rosidl_generator_c.dir/rosidl_generator_c/mir_msgs/msg/detail/twist2_d__functions.c.o[0m
[12.707s] [ 12%] [32mBuilding C object CMakeFiles/mir_msgs__rosidl_generator_c.dir/rosidl_generator_c/mir_msgs/msg/detail/user_prompt__functions.c.o[0m
[12.713s] [ 12%] [32mBuilding C object CMakeFiles/mir_msgs__rosidl_generator_c.dir/rosidl_generator_c/mir_msgs/msg/detail/web_path__functions.c.o[0m
[12.718s] [ 12%] [32mBuilding C object CMakeFiles/mir_msgs__rosidl_generator_c.dir/rosidl_generator_c/mir_msgs/msg/detail/world_map__functions.c.o[0m
[12.734s] [ 13%] [32mBuilding C object CMakeFiles/mir_msgs__rosidl_generator_c.dir/rosidl_generator_c/mir_msgs/msg/detail/world_model__functions.c.o[0m
[12.749s] [ 13%] [32mBuilding C object CMakeFiles/mir_msgs__rosidl_generator_c.dir/rosidl_generator_c/mir_msgs/srv/detail/exec_mission__functions.c.o[0m
[12.878s] [ 13%] [32m[1mLinking C shared library libmir_msgs__rosidl_generator_c.so[0m
[13.005s] [ 13%] Built target mir_msgs__rosidl_generator_c
[13.024s] [ 14%] [34m[1mGenerating C introspection for ROS interfaces[0m
[13.024s] [ 16%] [34m[1mGenerating C type support for eProsima Fast-RTPS[0m
[13.025s] [ 16%] [34m[1mGenerating C type support dispatch for ROS interfaces[0m
[13.025s] [ 16%] Built target mir_msgs__cpp
[13.046s] [ 16%] [34m[1mGenerating C++ type support for eProsima Fast-RTPS[0m
[13.046s] [ 16%] [34m[1mGenerating C++ type support dispatch for ROS interfaces[0m
[13.052s] [ 16%] [34m[1mGenerating C++ introspection for ROS interfaces[0m
[17.291s] [ 16%] [32mBuilding CXX object CMakeFiles/mir_msgs__rosidl_typesupport_cpp.dir/rosidl_typesupport_cpp/mir_msgs/msg/brake_state__type_support.cpp.o[0m
[17.291s] [ 16%] [32mBuilding CXX object CMakeFiles/mir_msgs__rosidl_typesupport_cpp.dir/rosidl_typesupport_cpp/mir_msgs/msg/charging_state__type_support.cpp.o[0m
[17.293s] [ 16%] [32mBuilding CXX object CMakeFiles/mir_msgs__rosidl_typesupport_cpp.dir/rosidl_typesupport_cpp/mir_msgs/msg/devices__type_support.cpp.o[0m
[17.293s] [ 16%] [32mBuilding CXX object CMakeFiles/mir_msgs__rosidl_typesupport_cpp.dir/rosidl_typesupport_cpp/mir_msgs/msg/bms_data__type_support.cpp.o[0m
[17.294s] [ 16%] [32mBuilding CXX object CMakeFiles/mir_msgs__rosidl_typesupport_cpp.dir/rosidl_typesupport_cpp/mir_msgs/msg/error__type_support.cpp.o[0m
[17.295s] [ 17%] [32mBuilding CXX object CMakeFiles/mir_msgs__rosidl_typesupport_cpp.dir/rosidl_typesupport_cpp/mir_msgs/msg/battery_currents__type_support.cpp.o[0m
[17.295s] [ 17%] [32mBuilding CXX object CMakeFiles/mir_msgs__rosidl_typesupport_cpp.dir/rosidl_typesupport_cpp/mir_msgs/msg/external_robot__type_support.cpp.o[0m
[17.300s] [ 17%] [32mBuilding CXX object CMakeFiles/mir_msgs__rosidl_typesupport_cpp.dir/rosidl_typesupport_cpp/mir_msgs/msg/gripper_state__type_support.cpp.o[0m
[17.302s] [ 18%] [32mBuilding CXX object CMakeFiles/mir_msgs__rosidl_typesupport_cpp.dir/rosidl_typesupport_cpp/mir_msgs/msg/gpio__type_support.cpp.o[0m
[17.302s] [ 19%] [32mBuilding CXX object CMakeFiles/mir_msgs__rosidl_typesupport_cpp.dir/rosidl_typesupport_cpp/mir_msgs/msg/external_robots__type_support.cpp.o[0m
[17.303s] [ 19%] [32mBuilding CXX object CMakeFiles/mir_msgs__rosidl_typesupport_cpp.dir/rosidl_typesupport_cpp/mir_msgs/msg/device__type_support.cpp.o[0m
[17.305s] [ 20%] [32mBuilding CXX object CMakeFiles/mir_msgs__rosidl_typesupport_cpp.dir/rosidl_typesupport_cpp/mir_msgs/msg/event__type_support.cpp.o[0m
[17.306s] [ 20%] [32mBuilding CXX object CMakeFiles/mir_msgs__rosidl_typesupport_cpp.dir/rosidl_typesupport_cpp/mir_msgs/msg/encoders__type_support.cpp.o[0m
[17.323s] [ 20%] [32mBuilding CXX object CMakeFiles/mir_msgs__rosidl_typesupport_cpp.dir/rosidl_typesupport_cpp/mir_msgs/msg/events__type_support.cpp.o[0m
[17.323s] [ 20%] [32mBuilding CXX object CMakeFiles/mir_msgs__rosidl_typesupport_cpp.dir/rosidl_typesupport_cpp/mir_msgs/msg/height_state__type_support.cpp.o[0m
[17.997s] [ 20%] [32mBuilding CXX object CMakeFiles/mir_msgs__rosidl_typesupport_cpp.dir/rosidl_typesupport_cpp/mir_msgs/msg/hook_extended_status__type_support.cpp.o[0m
[18.063s] [ 21%] [32mBuilding CXX object CMakeFiles/mir_msgs__rosidl_typesupport_cpp.dir/rosidl_typesupport_cpp/mir_msgs/msg/hook_status__type_support.cpp.o[0m
[18.154s] [ 21%] [32mBuilding CXX object CMakeFiles/mir_msgs__rosidl_typesupport_cpp.dir/rosidl_typesupport_cpp/mir_msgs/msg/i_os__type_support.cpp.o[0m
[18.170s] [ 21%] [32mBuilding CXX object CMakeFiles/mir_msgs__rosidl_typesupport_cpp.dir/rosidl_typesupport_cpp/mir_msgs/msg/joystick_vel__type_support.cpp.o[0m
[18.173s] [ 21%] [32mBuilding CXX object CMakeFiles/mir_msgs__rosidl_typesupport_cpp.dir/rosidl_typesupport_cpp/mir_msgs/msg/local_map_stat__type_support.cpp.o[0m
[18.214s] [ 22%] [32mBuilding CXX object CMakeFiles/mir_msgs__rosidl_typesupport_cpp.dir/rosidl_typesupport_cpp/mir_msgs/msg/mir_extra__type_support.cpp.o[0m
[18.268s] [ 22%] [32mBuilding CXX object CMakeFiles/mir_msgs__rosidl_typesupport_cpp.dir/rosidl_typesupport_cpp/mir_msgs/msg/mission_ctrl_state__type_support.cpp.o[0m
[18.272s] [ 22%] [32mBuilding CXX object CMakeFiles/mir_msgs__rosidl_typesupport_cpp.dir/rosidl_typesupport_cpp/mir_msgs/msg/mission_ctrl_command__type_support.cpp.o[0m
[18.302s] [ 22%] [32mBuilding CXX object CMakeFiles/mir_msgs__rosidl_typesupport_cpp.dir/rosidl_typesupport_cpp/mir_msgs/msg/pallet_lifter_status__type_support.cpp.o[0m
[18.352s] [ 23%] [32mBuilding CXX object CMakeFiles/mir_msgs__rosidl_typesupport_cpp.dir/rosidl_typesupport_cpp/mir_msgs/msg/path__type_support.cpp.o[0m
[18.364s] [ 23%] [32mBuilding CXX object CMakeFiles/mir_msgs__rosidl_typesupport_cpp.dir/rosidl_typesupport_cpp/mir_msgs/msg/pendant__type_support.cpp.o[0m
[18.379s] [ 23%] [32mBuilding CXX object CMakeFiles/mir_msgs__rosidl_typesupport_cpp.dir/rosidl_typesupport_cpp/mir_msgs/msg/plan_segment__type_support.cpp.o[0m
[18.393s] [ 23%] [32mBuilding CXX object CMakeFiles/mir_msgs__rosidl_typesupport_cpp.dir/rosidl_typesupport_cpp/mir_msgs/msg/plan_segments__type_support.cpp.o[0m
[18.444s] [ 23%] [32mBuilding CXX object CMakeFiles/mir_msgs__rosidl_typesupport_cpp.dir/rosidl_typesupport_cpp/mir_msgs/msg/power_board_motor_status__type_support.cpp.o[0m
[18.454s] [ 24%] [32mBuilding CXX object CMakeFiles/mir_msgs__rosidl_typesupport_cpp.dir/rosidl_typesupport_cpp/mir_msgs/msg/pose2_d__type_support.cpp.o[0m
[18.807s] [ 24%] [32mBuilding CXX object CMakeFiles/mir_msgs__rosidl_typesupport_cpp.dir/rosidl_typesupport_cpp/mir_msgs/msg/proximity__type_support.cpp.o[0m
[18.889s] [ 24%] [32mBuilding CXX object CMakeFiles/mir_msgs__rosidl_typesupport_cpp.dir/rosidl_typesupport_cpp/mir_msgs/msg/resources_state__type_support.cpp.o[0m
[18.901s] [ 25%] [32mBuilding CXX object CMakeFiles/mir_msgs__rosidl_typesupport_cpp.dir/rosidl_typesupport_cpp/mir_msgs/msg/resource_state__type_support.cpp.o[0m
[18.991s] [ 25%] [32mBuilding CXX object CMakeFiles/mir_msgs__rosidl_typesupport_cpp.dir/rosidl_typesupport_cpp/mir_msgs/msg/robot_mode__type_support.cpp.o[0m
[19.029s] [ 25%] [32mBuilding CXX object CMakeFiles/mir_msgs__rosidl_typesupport_cpp.dir/rosidl_typesupport_cpp/mir_msgs/msg/robot_state__type_support.cpp.o[0m
[19.107s] [ 25%] [32mBuilding CXX object CMakeFiles/mir_msgs__rosidl_typesupport_cpp.dir/rosidl_typesupport_cpp/mir_msgs/msg/robot_status__type_support.cpp.o[0m
[19.151s] [ 26%] [32mBuilding CXX object CMakeFiles/mir_msgs__rosidl_typesupport_cpp.dir/rosidl_typesupport_cpp/mir_msgs/msg/safety_status__type_support.cpp.o[0m
[19.183s] [ 26%] [32mBuilding CXX object CMakeFiles/mir_msgs__rosidl_typesupport_cpp.dir/rosidl_typesupport_cpp/mir_msgs/msg/serial__type_support.cpp.o[0m
[19.239s] [ 26%] [32mBuilding CXX object CMakeFiles/mir_msgs__rosidl_typesupport_cpp.dir/rosidl_typesupport_cpp/mir_msgs/msg/stamped_encoders__type_support.cpp.o[0m
[19.271s] [ 26%] [32mBuilding CXX object CMakeFiles/mir_msgs__rosidl_typesupport_cpp.dir/rosidl_typesupport_cpp/mir_msgs/msg/trolley__type_support.cpp.o[0m
[19.356s] [ 26%] [32mBuilding CXX object CMakeFiles/mir_msgs__rosidl_typesupport_cpp.dir/rosidl_typesupport_cpp/mir_msgs/msg/user_prompt__type_support.cpp.o[0m
[19.356s] [ 27%] [32mBuilding CXX object CMakeFiles/mir_msgs__rosidl_typesupport_cpp.dir/rosidl_typesupport_cpp/mir_msgs/msg/twist2_d__type_support.cpp.o[0m
[19.417s] [ 27%] [32mBuilding CXX object CMakeFiles/mir_msgs__rosidl_typesupport_cpp.dir/rosidl_typesupport_cpp/mir_msgs/msg/web_path__type_support.cpp.o[0m
[19.720s] [ 27%] [32mBuilding CXX object CMakeFiles/mir_msgs__rosidl_typesupport_cpp.dir/rosidl_typesupport_cpp/mir_msgs/msg/world_map__type_support.cpp.o[0m
[19.723s] [ 28%] [32mBuilding CXX object CMakeFiles/mir_msgs__rosidl_typesupport_cpp.dir/rosidl_typesupport_cpp/mir_msgs/msg/world_model__type_support.cpp.o[0m
[19.741s] [ 28%] [32mBuilding CXX object CMakeFiles/mir_msgs__rosidl_typesupport_cpp.dir/rosidl_typesupport_cpp/mir_msgs/srv/exec_mission__type_support.cpp.o[0m
[20.214s] [ 28%] [32mBuilding CXX object CMakeFiles/mir_msgs__rosidl_typesupport_c.dir/rosidl_typesupport_c/mir_msgs/msg/battery_currents__type_support.cpp.o[0m
[20.220s] [ 28%] [32mBuilding CXX object CMakeFiles/mir_msgs__rosidl_typesupport_c.dir/rosidl_typesupport_c/mir_msgs/msg/bms_data__type_support.cpp.o[0m
[20.228s] [ 28%] [32mBuilding CXX object CMakeFiles/mir_msgs__rosidl_typesupport_c.dir/rosidl_typesupport_c/mir_msgs/msg/brake_state__type_support.cpp.o[0m
[20.262s] [ 29%] [32mBuilding CXX object CMakeFiles/mir_msgs__rosidl_typesupport_c.dir/rosidl_typesupport_c/mir_msgs/msg/charging_state__type_support.cpp.o[0m
[20.273s] [ 29%] [32mBuilding CXX object CMakeFiles/mir_msgs__rosidl_typesupport_c.dir/rosidl_typesupport_c/mir_msgs/msg/devices__type_support.cpp.o[0m
[20.282s] [ 29%] [32mBuilding CXX object CMakeFiles/mir_msgs__rosidl_typesupport_c.dir/rosidl_typesupport_c/mir_msgs/msg/encoders__type_support.cpp.o[0m
[20.293s] [ 29%] [32mBuilding CXX object CMakeFiles/mir_msgs__rosidl_typesupport_c.dir/rosidl_typesupport_c/mir_msgs/msg/device__type_support.cpp.o[0m
[20.337s] [ 30%] [32mBuilding CXX object CMakeFiles/mir_msgs__rosidl_typesupport_c.dir/rosidl_typesupport_c/mir_msgs/msg/error__type_support.cpp.o[0m
[20.350s] [ 30%] [32mBuilding CXX object CMakeFiles/mir_msgs__rosidl_typesupport_c.dir/rosidl_typesupport_c/mir_msgs/msg/event__type_support.cpp.o[0m
[20.368s] [ 30%] [32mBuilding CXX object CMakeFiles/mir_msgs__rosidl_typesupport_c.dir/rosidl_typesupport_c/mir_msgs/msg/events__type_support.cpp.o[0m
[20.377s] [ 30%] [32mBuilding CXX object CMakeFiles/mir_msgs__rosidl_typesupport_c.dir/rosidl_typesupport_c/mir_msgs/msg/external_robot__type_support.cpp.o[0m
[20.389s] [ 30%] [32mBuilding CXX object CMakeFiles/mir_msgs__rosidl_typesupport_c.dir/rosidl_typesupport_c/mir_msgs/msg/gpio__type_support.cpp.o[0m
[20.389s] [ 31%] [32mBuilding CXX object CMakeFiles/mir_msgs__rosidl_typesupport_c.dir/rosidl_typesupport_c/mir_msgs/msg/external_robots__type_support.cpp.o[0m
[20.403s] [ 31%] [32mBuilding CXX object CMakeFiles/mir_msgs__rosidl_typesupport_c.dir/rosidl_typesupport_c/mir_msgs/msg/gripper_state__type_support.cpp.o[0m
[20.433s] [ 31%] [32mBuilding CXX object CMakeFiles/mir_msgs__rosidl_typesupport_c.dir/rosidl_typesupport_c/mir_msgs/msg/hook_status__type_support.cpp.o[0m
[20.446s] [ 32%] [32mBuilding CXX object CMakeFiles/mir_msgs__rosidl_typesupport_c.dir/rosidl_typesupport_c/mir_msgs/msg/hook_extended_status__type_support.cpp.o[0m
[20.446s] [ 32%] [32mBuilding CXX object CMakeFiles/mir_msgs__rosidl_typesupport_c.dir/rosidl_typesupport_c/mir_msgs/msg/height_state__type_support.cpp.o[0m
[20.466s] [ 32%] [32mBuilding CXX object CMakeFiles/mir_msgs__rosidl_typesupport_c.dir/rosidl_typesupport_c/mir_msgs/msg/i_os__type_support.cpp.o[0m
[20.475s] [ 33%] [32mBuilding CXX object CMakeFiles/mir_msgs__rosidl_typesupport_introspection_cpp.dir/rosidl_typesupport_introspection_cpp/mir_msgs/msg/detail/battery_currents__type_support.cpp.o[0m
[20.481s] [ 33%] [32mBuilding CXX object CMakeFiles/mir_msgs__rosidl_typesupport_introspection_cpp.dir/rosidl_typesupport_introspection_cpp/mir_msgs/msg/detail/bms_data__type_support.cpp.o[0m
[20.496s] [ 33%] [32mBuilding CXX object CMakeFiles/mir_msgs__rosidl_typesupport_introspection_cpp.dir/rosidl_typesupport_introspection_cpp/mir_msgs/msg/detail/brake_state__type_support.cpp.o[0m
[20.500s] [ 33%] [32mBuilding CXX object CMakeFiles/mir_msgs__rosidl_typesupport_c.dir/rosidl_typesupport_c/mir_msgs/msg/joystick_vel__type_support.cpp.o[0m
[20.514s] [ 33%] [32mBuilding CXX object CMakeFiles/mir_msgs__rosidl_typesupport_introspection_cpp.dir/rosidl_typesupport_introspection_cpp/mir_msgs/msg/detail/charging_state__type_support.cpp.o[0m
[20.523s] [ 34%] [32mBuilding CXX object CMakeFiles/mir_msgs__rosidl_typesupport_introspection_cpp.dir/rosidl_typesupport_introspection_cpp/mir_msgs/msg/detail/device__type_support.cpp.o[0m
[20.549s] [ 35%] [32mBuilding CXX object CMakeFiles/mir_msgs__rosidl_typesupport_c.dir/rosidl_typesupport_c/mir_msgs/msg/local_map_stat__type_support.cpp.o[0m
[20.549s] [ 35%] [32mBuilding CXX object CMakeFiles/mir_msgs__rosidl_typesupport_introspection_cpp.dir/rosidl_typesupport_introspection_cpp/mir_msgs/msg/detail/devices__type_support.cpp.o[0m
[20.554s] [ 35%] [32mBuilding CXX object CMakeFiles/mir_msgs__rosidl_typesupport_introspection_cpp.dir/rosidl_typesupport_introspection_cpp/mir_msgs/msg/detail/encoders__type_support.cpp.o[0m
[20.562s] [ 35%] [32mBuilding CXX object CMakeFiles/mir_msgs__rosidl_typesupport_c.dir/rosidl_typesupport_c/mir_msgs/msg/mir_extra__type_support.cpp.o[0m
[20.604s] [ 35%] [32mBuilding CXX object CMakeFiles/mir_msgs__rosidl_typesupport_introspection_cpp.dir/rosidl_typesupport_introspection_cpp/mir_msgs/msg/detail/error__type_support.cpp.o[0m
[20.617s] [ 35%] [32mBuilding CXX object CMakeFiles/mir_msgs__rosidl_typesupport_c.dir/rosidl_typesupport_c/mir_msgs/msg/mission_ctrl_command__type_support.cpp.o[0m
[20.622s] [ 36%] [32mBuilding CXX object CMakeFiles/mir_msgs__rosidl_typesupport_introspection_cpp.dir/rosidl_typesupport_introspection_cpp/mir_msgs/msg/detail/event__type_support.cpp.o[0m
[20.628s] [ 36%] [32mBuilding CXX object CMakeFiles/mir_msgs__rosidl_typesupport_introspection_cpp.dir/rosidl_typesupport_introspection_cpp/mir_msgs/msg/detail/events__type_support.cpp.o[0m
[20.661s] [ 36%] [32mBuilding CXX object CMakeFiles/mir_msgs__rosidl_typesupport_c.dir/rosidl_typesupport_c/mir_msgs/msg/mission_ctrl_state__type_support.cpp.o[0m
[20.696s] [ 36%] [32mBuilding CXX object CMakeFiles/mir_msgs__rosidl_typesupport_introspection_cpp.dir/rosidl_typesupport_introspection_cpp/mir_msgs/msg/detail/external_robot__type_support.cpp.o[0m
[20.725s] [ 36%] [32m[1mLinking CXX shared library libmir_msgs__rosidl_typesupport_cpp.so[0m
[20.725s] [ 37%] [32mBuilding CXX object CMakeFiles/mir_msgs__rosidl_typesupport_c.dir/rosidl_typesupport_c/mir_msgs/msg/pallet_lifter_status__type_support.cpp.o[0m
[20.746s] [ 37%] [32mBuilding CXX object CMakeFiles/mir_msgs__rosidl_typesupport_introspection_cpp.dir/rosidl_typesupport_introspection_cpp/mir_msgs/msg/detail/external_robots__type_support.cpp.o[0m
[20.748s] [ 37%] [32mBuilding CXX object CMakeFiles/mir_msgs__rosidl_typesupport_c.dir/rosidl_typesupport_c/mir_msgs/msg/path__type_support.cpp.o[0m
[20.776s] [ 38%] [32mBuilding CXX object CMakeFiles/mir_msgs__rosidl_typesupport_introspection_cpp.dir/rosidl_typesupport_introspection_cpp/mir_msgs/msg/detail/gpio__type_support.cpp.o[0m
[20.783s] [ 38%] [32mBuilding CXX object CMakeFiles/mir_msgs__rosidl_typesupport_c.dir/rosidl_typesupport_c/mir_msgs/msg/pendant__type_support.cpp.o[0m
[20.889s] [ 38%] [32mBuilding C object CMakeFiles/mir_msgs__rosidl_typesupport_introspection_c.dir/rosidl_typesupport_introspection_c/mir_msgs/msg/detail/battery_currents__type_support.c.o[0m
[20.891s] [ 38%] [32mBuilding CXX object CMakeFiles/mir_msgs__rosidl_typesupport_introspection_cpp.dir/rosidl_typesupport_introspection_cpp/mir_msgs/msg/detail/gripper_state__type_support.cpp.o[0m
[20.923s] [ 38%] [32mBuilding CXX object CMakeFiles/mir_msgs__rosidl_typesupport_c.dir/rosidl_typesupport_c/mir_msgs/msg/plan_segment__type_support.cpp.o[0m
[20.931s] [ 38%] [32mBuilding C object CMakeFiles/mir_msgs__rosidl_typesupport_introspection_c.dir/rosidl_typesupport_introspection_c/mir_msgs/msg/detail/bms_data__type_support.c.o[0m
[20.979s] [ 38%] Built target mir_msgs__rosidl_typesupport_cpp
[21.011s] [ 38%] [32mBuilding C object CMakeFiles/mir_msgs__rosidl_typesupport_introspection_c.dir/rosidl_typesupport_introspection_c/mir_msgs/msg/detail/brake_state__type_support.c.o[0m
[21.103s] [ 38%] [32mBuilding CXX object CMakeFiles/mir_msgs__rosidl_typesupport_introspection_cpp.dir/rosidl_typesupport_introspection_cpp/mir_msgs/msg/detail/height_state__type_support.cpp.o[0m
[21.140s] [ 38%] [32mBuilding CXX object CMakeFiles/mir_msgs__rosidl_typesupport_introspection_cpp.dir/rosidl_typesupport_introspection_cpp/mir_msgs/msg/detail/hook_extended_status__type_support.cpp.o[0m
[21.199s] [ 39%] [32mBuilding C object CMakeFiles/mir_msgs__rosidl_typesupport_introspection_c.dir/rosidl_typesupport_introspection_c/mir_msgs/msg/detail/charging_state__type_support.c.o[0m
[21.204s] [ 40%] [32mBuilding CXX object CMakeFiles/mir_msgs__rosidl_typesupport_c.dir/rosidl_typesupport_c/mir_msgs/msg/plan_segments__type_support.cpp.o[0m
[21.292s] [ 40%] [32mBuilding CXX object CMakeFiles/mir_msgs__rosidl_typesupport_c.dir/rosidl_typesupport_c/mir_msgs/msg/pose2_d__type_support.cpp.o[0m
[21.300s] [ 40%] [32mBuilding C object CMakeFiles/mir_msgs__rosidl_typesupport_introspection_c.dir/rosidl_typesupport_introspection_c/mir_msgs/msg/detail/device__type_support.c.o[0m
[21.376s] [ 40%] [32mBuilding C object CMakeFiles/mir_msgs__rosidl_typesupport_introspection_c.dir/rosidl_typesupport_introspection_c/mir_msgs/msg/detail/devices__type_support.c.o[0m
[21.403s] [ 40%] [32mBuilding CXX object CMakeFiles/mir_msgs__rosidl_typesupport_c.dir/rosidl_typesupport_c/mir_msgs/msg/power_board_motor_status__type_support.cpp.o[0m
[21.499s] [ 40%] [32mBuilding C object CMakeFiles/mir_msgs__rosidl_typesupport_introspection_c.dir/rosidl_typesupport_introspection_c/mir_msgs/msg/detail/encoders__type_support.c.o[0m
[21.501s] [ 40%] [32mBuilding CXX object CMakeFiles/mir_msgs__rosidl_typesupport_c.dir/rosidl_typesupport_c/mir_msgs/msg/proximity__type_support.cpp.o[0m
[21.508s] [ 41%] [32mBuilding CXX object CMakeFiles/mir_msgs__rosidl_typesupport_c.dir/rosidl_typesupport_c/mir_msgs/msg/resources_state__type_support.cpp.o[0m
[21.568s] [ 42%] [32mBuilding C object CMakeFiles/mir_msgs__rosidl_typesupport_introspection_c.dir/rosidl_typesupport_introspection_c/mir_msgs/msg/detail/error__type_support.c.o[0m
[21.599s] [ 42%] [32mBuilding CXX object CMakeFiles/mir_msgs__rosidl_typesupport_c.dir/rosidl_typesupport_c/mir_msgs/msg/resource_state__type_support.cpp.o[0m
[21.692s] [ 42%] [32mBuilding CXX object CMakeFiles/mir_msgs__rosidl_typesupport_c.dir/rosidl_typesupport_c/mir_msgs/msg/robot_mode__type_support.cpp.o[0m
[21.693s] [ 42%] [32mBuilding CXX object CMakeFiles/mir_msgs__rosidl_typesupport_c.dir/rosidl_typesupport_c/mir_msgs/msg/robot_state__type_support.cpp.o[0m
[21.693s] [ 42%] [32mBuilding C object CMakeFiles/mir_msgs__rosidl_typesupport_introspection_c.dir/rosidl_typesupport_introspection_c/mir_msgs/msg/detail/event__type_support.c.o[0m
[21.702s] [ 43%] [32mBuilding CXX object CMakeFiles/mir_msgs__rosidl_typesupport_introspection_cpp.dir/rosidl_typesupport_introspection_cpp/mir_msgs/msg/detail/hook_status__type_support.cpp.o[0m
[21.705s] [ 44%] [32mBuilding CXX object CMakeFiles/mir_msgs__rosidl_typesupport_c.dir/rosidl_typesupport_c/mir_msgs/msg/robot_status__type_support.cpp.o[0m
[21.755s] [ 44%] [32mBuilding CXX object CMakeFiles/mir_msgs__rosidl_typesupport_c.dir/rosidl_typesupport_c/mir_msgs/msg/safety_status__type_support.cpp.o[0m
[21.782s] [ 44%] [32mBuilding CXX object CMakeFiles/mir_msgs__rosidl_typesupport_c.dir/rosidl_typesupport_c/mir_msgs/msg/serial__type_support.cpp.o[0m
[21.791s] [ 44%] [32mBuilding CXX object CMakeFiles/mir_msgs__rosidl_typesupport_introspection_cpp.dir/rosidl_typesupport_introspection_cpp/mir_msgs/msg/detail/i_os__type_support.cpp.o[0m
[21.802s] [ 44%] [32mBuilding CXX object CMakeFiles/mir_msgs__rosidl_typesupport_introspection_cpp.dir/rosidl_typesupport_introspection_cpp/mir_msgs/msg/detail/local_map_stat__type_support.cpp.o[0m
[21.802s] [ 44%] [32mBuilding C object CMakeFiles/mir_msgs__rosidl_typesupport_introspection_c.dir/rosidl_typesupport_introspection_c/mir_msgs/msg/detail/events__type_support.c.o[0m
[21.827s] [ 44%] [32mBuilding CXX object CMakeFiles/mir_msgs__rosidl_typesupport_introspection_cpp.dir/rosidl_typesupport_introspection_cpp/mir_msgs/msg/detail/joystick_vel__type_support.cpp.o[0m
[21.836s] [ 45%] [32mBuilding CXX object CMakeFiles/mir_msgs__rosidl_typesupport_introspection_cpp.dir/rosidl_typesupport_introspection_cpp/mir_msgs/msg/detail/mir_extra__type_support.cpp.o[0m
[21.882s] [ 45%] [32mBuilding CXX object CMakeFiles/mir_msgs__rosidl_typesupport_introspection_cpp.dir/rosidl_typesupport_introspection_cpp/mir_msgs/msg/detail/mission_ctrl_command__type_support.cpp.o[0m
[21.882s] [ 45%] [32mBuilding CXX object CMakeFiles/mir_msgs__rosidl_typesupport_c.dir/rosidl_typesupport_c/mir_msgs/msg/stamped_encoders__type_support.cpp.o[0m
[21.923s] [ 46%] [32mBuilding CXX object CMakeFiles/mir_msgs__rosidl_typesupport_c.dir/rosidl_typesupport_c/mir_msgs/msg/trolley__type_support.cpp.o[0m
[21.924s] [ 46%] [32mBuilding C object CMakeFiles/mir_msgs__rosidl_typesupport_introspection_c.dir/rosidl_typesupport_introspection_c/mir_msgs/msg/detail/external_robot__type_support.c.o[0m
[21.981s] [ 46%] [32mBuilding CXX object CMakeFiles/mir_msgs__rosidl_typesupport_introspection_cpp.dir/rosidl_typesupport_introspection_cpp/mir_msgs/msg/detail/mission_ctrl_state__type_support.cpp.o[0m
[22.005s] [ 47%] [32mBuilding C object CMakeFiles/mir_msgs__rosidl_typesupport_introspection_c.dir/rosidl_typesupport_introspection_c/mir_msgs/msg/detail/external_robots__type_support.c.o[0m
[22.051s] [ 47%] [32mBuilding CXX object CMakeFiles/mir_msgs__rosidl_typesupport_c.dir/rosidl_typesupport_c/mir_msgs/msg/twist2_d__type_support.cpp.o[0m
[22.063s] [ 47%] [32mBuilding C object CMakeFiles/mir_msgs__rosidl_typesupport_introspection_c.dir/rosidl_typesupport_introspection_c/mir_msgs/msg/detail/gpio__type_support.c.o[0m
[22.073s] [ 47%] [32mBuilding CXX object CMakeFiles/mir_msgs__rosidl_typesupport_c.dir/rosidl_typesupport_c/mir_msgs/msg/user_prompt__type_support.cpp.o[0m
[22.101s] [ 47%] [32mBuilding CXX object CMakeFiles/mir_msgs__rosidl_typesupport_c.dir/rosidl_typesupport_c/mir_msgs/msg/web_path__type_support.cpp.o[0m
[22.115s] [ 47%] [32mBuilding CXX object CMakeFiles/mir_msgs__rosidl_typesupport_introspection_cpp.dir/rosidl_typesupport_introspection_cpp/mir_msgs/msg/detail/pallet_lifter_status__type_support.cpp.o[0m
[22.128s] [ 47%] [32mBuilding C object CMakeFiles/mir_msgs__rosidl_typesupport_introspection_c.dir/rosidl_typesupport_introspection_c/mir_msgs/msg/detail/gripper_state__type_support.c.o[0m
[22.148s] [ 47%] [32mBuilding C object CMakeFiles/mir_msgs__rosidl_typesupport_introspection_c.dir/rosidl_typesupport_introspection_c/mir_msgs/msg/detail/height_state__type_support.c.o[0m
[22.160s] [ 48%] [32mBuilding CXX object CMakeFiles/mir_msgs__rosidl_typesupport_c.dir/rosidl_typesupport_c/mir_msgs/msg/world_map__type_support.cpp.o[0m
[22.202s] [ 48%] [32mBuilding CXX object CMakeFiles/mir_msgs__rosidl_typesupport_c.dir/rosidl_typesupport_c/mir_msgs/msg/world_model__type_support.cpp.o[0m
[22.222s] [ 50%] [32mBuilding CXX object CMakeFiles/mir_msgs__rosidl_typesupport_introspection_cpp.dir/rosidl_typesupport_introspection_cpp/mir_msgs/msg/detail/path__type_support.cpp.o[0m
[22.236s] [ 50%] [32mBuilding C object CMakeFiles/mir_msgs__rosidl_typesupport_introspection_c.dir/rosidl_typesupport_introspection_c/mir_msgs/msg/detail/hook_extended_status__type_support.c.o[0m
[22.236s] [ 50%] [32mBuilding CXX object CMakeFiles/mir_msgs__rosidl_typesupport_introspection_cpp.dir/rosidl_typesupport_introspection_cpp/mir_msgs/msg/detail/pendant__type_support.cpp.o[0m
[22.308s] [ 50%] [32mBuilding CXX object CMakeFiles/mir_msgs__rosidl_typesupport_c.dir/rosidl_typesupport_c/mir_msgs/srv/exec_mission__type_support.cpp.o[0m
[22.310s] [ 50%] [32mBuilding C object CMakeFiles/mir_msgs__rosidl_typesupport_introspection_c.dir/rosidl_typesupport_introspection_c/mir_msgs/msg/detail/hook_status__type_support.c.o[0m
[22.336s] [ 50%] [32mBuilding C object CMakeFiles/mir_msgs__rosidl_typesupport_introspection_c.dir/rosidl_typesupport_introspection_c/mir_msgs/msg/detail/i_os__type_support.c.o[0m
[22.375s] [ 51%] [32mBuilding C object CMakeFiles/mir_msgs__rosidl_typesupport_introspection_c.dir/rosidl_typesupport_introspection_c/mir_msgs/msg/detail/local_map_stat__type_support.c.o[0m
[22.375s] [ 51%] [32mBuilding CXX object CMakeFiles/mir_msgs__rosidl_typesupport_introspection_cpp.dir/rosidl_typesupport_introspection_cpp/mir_msgs/msg/detail/plan_segment__type_support.cpp.o[0m
[22.375s] [ 51%] [32mBuilding C object CMakeFiles/mir_msgs__rosidl_typesupport_introspection_c.dir/rosidl_typesupport_introspection_c/mir_msgs/msg/detail/joystick_vel__type_support.c.o[0m
[22.408s] [ 51%] [32mBuilding CXX object CMakeFiles/mir_msgs__rosidl_typesupport_introspection_cpp.dir/rosidl_typesupport_introspection_cpp/mir_msgs/msg/detail/plan_segments__type_support.cpp.o[0m
[22.447s] [ 51%] [32m[1mLinking CXX shared library libmir_msgs__rosidl_typesupport_c.so[0m
[22.459s] [ 52%] [32mBuilding CXX object CMakeFiles/mir_msgs__rosidl_typesupport_introspection_cpp.dir/rosidl_typesupport_introspection_cpp/mir_msgs/msg/detail/pose2_d__type_support.cpp.o[0m
[22.469s] [ 52%] [32mBuilding C object CMakeFiles/mir_msgs__rosidl_typesupport_introspection_c.dir/rosidl_typesupport_introspection_c/mir_msgs/msg/detail/mir_extra__type_support.c.o[0m
[22.469s] [ 52%] [32mBuilding C object CMakeFiles/mir_msgs__rosidl_typesupport_introspection_c.dir/rosidl_typesupport_introspection_c/mir_msgs/msg/detail/mission_ctrl_command__type_support.c.o[0m
[22.516s] [ 52%] [32mBuilding CXX object CMakeFiles/mir_msgs__rosidl_typesupport_introspection_cpp.dir/rosidl_typesupport_introspection_cpp/mir_msgs/msg/detail/power_board_motor_status__type_support.cpp.o[0m
[22.570s] [ 52%] [32mBuilding C object CMakeFiles/mir_msgs__rosidl_typesupport_introspection_c.dir/rosidl_typesupport_introspection_c/mir_msgs/msg/detail/mission_ctrl_state__type_support.c.o[0m
[22.624s] [ 52%] [32mBuilding CXX object CMakeFiles/mir_msgs__rosidl_typesupport_introspection_cpp.dir/rosidl_typesupport_introspection_cpp/mir_msgs/msg/detail/proximity__type_support.cpp.o[0m
[22.624s] [ 52%] Built target mir_msgs__rosidl_typesupport_c
[22.666s] [ 53%] [32mBuilding C object CMakeFiles/mir_msgs__rosidl_typesupport_introspection_c.dir/rosidl_typesupport_introspection_c/mir_msgs/msg/detail/pallet_lifter_status__type_support.c.o[0m
[22.690s] [ 53%] [32mBuilding CXX object CMakeFiles/mir_msgs__rosidl_typesupport_introspection_cpp.dir/rosidl_typesupport_introspection_cpp/mir_msgs/msg/detail/resources_state__type_support.cpp.o[0m
[22.721s] [ 54%] [32mBuilding CXX object CMakeFiles/mir_msgs__rosidl_typesupport_introspection_cpp.dir/rosidl_typesupport_introspection_cpp/mir_msgs/msg/detail/resource_state__type_support.cpp.o[0m
[22.755s] [ 54%] [32mBuilding CXX object CMakeFiles/mir_msgs__rosidl_typesupport_introspection_cpp.dir/rosidl_typesupport_introspection_cpp/mir_msgs/msg/detail/robot_mode__type_support.cpp.o[0m
[22.791s] [ 54%] [32mBuilding C object CMakeFiles/mir_msgs__rosidl_typesupport_introspection_c.dir/rosidl_typesupport_introspection_c/mir_msgs/msg/detail/path__type_support.c.o[0m
[22.919s] [ 54%] [32mBuilding C object CMakeFiles/mir_msgs__rosidl_typesupport_introspection_c.dir/rosidl_typesupport_introspection_c/mir_msgs/msg/detail/plan_segment__type_support.c.o[0m
[22.919s] [ 54%] [32mBuilding C object CMakeFiles/mir_msgs__rosidl_typesupport_introspection_c.dir/rosidl_typesupport_introspection_c/mir_msgs/msg/detail/pendant__type_support.c.o[0m
[23.001s] [ 55%] [32mBuilding C object CMakeFiles/mir_msgs__rosidl_typesupport_introspection_c.dir/rosidl_typesupport_introspection_c/mir_msgs/msg/detail/plan_segments__type_support.c.o[0m
[23.071s] [ 55%] [32mBuilding CXX object CMakeFiles/mir_msgs__rosidl_typesupport_introspection_cpp.dir/rosidl_typesupport_introspection_cpp/mir_msgs/msg/detail/robot_state__type_support.cpp.o[0m
[23.104s] [ 55%] [32mBuilding C object CMakeFiles/mir_msgs__rosidl_typesupport_introspection_c.dir/rosidl_typesupport_introspection_c/mir_msgs/msg/detail/pose2_d__type_support.c.o[0m
[23.128s] [ 55%] [32mBuilding C object CMakeFiles/mir_msgs__rosidl_typesupport_introspection_c.dir/rosidl_typesupport_introspection_c/mir_msgs/msg/detail/power_board_motor_status__type_support.c.o[0m
[23.150s] [ 55%] [32mBuilding CXX object CMakeFiles/mir_msgs__rosidl_typesupport_introspection_cpp.dir/rosidl_typesupport_introspection_cpp/mir_msgs/msg/detail/robot_status__type_support.cpp.o[0m
[23.152s] [ 55%] [32mBuilding CXX object CMakeFiles/mir_msgs__rosidl_typesupport_introspection_cpp.dir/rosidl_typesupport_introspection_cpp/mir_msgs/msg/detail/serial__type_support.cpp.o[0m
[23.155s] [ 56%] [32mBuilding CXX object CMakeFiles/mir_msgs__rosidl_typesupport_introspection_cpp.dir/rosidl_typesupport_introspection_cpp/mir_msgs/msg/detail/safety_status__type_support.cpp.o[0m
[23.217s] [ 56%] [32mBuilding CXX object CMakeFiles/mir_msgs__rosidl_typesupport_introspection_cpp.dir/rosidl_typesupport_introspection_cpp/mir_msgs/msg/detail/stamped_encoders__type_support.cpp.o[0m
[23.244s] [ 57%] [32mBuilding CXX object CMakeFiles/mir_msgs__rosidl_typesupport_fastrtps_cpp.dir/rosidl_typesupport_fastrtps_cpp/mir_msgs/msg/detail/dds_fastrtps/battery_currents__type_support.cpp.o[0m
[23.244s] [ 57%] [32mBuilding C object CMakeFiles/mir_msgs__rosidl_typesupport_introspection_c.dir/rosidl_typesupport_introspection_c/mir_msgs/msg/detail/proximity__type_support.c.o[0m
[23.306s] [ 57%] [32mBuilding CXX object CMakeFiles/mir_msgs__rosidl_typesupport_fastrtps_cpp.dir/rosidl_typesupport_fastrtps_cpp/mir_msgs/msg/detail/dds_fastrtps/bms_data__type_support.cpp.o[0m
[23.311s] [ 58%] [32mBuilding C object CMakeFiles/mir_msgs__rosidl_typesupport_introspection_c.dir/rosidl_typesupport_introspection_c/mir_msgs/msg/detail/resources_state__type_support.c.o[0m
[23.418s] [ 58%] [32mBuilding C object CMakeFiles/mir_msgs__rosidl_typesupport_introspection_c.dir/rosidl_typesupport_introspection_c/mir_msgs/msg/detail/resource_state__type_support.c.o[0m
[23.442s] [ 58%] [32mBuilding C object CMakeFiles/mir_msgs__rosidl_typesupport_introspection_c.dir/rosidl_typesupport_introspection_c/mir_msgs/msg/detail/robot_mode__type_support.c.o[0m
[23.485s] [ 58%] [32mBuilding C object CMakeFiles/mir_msgs__rosidl_typesupport_introspection_c.dir/rosidl_typesupport_introspection_c/mir_msgs/msg/detail/robot_state__type_support.c.o[0m
[23.534s] [ 58%] [32mBuilding CXX object CMakeFiles/mir_msgs__rosidl_typesupport_introspection_cpp.dir/rosidl_typesupport_introspection_cpp/mir_msgs/msg/detail/trolley__type_support.cpp.o[0m
[23.553s] [ 58%] [32mBuilding CXX object CMakeFiles/mir_msgs__rosidl_typesupport_fastrtps_cpp.dir/rosidl_typesupport_fastrtps_cpp/mir_msgs/msg/detail/dds_fastrtps/brake_state__type_support.cpp.o[0m
[23.561s] [ 59%] [32mBuilding C object CMakeFiles/mir_msgs__rosidl_typesupport_introspection_c.dir/rosidl_typesupport_introspection_c/mir_msgs/msg/detail/robot_status__type_support.c.o[0m
[23.577s] [ 60%] [32mBuilding CXX object CMakeFiles/mir_msgs__rosidl_typesupport_introspection_cpp.dir/rosidl_typesupport_introspection_cpp/mir_msgs/msg/detail/twist2_d__type_support.cpp.o[0m
[23.751s] [ 60%] [32mBuilding C object CMakeFiles/mir_msgs__rosidl_typesupport_introspection_c.dir/rosidl_typesupport_introspection_c/mir_msgs/msg/detail/serial__type_support.c.o[0m
[23.756s] [ 60%] [32mBuilding C object CMakeFiles/mir_msgs__rosidl_typesupport_introspection_c.dir/rosidl_typesupport_introspection_c/mir_msgs/msg/detail/safety_status__type_support.c.o[0m
[23.758s] [ 60%] [32mBuilding CXX object CMakeFiles/mir_msgs__rosidl_typesupport_fastrtps_cpp.dir/rosidl_typesupport_fastrtps_cpp/mir_msgs/msg/detail/dds_fastrtps/charging_state__type_support.cpp.o[0m
[23.761s] [ 60%] [32mBuilding CXX object CMakeFiles/mir_msgs__rosidl_typesupport_introspection_cpp.dir/rosidl_typesupport_introspection_cpp/mir_msgs/msg/detail/user_prompt__type_support.cpp.o[0m
[23.812s] [ 60%] [32mBuilding CXX object CMakeFiles/mir_msgs__rosidl_typesupport_fastrtps_c.dir/rosidl_typesupport_fastrtps_c/mir_msgs/msg/detail/battery_currents__type_support_c.cpp.o[0m
[23.889s] [ 60%] [32mBuilding C object CMakeFiles/mir_msgs__rosidl_typesupport_introspection_c.dir/rosidl_typesupport_introspection_c/mir_msgs/msg/detail/stamped_encoders__type_support.c.o[0m
[23.911s] [ 61%] [32mBuilding C object CMakeFiles/mir_msgs__rosidl_typesupport_introspection_c.dir/rosidl_typesupport_introspection_c/mir_msgs/msg/detail/trolley__type_support.c.o[0m
[23.942s] [ 61%] [32mBuilding CXX object CMakeFiles/mir_msgs__rosidl_typesupport_fastrtps_c.dir/rosidl_typesupport_fastrtps_c/mir_msgs/msg/detail/bms_data__type_support_c.cpp.o[0m
[23.944s] [ 61%] [32mBuilding CXX object CMakeFiles/mir_msgs__rosidl_typesupport_fastrtps_c.dir/rosidl_typesupport_fastrtps_c/mir_msgs/msg/detail/brake_state__type_support_c.cpp.o[0m
[24.052s] [ 62%] [32mBuilding CXX object CMakeFiles/mir_msgs__rosidl_typesupport_fastrtps_cpp.dir/rosidl_typesupport_fastrtps_cpp/mir_msgs/msg/detail/dds_fastrtps/device__type_support.cpp.o[0m
[24.065s] [ 62%] [32mBuilding C object CMakeFiles/mir_msgs__rosidl_typesupport_introspection_c.dir/rosidl_typesupport_introspection_c/mir_msgs/msg/detail/twist2_d__type_support.c.o[0m
[24.080s] [ 62%] [32mBuilding CXX object CMakeFiles/mir_msgs__rosidl_typesupport_introspection_cpp.dir/rosidl_typesupport_introspection_cpp/mir_msgs/msg/detail/web_path__type_support.cpp.o[0m
[24.120s] [ 63%] [32mBuilding CXX object CMakeFiles/mir_msgs__rosidl_typesupport_fastrtps_c.dir/rosidl_typesupport_fastrtps_c/mir_msgs/msg/detail/charging_state__type_support_c.cpp.o[0m
[24.144s] [ 63%] [32mBuilding C object CMakeFiles/mir_msgs__rosidl_typesupport_introspection_c.dir/rosidl_typesupport_introspection_c/mir_msgs/msg/detail/user_prompt__type_support.c.o[0m
[24.172s] [ 63%] [32mBuilding C object CMakeFiles/mir_msgs__rosidl_typesupport_introspection_c.dir/rosidl_typesupport_introspection_c/mir_msgs/msg/detail/web_path__type_support.c.o[0m
[24.239s] [ 63%] [32mBuilding CXX object CMakeFiles/mir_msgs__rosidl_typesupport_introspection_cpp.dir/rosidl_typesupport_introspection_cpp/mir_msgs/msg/detail/world_map__type_support.cpp.o[0m
[24.338s] [ 64%] [32mBuilding C object CMakeFiles/mir_msgs__rosidl_typesupport_introspection_c.dir/rosidl_typesupport_introspection_c/mir_msgs/msg/detail/world_map__type_support.c.o[0m
[24.366s] [ 64%] [32mBuilding C object CMakeFiles/mir_msgs__rosidl_typesupport_introspection_c.dir/rosidl_typesupport_introspection_c/mir_msgs/msg/detail/world_model__type_support.c.o[0m
[24.393s] [ 64%] [32mBuilding C object CMakeFiles/mir_msgs__rosidl_typesupport_introspection_c.dir/rosidl_typesupport_introspection_c/mir_msgs/srv/detail/exec_mission__type_support.c.o[0m
[24.427s] [ 65%] [32mBuilding CXX object CMakeFiles/mir_msgs__rosidl_typesupport_introspection_cpp.dir/rosidl_typesupport_introspection_cpp/mir_msgs/msg/detail/world_model__type_support.cpp.o[0m
[24.446s] [ 65%] [32mBuilding CXX object CMakeFiles/mir_msgs__rosidl_typesupport_fastrtps_cpp.dir/rosidl_typesupport_fastrtps_cpp/mir_msgs/msg/detail/dds_fastrtps/devices__type_support.cpp.o[0m
[24.521s] [ 65%] [32mBuilding CXX object CMakeFiles/mir_msgs__rosidl_typesupport_fastrtps_cpp.dir/rosidl_typesupport_fastrtps_cpp/mir_msgs/msg/detail/dds_fastrtps/encoders__type_support.cpp.o[0m
[24.548s] [ 65%] [32mBuilding CXX object CMakeFiles/mir_msgs__rosidl_typesupport_fastrtps_cpp.dir/rosidl_typesupport_fastrtps_cpp/mir_msgs/msg/detail/dds_fastrtps/error__type_support.cpp.o[0m
[24.567s] [ 65%] [32m[1mLinking C shared library libmir_msgs__rosidl_typesupport_introspection_c.so[0m
[24.614s] [ 66%] [32mBuilding CXX object CMakeFiles/mir_msgs__rosidl_typesupport_fastrtps_cpp.dir/rosidl_typesupport_fastrtps_cpp/mir_msgs/msg/detail/dds_fastrtps/event__type_support.cpp.o[0m
[24.695s] [ 66%] [32mBuilding CXX object CMakeFiles/mir_msgs__rosidl_typesupport_introspection_cpp.dir/rosidl_typesupport_introspection_cpp/mir_msgs/srv/detail/exec_mission__type_support.cpp.o[0m
[24.708s] [ 66%] [32mBuilding CXX object CMakeFiles/mir_msgs__rosidl_typesupport_fastrtps_c.dir/rosidl_typesupport_fastrtps_c/mir_msgs/msg/detail/device__type_support_c.cpp.o[0m
[24.725s] [ 66%] [32mBuilding CXX object CMakeFiles/mir_msgs__rosidl_typesupport_fastrtps_cpp.dir/rosidl_typesupport_fastrtps_cpp/mir_msgs/msg/detail/dds_fastrtps/events__type_support.cpp.o[0m
[24.784s] [ 66%] [32mBuilding CXX object CMakeFiles/mir_msgs__rosidl_typesupport_fastrtps_c.dir/rosidl_typesupport_fastrtps_c/mir_msgs/msg/detail/devices__type_support_c.cpp.o[0m
[24.794s] [ 66%] [32mBuilding CXX object CMakeFiles/mir_msgs__rosidl_typesupport_fastrtps_c.dir/rosidl_typesupport_fastrtps_c/mir_msgs/msg/detail/encoders__type_support_c.cpp.o[0m
[24.797s] [ 66%] Built target mir_msgs__rosidl_typesupport_introspection_c
[24.836s] [ 66%] [32mBuilding CXX object CMakeFiles/mir_msgs__rosidl_typesupport_fastrtps_cpp.dir/rosidl_typesupport_fastrtps_cpp/mir_msgs/msg/detail/dds_fastrtps/external_robot__type_support.cpp.o[0m
[24.887s] [ 66%] [32mBuilding CXX object CMakeFiles/mir_msgs__rosidl_typesupport_fastrtps_cpp.dir/rosidl_typesupport_fastrtps_cpp/mir_msgs/msg/detail/dds_fastrtps/external_robots__type_support.cpp.o[0m
[24.901s] [ 67%] [32mBuilding CXX object CMakeFiles/mir_msgs__rosidl_typesupport_fastrtps_cpp.dir/rosidl_typesupport_fastrtps_cpp/mir_msgs/msg/detail/dds_fastrtps/gpio__type_support.cpp.o[0m
[24.918s] [ 67%] [32mBuilding CXX object CMakeFiles/mir_msgs__rosidl_typesupport_fastrtps_cpp.dir/rosidl_typesupport_fastrtps_cpp/mir_msgs/msg/detail/dds_fastrtps/gripper_state__type_support.cpp.o[0m
[25.046s] [ 67%] [32mBuilding CXX object CMakeFiles/mir_msgs__rosidl_typesupport_fastrtps_cpp.dir/rosidl_typesupport_fastrtps_cpp/mir_msgs/msg/detail/dds_fastrtps/height_state__type_support.cpp.o[0m
[25.125s] [ 67%] [32mBuilding CXX object CMakeFiles/mir_msgs__rosidl_typesupport_fastrtps_cpp.dir/rosidl_typesupport_fastrtps_cpp/mir_msgs/msg/detail/dds_fastrtps/hook_extended_status__type_support.cpp.o[0m
[25.196s] [ 68%] [32mBuilding CXX object CMakeFiles/mir_msgs__rosidl_typesupport_fastrtps_c.dir/rosidl_typesupport_fastrtps_c/mir_msgs/msg/detail/error__type_support_c.cpp.o[0m
[25.455s] [ 68%] [32mBuilding CXX object CMakeFiles/mir_msgs__rosidl_typesupport_fastrtps_c.dir/rosidl_typesupport_fastrtps_c/mir_msgs/msg/detail/event__type_support_c.cpp.o[0m
[25.495s] [ 69%] [32mBuilding CXX object CMakeFiles/mir_msgs__rosidl_typesupport_fastrtps_cpp.dir/rosidl_typesupport_fastrtps_cpp/mir_msgs/msg/detail/dds_fastrtps/hook_status__type_support.cpp.o[0m
[25.504s] [ 69%] [32mBuilding CXX object CMakeFiles/mir_msgs__rosidl_typesupport_fastrtps_c.dir/rosidl_typesupport_fastrtps_c/mir_msgs/msg/detail/events__type_support_c.cpp.o[0m
[25.512s] [ 69%] [32mBuilding CXX object CMakeFiles/mir_msgs__rosidl_typesupport_fastrtps_c.dir/rosidl_typesupport_fastrtps_c/mir_msgs/msg/detail/external_robot__type_support_c.cpp.o[0m
[25.570s] [ 69%] [32mBuilding CXX object CMakeFiles/mir_msgs__rosidl_typesupport_fastrtps_cpp.dir/rosidl_typesupport_fastrtps_cpp/mir_msgs/msg/detail/dds_fastrtps/i_os__type_support.cpp.o[0m
[25.658s] [ 69%] [32mBuilding CXX object CMakeFiles/mir_msgs__rosidl_typesupport_fastrtps_cpp.dir/rosidl_typesupport_fastrtps_cpp/mir_msgs/msg/detail/dds_fastrtps/local_map_stat__type_support.cpp.o[0m
[25.664s] [ 69%] [32mBuilding CXX object CMakeFiles/mir_msgs__rosidl_typesupport_fastrtps_cpp.dir/rosidl_typesupport_fastrtps_cpp/mir_msgs/msg/detail/dds_fastrtps/joystick_vel__type_support.cpp.o[0m
[25.726s] [ 70%] [32mBuilding CXX object CMakeFiles/mir_msgs__rosidl_typesupport_fastrtps_cpp.dir/rosidl_typesupport_fastrtps_cpp/mir_msgs/msg/detail/dds_fastrtps/mir_extra__type_support.cpp.o[0m
[25.824s] [ 70%] [32mBuilding CXX object CMakeFiles/mir_msgs__rosidl_typesupport_fastrtps_cpp.dir/rosidl_typesupport_fastrtps_cpp/mir_msgs/msg/detail/dds_fastrtps/mission_ctrl_command__type_support.cpp.o[0m
[25.851s] [ 71%] [32mBuilding CXX object CMakeFiles/mir_msgs__rosidl_typesupport_fastrtps_c.dir/rosidl_typesupport_fastrtps_c/mir_msgs/msg/detail/external_robots__type_support_c.cpp.o[0m
[26.009s] [ 71%] [32mBuilding CXX object CMakeFiles/mir_msgs__rosidl_typesupport_fastrtps_cpp.dir/rosidl_typesupport_fastrtps_cpp/mir_msgs/msg/detail/dds_fastrtps/mission_ctrl_state__type_support.cpp.o[0m
[26.070s] [ 71%] [32mBuilding CXX object CMakeFiles/mir_msgs__rosidl_typesupport_fastrtps_c.dir/rosidl_typesupport_fastrtps_c/mir_msgs/msg/detail/gpio__type_support_c.cpp.o[0m
[26.156s] [ 71%] [32mBuilding CXX object CMakeFiles/mir_msgs__rosidl_typesupport_fastrtps_c.dir/rosidl_typesupport_fastrtps_c/mir_msgs/msg/detail/gripper_state__type_support_c.cpp.o[0m
[26.165s] [ 71%] [32mBuilding CXX object CMakeFiles/mir_msgs__rosidl_typesupport_fastrtps_cpp.dir/rosidl_typesupport_fastrtps_cpp/mir_msgs/msg/detail/dds_fastrtps/pallet_lifter_status__type_support.cpp.o[0m
[26.268s] [ 71%] [32mBuilding CXX object CMakeFiles/mir_msgs__rosidl_typesupport_fastrtps_c.dir/rosidl_typesupport_fastrtps_c/mir_msgs/msg/detail/height_state__type_support_c.cpp.o[0m
[26.315s] [ 71%] [32m[1mLinking CXX shared library libmir_msgs__rosidl_typesupport_introspection_cpp.so[0m
[26.345s] [ 72%] [32mBuilding CXX object CMakeFiles/mir_msgs__rosidl_typesupport_fastrtps_c.dir/rosidl_typesupport_fastrtps_c/mir_msgs/msg/detail/hook_extended_status__type_support_c.cpp.o[0m
[26.518s] [ 72%] [32mBuilding CXX object CMakeFiles/mir_msgs__rosidl_typesupport_fastrtps_c.dir/rosidl_typesupport_fastrtps_c/mir_msgs/msg/detail/hook_status__type_support_c.cpp.o[0m
[26.578s] [ 72%] [32mBuilding CXX object CMakeFiles/mir_msgs__rosidl_typesupport_fastrtps_c.dir/rosidl_typesupport_fastrtps_c/mir_msgs/msg/detail/i_os__type_support_c.cpp.o[0m
[26.620s] [ 72%] [32mBuilding CXX object CMakeFiles/mir_msgs__rosidl_typesupport_fastrtps_c.dir/rosidl_typesupport_fastrtps_c/mir_msgs/msg/detail/joystick_vel__type_support_c.cpp.o[0m
[26.705s] [ 73%] [32mBuilding CXX object CMakeFiles/mir_msgs__rosidl_typesupport_fastrtps_c.dir/rosidl_typesupport_fastrtps_c/mir_msgs/msg/detail/local_map_stat__type_support_c.cpp.o[0m
[26.719s] [ 74%] [32mBuilding CXX object CMakeFiles/mir_msgs__rosidl_typesupport_fastrtps_cpp.dir/rosidl_typesupport_fastrtps_cpp/mir_msgs/msg/detail/dds_fastrtps/path__type_support.cpp.o[0m
[26.789s] [ 74%] [32mBuilding CXX object CMakeFiles/mir_msgs__rosidl_typesupport_fastrtps_c.dir/rosidl_typesupport_fastrtps_c/mir_msgs/msg/detail/mission_ctrl_command__type_support_c.cpp.o[0m
[26.794s] [ 74%] [32mBuilding CXX object CMakeFiles/mir_msgs__rosidl_typesupport_fastrtps_c.dir/rosidl_typesupport_fastrtps_c/mir_msgs/msg/detail/mir_extra__type_support_c.cpp.o[0m
[26.807s] [ 74%] [32mBuilding CXX object CMakeFiles/mir_msgs__rosidl_typesupport_fastrtps_c.dir/rosidl_typesupport_fastrtps_c/mir_msgs/msg/detail/mission_ctrl_state__type_support_c.cpp.o[0m
[26.865s] [ 74%] Built target mir_msgs__rosidl_typesupport_introspection_cpp
[26.909s] [ 75%] [32mBuilding CXX object CMakeFiles/mir_msgs__rosidl_typesupport_fastrtps_c.dir/rosidl_typesupport_fastrtps_c/mir_msgs/msg/detail/pallet_lifter_status__type_support_c.cpp.o[0m
[26.979s] [ 75%] [32mBuilding CXX object CMakeFiles/mir_msgs__rosidl_typesupport_fastrtps_c.dir/rosidl_typesupport_fastrtps_c/mir_msgs/msg/detail/path__type_support_c.cpp.o[0m
[27.070s] [ 75%] [32mBuilding CXX object CMakeFiles/mir_msgs__rosidl_typesupport_fastrtps_c.dir/rosidl_typesupport_fastrtps_c/mir_msgs/msg/detail/pendant__type_support_c.cpp.o[0m
[27.123s] [ 75%] [32mBuilding CXX object CMakeFiles/mir_msgs__rosidl_typesupport_fastrtps_c.dir/rosidl_typesupport_fastrtps_c/mir_msgs/msg/detail/plan_segment__type_support_c.cpp.o[0m
[27.166s] [ 75%] [32mBuilding CXX object CMakeFiles/mir_msgs__rosidl_typesupport_fastrtps_cpp.dir/rosidl_typesupport_fastrtps_cpp/mir_msgs/msg/detail/dds_fastrtps/pendant__type_support.cpp.o[0m
[27.169s] [ 76%] [32mBuilding CXX object CMakeFiles/mir_msgs__rosidl_typesupport_fastrtps_c.dir/rosidl_typesupport_fastrtps_c/mir_msgs/msg/detail/plan_segments__type_support_c.cpp.o[0m
[27.209s] [ 76%] [32mBuilding CXX object CMakeFiles/mir_msgs__rosidl_typesupport_fastrtps_cpp.dir/rosidl_typesupport_fastrtps_cpp/mir_msgs/msg/detail/dds_fastrtps/plan_segment__type_support.cpp.o[0m
[27.237s] [ 76%] [32mBuilding CXX object CMakeFiles/mir_msgs__rosidl_typesupport_fastrtps_c.dir/rosidl_typesupport_fastrtps_c/mir_msgs/msg/detail/pose2_d__type_support_c.cpp.o[0m
[27.264s] [ 76%] [32mBuilding CXX object CMakeFiles/mir_msgs__rosidl_typesupport_fastrtps_cpp.dir/rosidl_typesupport_fastrtps_cpp/mir_msgs/msg/detail/dds_fastrtps/plan_segments__type_support.cpp.o[0m
[27.336s] [ 76%] [32mBuilding CXX object CMakeFiles/mir_msgs__rosidl_typesupport_fastrtps_c.dir/rosidl_typesupport_fastrtps_c/mir_msgs/msg/detail/power_board_motor_status__type_support_c.cpp.o[0m
[27.423s] [ 77%] [32mBuilding CXX object CMakeFiles/mir_msgs__rosidl_typesupport_fastrtps_cpp.dir/rosidl_typesupport_fastrtps_cpp/mir_msgs/msg/detail/dds_fastrtps/pose2_d__type_support.cpp.o[0m
[27.557s] [ 77%] [32mBuilding CXX object CMakeFiles/mir_msgs__rosidl_typesupport_fastrtps_cpp.dir/rosidl_typesupport_fastrtps_cpp/mir_msgs/msg/detail/dds_fastrtps/power_board_motor_status__type_support.cpp.o[0m
[27.603s] [ 77%] [32mBuilding CXX object CMakeFiles/mir_msgs__rosidl_typesupport_fastrtps_cpp.dir/rosidl_typesupport_fastrtps_cpp/mir_msgs/msg/detail/dds_fastrtps/proximity__type_support.cpp.o[0m
[27.625s] [ 77%] [32mBuilding CXX object CMakeFiles/mir_msgs__rosidl_typesupport_fastrtps_cpp.dir/rosidl_typesupport_fastrtps_cpp/mir_msgs/msg/detail/dds_fastrtps/resources_state__type_support.cpp.o[0m
[27.886s] [ 77%] [32mBuilding CXX object CMakeFiles/mir_msgs__rosidl_typesupport_fastrtps_c.dir/rosidl_typesupport_fastrtps_c/mir_msgs/msg/detail/proximity__type_support_c.cpp.o[0m
[27.922s] [ 77%] [32mBuilding CXX object CMakeFiles/mir_msgs__rosidl_typesupport_fastrtps_cpp.dir/rosidl_typesupport_fastrtps_cpp/mir_msgs/msg/detail/dds_fastrtps/robot_mode__type_support.cpp.o[0m
[27.922s] [ 78%] [32mBuilding CXX object CMakeFiles/mir_msgs__rosidl_typesupport_fastrtps_cpp.dir/rosidl_typesupport_fastrtps_cpp/mir_msgs/msg/detail/dds_fastrtps/resource_state__type_support.cpp.o[0m
[28.060s] [ 78%] [32mBuilding CXX object CMakeFiles/mir_msgs__rosidl_typesupport_fastrtps_cpp.dir/rosidl_typesupport_fastrtps_cpp/mir_msgs/msg/detail/dds_fastrtps/robot_state__type_support.cpp.o[0m
[28.061s] [ 78%] [32mBuilding CXX object CMakeFiles/mir_msgs__rosidl_typesupport_fastrtps_cpp.dir/rosidl_typesupport_fastrtps_cpp/mir_msgs/msg/detail/dds_fastrtps/robot_status__type_support.cpp.o[0m
[28.082s] [ 79%] [32mBuilding CXX object CMakeFiles/mir_msgs__rosidl_typesupport_fastrtps_cpp.dir/rosidl_typesupport_fastrtps_cpp/mir_msgs/msg/detail/dds_fastrtps/safety_status__type_support.cpp.o[0m
[28.116s] [ 79%] [32mBuilding CXX object CMakeFiles/mir_msgs__rosidl_typesupport_fastrtps_cpp.dir/rosidl_typesupport_fastrtps_cpp/mir_msgs/msg/detail/dds_fastrtps/serial__type_support.cpp.o[0m
[28.250s] [ 80%] [32mBuilding CXX object CMakeFiles/mir_msgs__rosidl_typesupport_fastrtps_c.dir/rosidl_typesupport_fastrtps_c/mir_msgs/msg/detail/resources_state__type_support_c.cpp.o[0m
[28.309s] [ 80%] [32mBuilding CXX object CMakeFiles/mir_msgs__rosidl_typesupport_fastrtps_cpp.dir/rosidl_typesupport_fastrtps_cpp/mir_msgs/msg/detail/dds_fastrtps/stamped_encoders__type_support.cpp.o[0m
[28.384s] [ 80%] [32mBuilding CXX object CMakeFiles/mir_msgs__rosidl_typesupport_fastrtps_c.dir/rosidl_typesupport_fastrtps_c/mir_msgs/msg/detail/resource_state__type_support_c.cpp.o[0m
[28.415s] [ 80%] [32mBuilding CXX object CMakeFiles/mir_msgs__rosidl_typesupport_fastrtps_cpp.dir/rosidl_typesupport_fastrtps_cpp/mir_msgs/msg/detail/dds_fastrtps/trolley__type_support.cpp.o[0m
[28.427s] [ 80%] [32mBuilding CXX object CMakeFiles/mir_msgs__rosidl_typesupport_fastrtps_c.dir/rosidl_typesupport_fastrtps_c/mir_msgs/msg/detail/robot_mode__type_support_c.cpp.o[0m
[28.584s] [ 81%] [32mBuilding CXX object CMakeFiles/mir_msgs__rosidl_typesupport_fastrtps_cpp.dir/rosidl_typesupport_fastrtps_cpp/mir_msgs/msg/detail/dds_fastrtps/twist2_d__type_support.cpp.o[0m
[28.619s] [ 81%] [32mBuilding CXX object CMakeFiles/mir_msgs__rosidl_typesupport_fastrtps_cpp.dir/rosidl_typesupport_fastrtps_cpp/mir_msgs/msg/detail/dds_fastrtps/user_prompt__type_support.cpp.o[0m
[28.634s] [ 81%] [32mBuilding CXX object CMakeFiles/mir_msgs__rosidl_typesupport_fastrtps_cpp.dir/rosidl_typesupport_fastrtps_cpp/mir_msgs/msg/detail/dds_fastrtps/web_path__type_support.cpp.o[0m
[28.677s] [ 81%] [32mBuilding CXX object CMakeFiles/mir_msgs__rosidl_typesupport_fastrtps_c.dir/rosidl_typesupport_fastrtps_c/mir_msgs/msg/detail/robot_state__type_support_c.cpp.o[0m
[28.685s] [ 82%] [32mBuilding CXX object CMakeFiles/mir_msgs__rosidl_typesupport_fastrtps_c.dir/rosidl_typesupport_fastrtps_c/mir_msgs/msg/detail/robot_status__type_support_c.cpp.o[0m
[28.736s] [ 82%] [32mBuilding CXX object CMakeFiles/mir_msgs__rosidl_typesupport_fastrtps_c.dir/rosidl_typesupport_fastrtps_c/mir_msgs/msg/detail/safety_status__type_support_c.cpp.o[0m
[29.029s] [ 82%] [32mBuilding CXX object CMakeFiles/mir_msgs__rosidl_typesupport_fastrtps_c.dir/rosidl_typesupport_fastrtps_c/mir_msgs/msg/detail/serial__type_support_c.cpp.o[0m
[29.033s] [ 82%] [32mBuilding CXX object CMakeFiles/mir_msgs__rosidl_typesupport_fastrtps_c.dir/rosidl_typesupport_fastrtps_c/mir_msgs/msg/detail/stamped_encoders__type_support_c.cpp.o[0m
[29.158s] [ 83%] [32mBuilding CXX object CMakeFiles/mir_msgs__rosidl_typesupport_fastrtps_c.dir/rosidl_typesupport_fastrtps_c/mir_msgs/msg/detail/trolley__type_support_c.cpp.o[0m
[29.173s] [ 83%] [32mBuilding CXX object CMakeFiles/mir_msgs__rosidl_typesupport_fastrtps_c.dir/rosidl_typesupport_fastrtps_c/mir_msgs/msg/detail/twist2_d__type_support_c.cpp.o[0m
[29.259s] [ 83%] [32mBuilding CXX object CMakeFiles/mir_msgs__rosidl_typesupport_fastrtps_c.dir/rosidl_typesupport_fastrtps_c/mir_msgs/msg/detail/user_prompt__type_support_c.cpp.o[0m
[29.271s] [ 83%] [32mBuilding CXX object CMakeFiles/mir_msgs__rosidl_typesupport_fastrtps_c.dir/rosidl_typesupport_fastrtps_c/mir_msgs/msg/detail/web_path__type_support_c.cpp.o[0m
[29.405s] [ 84%] [32mBuilding CXX object CMakeFiles/mir_msgs__rosidl_typesupport_fastrtps_c.dir/rosidl_typesupport_fastrtps_c/mir_msgs/msg/detail/world_map__type_support_c.cpp.o[0m
[29.468s] [ 84%] [32mBuilding CXX object CMakeFiles/mir_msgs__rosidl_typesupport_fastrtps_c.dir/rosidl_typesupport_fastrtps_c/mir_msgs/msg/detail/world_model__type_support_c.cpp.o[0m
[29.503s] [ 84%] [32mBuilding CXX object CMakeFiles/mir_msgs__rosidl_typesupport_fastrtps_cpp.dir/rosidl_typesupport_fastrtps_cpp/mir_msgs/msg/detail/dds_fastrtps/world_map__type_support.cpp.o[0m
[29.510s] [ 85%] [32mBuilding CXX object CMakeFiles/mir_msgs__rosidl_typesupport_fastrtps_cpp.dir/rosidl_typesupport_fastrtps_cpp/mir_msgs/msg/detail/dds_fastrtps/world_model__type_support.cpp.o[0m
[29.531s] [ 85%] [32mBuilding CXX object CMakeFiles/mir_msgs__rosidl_typesupport_fastrtps_c.dir/rosidl_typesupport_fastrtps_c/mir_msgs/srv/detail/exec_mission__type_support_c.cpp.o[0m
[29.588s] [ 85%] [32mBuilding CXX object CMakeFiles/mir_msgs__rosidl_typesupport_fastrtps_cpp.dir/rosidl_typesupport_fastrtps_cpp/mir_msgs/srv/detail/dds_fastrtps/exec_mission__type_support.cpp.o[0m
[30.420s] [ 85%] [32m[1mLinking CXX shared library libmir_msgs__rosidl_typesupport_fastrtps_c.so[0m
[30.563s] [ 85%] Built target mir_msgs__rosidl_typesupport_fastrtps_c
[30.646s] [ 85%] [32m[1mLinking CXX shared library libmir_msgs__rosidl_typesupport_fastrtps_cpp.so[0m
[30.809s] [ 85%] Built target mir_msgs__rosidl_typesupport_fastrtps_cpp
[30.848s] [ 85%] Built target mir_msgs
[30.886s] [ 85%] [34m[1mGenerating Python code for ROS interfaces[0m
[39.146s] [ 85%] Built target mir_msgs__py
[39.181s] [ 86%] [32mBuilding C object CMakeFiles/mir_msgs__rosidl_generator_py.dir/rosidl_generator_py/mir_msgs/msg/_charging_state_s.c.o[0m
[39.181s] [ 86%] [32mBuilding C object CMakeFiles/mir_msgs__rosidl_generator_py.dir/rosidl_generator_py/mir_msgs/msg/_bms_data_s.c.o[0m
[39.182s] [ 86%] [32mBuilding C object CMakeFiles/mir_msgs__rosidl_generator_py.dir/rosidl_generator_py/mir_msgs/msg/_devices_s.c.o[0m
[39.183s] [ 86%] [32mBuilding C object CMakeFiles/mir_msgs__rosidl_generator_py.dir/rosidl_generator_py/mir_msgs/msg/_battery_currents_s.c.o[0m
[39.183s] [ 86%] [32mBuilding C object CMakeFiles/mir_msgs__rosidl_generator_py.dir/rosidl_generator_py/mir_msgs/msg/_brake_state_s.c.o[0m
[39.186s] [ 88%] [32mBuilding C object CMakeFiles/mir_msgs__rosidl_generator_py.dir/rosidl_generator_py/mir_msgs/msg/_encoders_s.c.o[0m
[39.186s] [ 88%] [32mBuilding C object CMakeFiles/mir_msgs__rosidl_generator_py.dir/rosidl_generator_py/mir_msgs/msg/_events_s.c.o[0m
[39.187s] [ 88%] [32mBuilding C object CMakeFiles/mir_msgs__rosidl_generator_py.dir/rosidl_generator_py/mir_msgs/msg/_event_s.c.o[0m
[39.187s] [ 88%] [32mBuilding C object CMakeFiles/mir_msgs__rosidl_generator_py.dir/rosidl_generator_py/mir_msgs/msg/_error_s.c.o[0m
[39.187s] [ 88%] [32mBuilding C object CMakeFiles/mir_msgs__rosidl_generator_py.dir/rosidl_generator_py/mir_msgs/msg/_external_robot_s.c.o[0m
[39.187s] [ 88%] [32mBuilding C object CMakeFiles/mir_msgs__rosidl_generator_py.dir/rosidl_generator_py/mir_msgs/msg/_gripper_state_s.c.o[0m
[39.187s] [ 87%] [32mBuilding C object CMakeFiles/mir_msgs__rosidl_generator_py.dir/rosidl_generator_py/mir_msgs/msg/_device_s.c.o[0m
[39.187s] [ 88%] [32mBuilding C object CMakeFiles/mir_msgs__rosidl_generator_py.dir/rosidl_generator_py/mir_msgs/msg/_external_robots_s.c.o[0m
[39.188s] [ 88%] [32mBuilding C object CMakeFiles/mir_msgs__rosidl_generator_py.dir/rosidl_generator_py/mir_msgs/msg/_height_state_s.c.o[0m
[39.188s] [ 90%] [32mBuilding C object CMakeFiles/mir_msgs__rosidl_generator_py.dir/rosidl_generator_py/mir_msgs/msg/_hook_status_s.c.o[0m
[39.188s] [ 90%] [32mBuilding C object CMakeFiles/mir_msgs__rosidl_generator_py.dir/rosidl_generator_py/mir_msgs/msg/_gpio_s.c.o[0m
[39.188s] [ 90%] [32mBuilding C object CMakeFiles/mir_msgs__rosidl_generator_py.dir/rosidl_generator_py/mir_msgs/msg/_hook_extended_status_s.c.o[0m
[39.195s] [ 90%] [32mBuilding C object CMakeFiles/mir_msgs__rosidl_generator_py.dir/rosidl_generator_py/mir_msgs/msg/_joystick_vel_s.c.o[0m
[39.195s] [ 90%] [32mBuilding C object CMakeFiles/mir_msgs__rosidl_generator_py.dir/rosidl_generator_py/mir_msgs/msg/_i_os_s.c.o[0m
[39.197s] [ 90%] [32mBuilding C object CMakeFiles/mir_msgs__rosidl_generator_py.dir/rosidl_generator_py/mir_msgs/msg/_local_map_stat_s.c.o[0m
[39.406s] [ 91%] [32mBuilding C object CMakeFiles/mir_msgs__rosidl_generator_py.dir/rosidl_generator_py/mir_msgs/msg/_mir_extra_s.c.o[0m
[39.412s] [ 91%] [32mBuilding C object CMakeFiles/mir_msgs__rosidl_generator_py.dir/rosidl_generator_py/mir_msgs/msg/_mission_ctrl_command_s.c.o[0m
[39.414s] [ 91%] [32mBuilding C object CMakeFiles/mir_msgs__rosidl_generator_py.dir/rosidl_generator_py/mir_msgs/msg/_mission_ctrl_state_s.c.o[0m
[39.416s] [ 91%] [32mBuilding C object CMakeFiles/mir_msgs__rosidl_generator_py.dir/rosidl_generator_py/mir_msgs/msg/_pallet_lifter_status_s.c.o[0m
[39.419s] [ 92%] [32mBuilding C object CMakeFiles/mir_msgs__rosidl_generator_py.dir/rosidl_generator_py/mir_msgs/msg/_path_s.c.o[0m
[39.419s] [ 92%] [32mBuilding C object CMakeFiles/mir_msgs__rosidl_generator_py.dir/rosidl_generator_py/mir_msgs/msg/_pendant_s.c.o[0m
[39.420s] [ 92%] [32mBuilding C object CMakeFiles/mir_msgs__rosidl_generator_py.dir/rosidl_generator_py/mir_msgs/msg/_plan_segment_s.c.o[0m
[39.426s] [ 92%] [32mBuilding C object CMakeFiles/mir_msgs__rosidl_generator_py.dir/rosidl_generator_py/mir_msgs/msg/_plan_segments_s.c.o[0m
[39.430s] [ 93%] [32mBuilding C object CMakeFiles/mir_msgs__rosidl_generator_py.dir/rosidl_generator_py/mir_msgs/msg/_pose2_d_s.c.o[0m
[39.432s] [ 93%] [32mBuilding C object CMakeFiles/mir_msgs__rosidl_generator_py.dir/rosidl_generator_py/mir_msgs/msg/_power_board_motor_status_s.c.o[0m
[39.447s] [ 93%] [32mBuilding C object CMakeFiles/mir_msgs__rosidl_generator_py.dir/rosidl_generator_py/mir_msgs/msg/_proximity_s.c.o[0m
[39.464s] [ 93%] [32mBuilding C object CMakeFiles/mir_msgs__rosidl_generator_py.dir/rosidl_generator_py/mir_msgs/msg/_resources_state_s.c.o[0m
[39.473s] [ 94%] [32mBuilding C object CMakeFiles/mir_msgs__rosidl_generator_py.dir/rosidl_generator_py/mir_msgs/msg/_resource_state_s.c.o[0m
[39.474s] [ 94%] [32mBuilding C object CMakeFiles/mir_msgs__rosidl_generator_py.dir/rosidl_generator_py/mir_msgs/msg/_robot_mode_s.c.o[0m
[39.484s] [ 94%] [32mBuilding C object CMakeFiles/mir_msgs__rosidl_generator_py.dir/rosidl_generator_py/mir_msgs/msg/_robot_state_s.c.o[0m
[39.519s] [ 94%] [32mBuilding C object CMakeFiles/mir_msgs__rosidl_generator_py.dir/rosidl_generator_py/mir_msgs/msg/_robot_status_s.c.o[0m
[39.540s] [ 95%] [32mBuilding C object CMakeFiles/mir_msgs__rosidl_generator_py.dir/rosidl_generator_py/mir_msgs/msg/_safety_status_s.c.o[0m
[39.540s] [ 95%] [32mBuilding C object CMakeFiles/mir_msgs__rosidl_generator_py.dir/rosidl_generator_py/mir_msgs/msg/_serial_s.c.o[0m
[39.555s] [ 95%] [32mBuilding C object CMakeFiles/mir_msgs__rosidl_generator_py.dir/rosidl_generator_py/mir_msgs/msg/_trolley_s.c.o[0m
[39.555s] [ 95%] [32mBuilding C object CMakeFiles/mir_msgs__rosidl_generator_py.dir/rosidl_generator_py/mir_msgs/msg/_stamped_encoders_s.c.o[0m
[39.652s] [ 96%] [32mBuilding C object CMakeFiles/mir_msgs__rosidl_generator_py.dir/rosidl_generator_py/mir_msgs/msg/_twist2_d_s.c.o[0m
[39.659s] [ 96%] [32mBuilding C object CMakeFiles/mir_msgs__rosidl_generator_py.dir/rosidl_generator_py/mir_msgs/msg/_user_prompt_s.c.o[0m
[39.673s] [ 96%] [32mBuilding C object CMakeFiles/mir_msgs__rosidl_generator_py.dir/rosidl_generator_py/mir_msgs/msg/_web_path_s.c.o[0m
[39.680s] [ 96%] [32mBuilding C object CMakeFiles/mir_msgs__rosidl_generator_py.dir/rosidl_generator_py/mir_msgs/msg/_world_map_s.c.o[0m
[39.681s] [ 97%] [32mBuilding C object CMakeFiles/mir_msgs__rosidl_generator_py.dir/rosidl_generator_py/mir_msgs/msg/_world_model_s.c.o[0m
[39.689s] [ 97%] [32mBuilding C object CMakeFiles/mir_msgs__rosidl_generator_py.dir/rosidl_generator_py/mir_msgs/srv/_exec_mission_s.c.o[0m
[39.882s] [ 97%] [32m[1mLinking C shared library rosidl_generator_py/mir_msgs/libmir_msgs__rosidl_generator_py.so[0m
[39.942s] [ 97%] Built target mir_msgs__rosidl_generator_py
[39.971s] [ 98%] [32mBuilding C object CMakeFiles/mir_msgs__rosidl_typesupport_introspection_c__pyext.dir/rosidl_generator_py/mir_msgs/_mir_msgs_s.ep.rosidl_typesupport_introspection_c.c.o[0m
[39.972s] [ 99%] [32mBuilding C object CMakeFiles/mir_msgs__rosidl_typesupport_fastrtps_c__pyext.dir/rosidl_generator_py/mir_msgs/_mir_msgs_s.ep.rosidl_typesupport_fastrtps_c.c.o[0m
[39.972s] [100%] [32mBuilding C object CMakeFiles/mir_msgs__rosidl_typesupport_c__pyext.dir/rosidl_generator_py/mir_msgs/_mir_msgs_s.ep.rosidl_typesupport_c.c.o[0m
[40.273s] [100%] [32m[1mLinking C shared library rosidl_generator_py/mir_msgs/mir_msgs_s__rosidl_typesupport_introspection_c.cpython-310-x86_64-linux-gnu.so[0m
[40.274s] [100%] [32m[1mLinking C shared library rosidl_generator_py/mir_msgs/mir_msgs_s__rosidl_typesupport_fastrtps_c.cpython-310-x86_64-linux-gnu.so[0m
[40.281s] [100%] [32m[1mLinking C shared library rosidl_generator_py/mir_msgs/mir_msgs_s__rosidl_typesupport_c.cpython-310-x86_64-linux-gnu.so[0m
[40.335s] [100%] Built target mir_msgs__rosidl_typesupport_introspection_c__pyext
[40.336s] [100%] Built target mir_msgs__rosidl_typesupport_fastrtps_c__pyext
[40.342s] [100%] Built target mir_msgs__rosidl_typesupport_c__pyext
[40.362s] Invoked command in '/home/basmala/mir250_ws/build/mir_msgs' returned '0': CMAKE_PREFIX_PATH=/opt/ros/humble /usr/bin/cmake --build /home/basmala/mir250_ws/build/mir_msgs -- -j20 -l20
[40.365s] Invoking command in '/home/basmala/mir250_ws/build/mir_msgs': CMAKE_PREFIX_PATH=/opt/ros/humble /usr/bin/cmake --install /home/basmala/mir250_ws/build/mir_msgs
[40.377s] -- Install configuration: ""
[40.377s] -- Installing: /home/basmala/mir250_ws/install/mir_msgs/share/ament_index/resource_index/rosidl_interfaces/mir_msgs
[40.378s] -- Installing: /home/basmala/mir250_ws/install/mir_msgs/include/mir_msgs/mir_msgs
[40.378s] -- Installing: /home/basmala/mir250_ws/install/mir_msgs/include/mir_msgs/mir_msgs/srv
[40.378s] -- Installing: /home/basmala/mir250_ws/install/mir_msgs/include/mir_msgs/mir_msgs/srv/detail
[40.378s] -- Installing: /home/basmala/mir250_ws/install/mir_msgs/include/mir_msgs/mir_msgs/srv/detail/exec_mission__functions.c
[40.378s] -- Installing: /home/basmala/mir250_ws/install/mir_msgs/include/mir_msgs/mir_msgs/srv/detail/exec_mission__functions.h
[40.378s] -- Installing: /home/basmala/mir250_ws/install/mir_msgs/include/mir_msgs/mir_msgs/srv/detail/exec_mission__struct.h
[40.378s] -- Installing: /home/basmala/mir250_ws/install/mir_msgs/include/mir_msgs/mir_msgs/srv/detail/exec_mission__type_support.h
[40.379s] -- Installing: /home/basmala/mir250_ws/install/mir_msgs/include/mir_msgs/mir_msgs/srv/exec_mission.h
[40.379s] -- Installing: /home/basmala/mir250_ws/install/mir_msgs/include/mir_msgs/mir_msgs/msg
[40.379s] -- Installing: /home/basmala/mir250_ws/install/mir_msgs/include/mir_msgs/mir_msgs/msg/stamped_encoders.h
[40.379s] -- Installing: /home/basmala/mir250_ws/install/mir_msgs/include/mir_msgs/mir_msgs/msg/pendant.h
[40.379s] -- Installing: /home/basmala/mir250_ws/install/mir_msgs/include/mir_msgs/mir_msgs/msg/external_robots.h
[40.379s] -- Installing: /home/basmala/mir250_ws/install/mir_msgs/include/mir_msgs/mir_msgs/msg/path.h
[40.379s] -- Installing: /home/basmala/mir250_ws/install/mir_msgs/include/mir_msgs/mir_msgs/msg/encoders.h
[40.380s] -- Installing: /home/basmala/mir250_ws/install/mir_msgs/include/mir_msgs/mir_msgs/msg/proximity.h
[40.380s] -- Installing: /home/basmala/mir250_ws/install/mir_msgs/include/mir_msgs/mir_msgs/msg/device.h
[40.380s] -- Installing: /home/basmala/mir250_ws/install/mir_msgs/include/mir_msgs/mir_msgs/msg/twist2_d.h
[40.380s] -- Installing: /home/basmala/mir250_ws/install/mir_msgs/include/mir_msgs/mir_msgs/msg/event.h
[40.380s] -- Installing: /home/basmala/mir250_ws/install/mir_msgs/include/mir_msgs/mir_msgs/msg/pallet_lifter_status.h
[40.380s] -- Installing: /home/basmala/mir250_ws/install/mir_msgs/include/mir_msgs/mir_msgs/msg/devices.h
[40.381s] -- Installing: /home/basmala/mir250_ws/install/mir_msgs/include/mir_msgs/mir_msgs/msg/world_model.h
[40.381s] -- Installing: /home/basmala/mir250_ws/install/mir_msgs/include/mir_msgs/mir_msgs/msg/events.h
[40.381s] -- Installing: /home/basmala/mir250_ws/install/mir_msgs/include/mir_msgs/mir_msgs/msg/resources_state.h
[40.381s] -- Installing: /home/basmala/mir250_ws/install/mir_msgs/include/mir_msgs/mir_msgs/msg/robot_state.h
[40.381s] -- Installing: /home/basmala/mir250_ws/install/mir_msgs/include/mir_msgs/mir_msgs/msg/world_map.h
[40.381s] -- Installing: /home/basmala/mir250_ws/install/mir_msgs/include/mir_msgs/mir_msgs/msg/i_os.h
[40.381s] -- Installing: /home/basmala/mir250_ws/install/mir_msgs/include/mir_msgs/mir_msgs/msg/trolley.h
[40.382s] -- Installing: /home/basmala/mir250_ws/install/mir_msgs/include/mir_msgs/mir_msgs/msg/rosidl_generator_c__visibility_control.h
[40.382s] -- Installing: /home/basmala/mir250_ws/install/mir_msgs/include/mir_msgs/mir_msgs/msg/gripper_state.h
[40.382s] -- Installing: /home/basmala/mir250_ws/install/mir_msgs/include/mir_msgs/mir_msgs/msg/error.h
[40.382s] -- Installing: /home/basmala/mir250_ws/install/mir_msgs/include/mir_msgs/mir_msgs/msg/mission_ctrl_command.h
[40.382s] -- Installing: /home/basmala/mir250_ws/install/mir_msgs/include/mir_msgs/mir_msgs/msg/mir_extra.h
[40.382s] -- Installing: /home/basmala/mir250_ws/install/mir_msgs/include/mir_msgs/mir_msgs/msg/serial.h
[40.382s] -- Installing: /home/basmala/mir250_ws/install/mir_msgs/include/mir_msgs/mir_msgs/msg/joystick_vel.h
[40.383s] -- Installing: /home/basmala/mir250_ws/install/mir_msgs/include/mir_msgs/mir_msgs/msg/battery_currents.h
[40.383s] -- Installing: /home/basmala/mir250_ws/install/mir_msgs/include/mir_msgs/mir_msgs/msg/detail
[40.383s] -- Installing: /home/basmala/mir250_ws/install/mir_msgs/include/mir_msgs/mir_msgs/msg/detail/height_state__type_support.h
[40.383s] -- Installing: /home/basmala/mir250_ws/install/mir_msgs/include/mir_msgs/mir_msgs/msg/detail/gpio__functions.c
[40.383s] -- Installing: /home/basmala/mir250_ws/install/mir_msgs/include/mir_msgs/mir_msgs/msg/detail/robot_mode__type_support.h
[40.383s] -- Installing: /home/basmala/mir250_ws/install/mir_msgs/include/mir_msgs/mir_msgs/msg/detail/events__functions.c
[40.384s] -- Installing: /home/basmala/mir250_ws/install/mir_msgs/include/mir_msgs/mir_msgs/msg/detail/path__functions.c
[40.384s] -- Installing: /home/basmala/mir250_ws/install/mir_msgs/include/mir_msgs/mir_msgs/msg/detail/web_path__struct.h
[40.384s] -- Installing: /home/basmala/mir250_ws/install/mir_msgs/include/mir_msgs/mir_msgs/msg/detail/mission_ctrl_state__struct.h
[40.384s] -- Installing: /home/basmala/mir250_ws/install/mir_msgs/include/mir_msgs/mir_msgs/msg/detail/resources_state__struct.h
[40.384s] -- Installing: /home/basmala/mir250_ws/install/mir_msgs/include/mir_msgs/mir_msgs/msg/detail/robot_state__functions.c
[40.384s] -- Installing: /home/basmala/mir250_ws/install/mir_msgs/include/mir_msgs/mir_msgs/msg/detail/hook_status__struct.h
[40.385s] -- Installing: /home/basmala/mir250_ws/install/mir_msgs/include/mir_msgs/mir_msgs/msg/detail/height_state__struct.h
[40.385s] -- Installing: /home/basmala/mir250_ws/install/mir_msgs/include/mir_msgs/mir_msgs/msg/detail/devices__type_support.h
[40.385s] -- Installing: /home/basmala/mir250_ws/install/mir_msgs/include/mir_msgs/mir_msgs/msg/detail/external_robots__type_support.h
[40.385s] -- Installing: /home/basmala/mir250_ws/install/mir_msgs/include/mir_msgs/mir_msgs/msg/detail/mission_ctrl_command__functions.c
[40.385s] -- Installing: /home/basmala/mir250_ws/install/mir_msgs/include/mir_msgs/mir_msgs/msg/detail/encoders__functions.c
[40.385s] -- Installing: /home/basmala/mir250_ws/install/mir_msgs/include/mir_msgs/mir_msgs/msg/detail/robot_mode__functions.h
[40.386s] -- Installing: /home/basmala/mir250_ws/install/mir_msgs/include/mir_msgs/mir_msgs/msg/detail/mission_ctrl_state__type_support.h
[40.386s] -- Installing: /home/basmala/mir250_ws/install/mir_msgs/include/mir_msgs/mir_msgs/msg/detail/mission_ctrl_state__functions.c
[40.386s] -- Installing: /home/basmala/mir250_ws/install/mir_msgs/include/mir_msgs/mir_msgs/msg/detail/pallet_lifter_status__struct.h
[40.386s] -- Installing: /home/basmala/mir250_ws/install/mir_msgs/include/mir_msgs/mir_msgs/msg/detail/devices__struct.h
[40.386s] -- Installing: /home/basmala/mir250_ws/install/mir_msgs/include/mir_msgs/mir_msgs/msg/detail/charging_state__functions.h
[40.387s] -- Installing: /home/basmala/mir250_ws/install/mir_msgs/include/mir_msgs/mir_msgs/msg/detail/plan_segment__functions.c
[40.387s] -- Installing: /home/basmala/mir250_ws/install/mir_msgs/include/mir_msgs/mir_msgs/msg/detail/world_model__functions.c
[40.387s] -- Installing: /home/basmala/mir250_ws/install/mir_msgs/include/mir_msgs/mir_msgs/msg/detail/brake_state__functions.h
[40.387s] -- Installing: /home/basmala/mir250_ws/install/mir_msgs/include/mir_msgs/mir_msgs/msg/detail/encoders__type_support.h
[40.387s] -- Installing: /home/basmala/mir250_ws/install/mir_msgs/include/mir_msgs/mir_msgs/msg/detail/power_board_motor_status__struct.h
[40.387s] -- Installing: /home/basmala/mir250_ws/install/mir_msgs/include/mir_msgs/mir_msgs/msg/detail/encoders__struct.h
[40.388s] -- Installing: /home/basmala/mir250_ws/install/mir_msgs/include/mir_msgs/mir_msgs/msg/detail/joystick_vel__type_support.h
[40.388s] -- Installing: /home/basmala/mir250_ws/install/mir_msgs/include/mir_msgs/mir_msgs/msg/detail/hook_status__functions.c
[40.388s] -- Installing: /home/basmala/mir250_ws/install/mir_msgs/include/mir_msgs/mir_msgs/msg/detail/trolley__functions.h
[40.388s] -- Installing: /home/basmala/mir250_ws/install/mir_msgs/include/mir_msgs/mir_msgs/msg/detail/battery_currents__struct.h
[40.388s] -- Installing: /home/basmala/mir250_ws/install/mir_msgs/include/mir_msgs/mir_msgs/msg/detail/battery_currents__type_support.h
[40.388s] -- Installing: /home/basmala/mir250_ws/install/mir_msgs/include/mir_msgs/mir_msgs/msg/detail/device__type_support.h
[40.389s] -- Installing: /home/basmala/mir250_ws/install/mir_msgs/include/mir_msgs/mir_msgs/msg/detail/trolley__struct.h
[40.389s] -- Installing: /home/basmala/mir250_ws/install/mir_msgs/include/mir_msgs/mir_msgs/msg/detail/twist2_d__type_support.h
[40.389s] -- Installing: /home/basmala/mir250_ws/install/mir_msgs/include/mir_msgs/mir_msgs/msg/detail/i_os__functions.h
[40.389s] -- Installing: /home/basmala/mir250_ws/install/mir_msgs/include/mir_msgs/mir_msgs/msg/detail/safety_status__type_support.h
[40.389s] -- Installing: /home/basmala/mir250_ws/install/mir_msgs/include/mir_msgs/mir_msgs/msg/detail/mission_ctrl_command__functions.h
[40.390s] -- Installing: /home/basmala/mir250_ws/install/mir_msgs/include/mir_msgs/mir_msgs/msg/detail/robot_mode__struct.h
[40.390s] -- Installing: /home/basmala/mir250_ws/install/mir_msgs/include/mir_msgs/mir_msgs/msg/detail/resource_state__functions.h
[40.390s] -- Installing: /home/basmala/mir250_ws/install/mir_msgs/include/mir_msgs/mir_msgs/msg/detail/trolley__type_support.h
[40.390s] -- Installing: /home/basmala/mir250_ws/install/mir_msgs/include/mir_msgs/mir_msgs/msg/detail/local_map_stat__struct.h
[40.390s] -- Installing: /home/basmala/mir250_ws/install/mir_msgs/include/mir_msgs/mir_msgs/msg/detail/hook_status__functions.h
[40.390s] -- Installing: /home/basmala/mir250_ws/install/mir_msgs/include/mir_msgs/mir_msgs/msg/detail/pose2_d__type_support.h
[40.391s] -- Installing: /home/basmala/mir250_ws/install/mir_msgs/include/mir_msgs/mir_msgs/msg/detail/external_robot__struct.h
[40.391s] -- Installing: /home/basmala/mir250_ws/install/mir_msgs/include/mir_msgs/mir_msgs/msg/detail/plan_segments__functions.h
[40.391s] -- Installing: /home/basmala/mir250_ws/install/mir_msgs/include/mir_msgs/mir_msgs/msg/detail/stamped_encoders__type_support.h
[40.391s] -- Installing: /home/basmala/mir250_ws/install/mir_msgs/include/mir_msgs/mir_msgs/msg/detail/robot_status__struct.h
[40.391s] -- Installing: /home/basmala/mir250_ws/install/mir_msgs/include/mir_msgs/mir_msgs/msg/detail/i_os__functions.c
[40.392s] -- Installing: /home/basmala/mir250_ws/install/mir_msgs/include/mir_msgs/mir_msgs/msg/detail/proximity__functions.h
[40.392s] -- Installing: /home/basmala/mir250_ws/install/mir_msgs/include/mir_msgs/mir_msgs/msg/detail/resources_state__functions.h
[40.392s] -- Installing: /home/basmala/mir250_ws/install/mir_msgs/include/mir_msgs/mir_msgs/msg/detail/pose2_d__functions.h
[40.392s] -- Installing: /home/basmala/mir250_ws/install/mir_msgs/include/mir_msgs/mir_msgs/msg/detail/safety_status__struct.h
[40.393s] -- Installing: /home/basmala/mir250_ws/install/mir_msgs/include/mir_msgs/mir_msgs/msg/detail/stamped_encoders__functions.h
[40.393s] -- Installing: /home/basmala/mir250_ws/install/mir_msgs/include/mir_msgs/mir_msgs/msg/detail/height_state__functions.h
[40.393s] -- Installing: /home/basmala/mir250_ws/install/mir_msgs/include/mir_msgs/mir_msgs/msg/detail/events__functions.h
[40.393s] -- Installing: /home/basmala/mir250_ws/install/mir_msgs/include/mir_msgs/mir_msgs/msg/detail/web_path__functions.h
[40.393s] -- Installing: /home/basmala/mir250_ws/install/mir_msgs/include/mir_msgs/mir_msgs/msg/detail/hook_extended_status__type_support.h
[40.394s] -- Installing: /home/basmala/mir250_ws/install/mir_msgs/include/mir_msgs/mir_msgs/msg/detail/pendant__type_support.h
[40.394s] -- Installing: /home/basmala/mir250_ws/install/mir_msgs/include/mir_msgs/mir_msgs/msg/detail/error__functions.h
[40.394s] -- Installing: /home/basmala/mir250_ws/install/mir_msgs/include/mir_msgs/mir_msgs/msg/detail/world_map__struct.h
[40.394s] -- Installing: /home/basmala/mir250_ws/install/mir_msgs/include/mir_msgs/mir_msgs/msg/detail/event__functions.h
[40.394s] -- Installing: /home/basmala/mir250_ws/install/mir_msgs/include/mir_msgs/mir_msgs/msg/detail/mission_ctrl_command__struct.h
[40.394s] -- Installing: /home/basmala/mir250_ws/install/mir_msgs/include/mir_msgs/mir_msgs/msg/detail/device__struct.h
[40.395s] -- Installing: /home/basmala/mir250_ws/install/mir_msgs/include/mir_msgs/mir_msgs/msg/detail/error__type_support.h
[40.395s] -- Installing: /home/basmala/mir250_ws/install/mir_msgs/include/mir_msgs/mir_msgs/msg/detail/robot_state__functions.h
[40.395s] -- Installing: /home/basmala/mir250_ws/install/mir_msgs/include/mir_msgs/mir_msgs/msg/detail/error__struct.h
[40.395s] -- Installing: /home/basmala/mir250_ws/install/mir_msgs/include/mir_msgs/mir_msgs/msg/detail/robot_mode__functions.c
[40.395s] -- Installing: /home/basmala/mir250_ws/install/mir_msgs/include/mir_msgs/mir_msgs/msg/detail/pallet_lifter_status__functions.c
[40.395s] -- Installing: /home/basmala/mir250_ws/install/mir_msgs/include/mir_msgs/mir_msgs/msg/detail/external_robots__struct.h
[40.396s] -- Installing: /home/basmala/mir250_ws/install/mir_msgs/include/mir_msgs/mir_msgs/msg/detail/hook_extended_status__functions.c
[40.396s] -- Installing: /home/basmala/mir250_ws/install/mir_msgs/include/mir_msgs/mir_msgs/msg/detail/twist2_d__functions.h
[40.396s] -- Installing: /home/basmala/mir250_ws/install/mir_msgs/include/mir_msgs/mir_msgs/msg/detail/pallet_lifter_status__type_support.h
[40.396s] -- Installing: /home/basmala/mir250_ws/install/mir_msgs/include/mir_msgs/mir_msgs/msg/detail/events__struct.h
[40.396s] -- Installing: /home/basmala/mir250_ws/install/mir_msgs/include/mir_msgs/mir_msgs/msg/detail/proximity__type_support.h
[40.396s] -- Installing: /home/basmala/mir250_ws/install/mir_msgs/include/mir_msgs/mir_msgs/msg/detail/mir_extra__functions.h
[40.396s] -- Installing: /home/basmala/mir250_ws/install/mir_msgs/include/mir_msgs/mir_msgs/msg/detail/joystick_vel__struct.h
[40.396s] -- Installing: /home/basmala/mir250_ws/install/mir_msgs/include/mir_msgs/mir_msgs/msg/detail/mission_ctrl_state__functions.h
[40.397s] -- Installing: /home/basmala/mir250_ws/install/mir_msgs/include/mir_msgs/mir_msgs/msg/detail/resources_state__functions.c
[40.397s] -- Installing: /home/basmala/mir250_ws/install/mir_msgs/include/mir_msgs/mir_msgs/msg/detail/hook_status__type_support.h
[40.397s] -- Installing: /home/basmala/mir250_ws/install/mir_msgs/include/mir_msgs/mir_msgs/msg/detail/hook_extended_status__functions.h
[40.397s] -- Installing: /home/basmala/mir250_ws/install/mir_msgs/include/mir_msgs/mir_msgs/msg/detail/safety_status__functions.h
[40.397s] -- Installing: /home/basmala/mir250_ws/install/mir_msgs/include/mir_msgs/mir_msgs/msg/detail/resources_state__type_support.h
[40.397s] -- Installing: /home/basmala/mir250_ws/install/mir_msgs/include/mir_msgs/mir_msgs/msg/detail/serial__functions.h
[40.397s] -- Installing: /home/basmala/mir250_ws/install/mir_msgs/include/mir_msgs/mir_msgs/msg/detail/mir_extra__functions.c
[40.397s] -- Installing: /home/basmala/mir250_ws/install/mir_msgs/include/mir_msgs/mir_msgs/msg/detail/local_map_stat__functions.h
[40.398s] -- Installing: /home/basmala/mir250_ws/install/mir_msgs/include/mir_msgs/mir_msgs/msg/detail/joystick_vel__functions.h
[40.398s] -- Installing: /home/basmala/mir250_ws/install/mir_msgs/include/mir_msgs/mir_msgs/msg/detail/robot_status__functions.c
[40.398s] -- Installing: /home/basmala/mir250_ws/install/mir_msgs/include/mir_msgs/mir_msgs/msg/detail/local_map_stat__type_support.h
[40.398s] -- Installing: /home/basmala/mir250_ws/install/mir_msgs/include/mir_msgs/mir_msgs/msg/detail/height_state__functions.c
[40.398s] -- Installing: /home/basmala/mir250_ws/install/mir_msgs/include/mir_msgs/mir_msgs/msg/detail/charging_state__type_support.h
[40.398s] -- Installing: /home/basmala/mir250_ws/install/mir_msgs/include/mir_msgs/mir_msgs/msg/detail/stamped_encoders__functions.c
[40.398s] -- Installing: /home/basmala/mir250_ws/install/mir_msgs/include/mir_msgs/mir_msgs/msg/detail/gripper_state__functions.h
[40.398s] -- Installing: /home/basmala/mir250_ws/install/mir_msgs/include/mir_msgs/mir_msgs/msg/detail/world_map__functions.h
[40.399s] -- Installing: /home/basmala/mir250_ws/install/mir_msgs/include/mir_msgs/mir_msgs/msg/detail/world_map__type_support.h
[40.399s] -- Installing: /home/basmala/mir250_ws/install/mir_msgs/include/mir_msgs/mir_msgs/msg/detail/event__functions.c
[40.399s] -- Installing: /home/basmala/mir250_ws/install/mir_msgs/include/mir_msgs/mir_msgs/msg/detail/i_os__struct.h
[40.399s] -- Installing: /home/basmala/mir250_ws/install/mir_msgs/include/mir_msgs/mir_msgs/msg/detail/world_model__functions.h
[40.399s] -- Installing: /home/basmala/mir250_ws/install/mir_msgs/include/mir_msgs/mir_msgs/msg/detail/gpio__type_support.h
[40.399s] -- Installing: /home/basmala/mir250_ws/install/mir_msgs/include/mir_msgs/mir_msgs/msg/detail/external_robot__functions.h
[40.399s] -- Installing: /home/basmala/mir250_ws/install/mir_msgs/include/mir_msgs/mir_msgs/msg/detail/serial__struct.h
[40.399s] -- Installing: /home/basmala/mir250_ws/install/mir_msgs/include/mir_msgs/mir_msgs/msg/detail/plan_segment__type_support.h
[40.400s] -- Installing: /home/basmala/mir250_ws/install/mir_msgs/include/mir_msgs/mir_msgs/msg/detail/power_board_motor_status__functions.c
[40.400s] -- Installing: /home/basmala/mir250_ws/install/mir_msgs/include/mir_msgs/mir_msgs/msg/detail/battery_currents__functions.c
[40.400s] -- Installing: /home/basmala/mir250_ws/install/mir_msgs/include/mir_msgs/mir_msgs/msg/detail/gpio__struct.h
[40.400s] -- Installing: /home/basmala/mir250_ws/install/mir_msgs/include/mir_msgs/mir_msgs/msg/detail/plan_segments__type_support.h
[40.400s] -- Installing: /home/basmala/mir250_ws/install/mir_msgs/include/mir_msgs/mir_msgs/msg/detail/proximity__struct.h
[40.400s] -- Installing: /home/basmala/mir250_ws/install/mir_msgs/include/mir_msgs/mir_msgs/msg/detail/serial__functions.c
[40.400s] -- Installing: /home/basmala/mir250_ws/install/mir_msgs/include/mir_msgs/mir_msgs/msg/detail/error__functions.c
[40.400s] -- Installing: /home/basmala/mir250_ws/install/mir_msgs/include/mir_msgs/mir_msgs/msg/detail/twist2_d__struct.h
[40.401s] -- Installing: /home/basmala/mir250_ws/install/mir_msgs/include/mir_msgs/mir_msgs/msg/detail/mir_extra__struct.h
[40.401s] -- Installing: /home/basmala/mir250_ws/install/mir_msgs/include/mir_msgs/mir_msgs/msg/detail/bms_data__struct.h
[40.401s] -- Installing: /home/basmala/mir250_ws/install/mir_msgs/include/mir_msgs/mir_msgs/msg/detail/pendant__functions.h
[40.401s] -- Installing: /home/basmala/mir250_ws/install/mir_msgs/include/mir_msgs/mir_msgs/msg/detail/joystick_vel__functions.c
[40.401s] -- Installing: /home/basmala/mir250_ws/install/mir_msgs/include/mir_msgs/mir_msgs/msg/detail/user_prompt__struct.h
[40.401s] -- Installing: /home/basmala/mir250_ws/install/mir_msgs/include/mir_msgs/mir_msgs/msg/detail/user_prompt__functions.h
[40.401s] -- Installing: /home/basmala/mir250_ws/install/mir_msgs/include/mir_msgs/mir_msgs/msg/detail/external_robots__functions.h
[40.401s] -- Installing: /home/basmala/mir250_ws/install/mir_msgs/include/mir_msgs/mir_msgs/msg/detail/mission_ctrl_command__type_support.h
[40.402s] -- Installing: /home/basmala/mir250_ws/install/mir_msgs/include/mir_msgs/mir_msgs/msg/detail/user_prompt__functions.c
[40.402s] -- Installing: /home/basmala/mir250_ws/install/mir_msgs/include/mir_msgs/mir_msgs/msg/detail/stamped_encoders__struct.h
[40.402s] -- Installing: /home/basmala/mir250_ws/install/mir_msgs/include/mir_msgs/mir_msgs/msg/detail/robot_state__type_support.h
[40.402s] -- Installing: /home/basmala/mir250_ws/install/mir_msgs/include/mir_msgs/mir_msgs/msg/detail/resource_state__struct.h
[40.402s] -- Installing: /home/basmala/mir250_ws/install/mir_msgs/include/mir_msgs/mir_msgs/msg/detail/encoders__functions.h
[40.402s] -- Installing: /home/basmala/mir250_ws/install/mir_msgs/include/mir_msgs/mir_msgs/msg/detail/plan_segment__struct.h
[40.402s] -- Installing: /home/basmala/mir250_ws/install/mir_msgs/include/mir_msgs/mir_msgs/msg/detail/gripper_state__type_support.h
[40.402s] -- Installing: /home/basmala/mir250_ws/install/mir_msgs/include/mir_msgs/mir_msgs/msg/detail/robot_status__functions.h
[40.402s] -- Installing: /home/basmala/mir250_ws/install/mir_msgs/include/mir_msgs/mir_msgs/msg/detail/i_os__type_support.h
[40.402s] -- Installing: /home/basmala/mir250_ws/install/mir_msgs/include/mir_msgs/mir_msgs/msg/detail/event__type_support.h
[40.402s] -- Installing: /home/basmala/mir250_ws/install/mir_msgs/include/mir_msgs/mir_msgs/msg/detail/robot_status__type_support.h
[40.402s] -- Installing: /home/basmala/mir250_ws/install/mir_msgs/include/mir_msgs/mir_msgs/msg/detail/twist2_d__functions.c
[40.403s] -- Installing: /home/basmala/mir250_ws/install/mir_msgs/include/mir_msgs/mir_msgs/msg/detail/gpio__functions.h
[40.403s] -- Installing: /home/basmala/mir250_ws/install/mir_msgs/include/mir_msgs/mir_msgs/msg/detail/brake_state__struct.h
[40.403s] -- Installing: /home/basmala/mir250_ws/install/mir_msgs/include/mir_msgs/mir_msgs/msg/detail/brake_state__functions.c
[40.403s] -- Installing: /home/basmala/mir250_ws/install/mir_msgs/include/mir_msgs/mir_msgs/msg/detail/resource_state__type_support.h
[40.403s] -- Installing: /home/basmala/mir250_ws/install/mir_msgs/include/mir_msgs/mir_msgs/msg/detail/serial__type_support.h
[40.403s] -- Installing: /home/basmala/mir250_ws/install/mir_msgs/include/mir_msgs/mir_msgs/msg/detail/gripper_state__struct.h
[40.403s] -- Installing: /home/basmala/mir250_ws/install/mir_msgs/include/mir_msgs/mir_msgs/msg/detail/bms_data__functions.c
[40.403s] -- Installing: /home/basmala/mir250_ws/install/mir_msgs/include/mir_msgs/mir_msgs/msg/detail/resource_state__functions.c
[40.404s] -- Installing: /home/basmala/mir250_ws/install/mir_msgs/include/mir_msgs/mir_msgs/msg/detail/pendant__struct.h
[40.404s] -- Installing: /home/basmala/mir250_ws/install/mir_msgs/include/mir_msgs/mir_msgs/msg/detail/world_model__type_support.h
[40.404s] -- Installing: /home/basmala/mir250_ws/install/mir_msgs/include/mir_msgs/mir_msgs/msg/detail/proximity__functions.c
[40.404s] -- Installing: /home/basmala/mir250_ws/install/mir_msgs/include/mir_msgs/mir_msgs/msg/detail/pose2_d__struct.h
[40.404s] -- Installing: /home/basmala/mir250_ws/install/mir_msgs/include/mir_msgs/mir_msgs/msg/detail/world_model__struct.h
[40.404s] -- Installing: /home/basmala/mir250_ws/install/mir_msgs/include/mir_msgs/mir_msgs/msg/detail/charging_state__struct.h
[40.404s] -- Installing: /home/basmala/mir250_ws/install/mir_msgs/include/mir_msgs/mir_msgs/msg/detail/safety_status__functions.c
[40.404s] -- Installing: /home/basmala/mir250_ws/install/mir_msgs/include/mir_msgs/mir_msgs/msg/detail/brake_state__type_support.h
[40.405s] -- Installing: /home/basmala/mir250_ws/install/mir_msgs/include/mir_msgs/mir_msgs/msg/detail/power_board_motor_status__type_support.h
[40.405s] -- Installing: /home/basmala/mir250_ws/install/mir_msgs/include/mir_msgs/mir_msgs/msg/detail/robot_state__struct.h
[40.405s] -- Installing: /home/basmala/mir250_ws/install/mir_msgs/include/mir_msgs/mir_msgs/msg/detail/path__functions.h
[40.405s] -- Installing: /home/basmala/mir250_ws/install/mir_msgs/include/mir_msgs/mir_msgs/msg/detail/device__functions.h
[40.405s] -- Installing: /home/basmala/mir250_ws/install/mir_msgs/include/mir_msgs/mir_msgs/msg/detail/plan_segments__functions.c
[40.405s] -- Installing: /home/basmala/mir250_ws/install/mir_msgs/include/mir_msgs/mir_msgs/msg/detail/external_robots__functions.c
[40.405s] -- Installing: /home/basmala/mir250_ws/install/mir_msgs/include/mir_msgs/mir_msgs/msg/detail/devices__functions.h
[40.406s] -- Installing: /home/basmala/mir250_ws/install/mir_msgs/include/mir_msgs/mir_msgs/msg/detail/external_robot__functions.c
[40.406s] -- Installing: /home/basmala/mir250_ws/install/mir_msgs/include/mir_msgs/mir_msgs/msg/detail/trolley__functions.c
[40.406s] -- Installing: /home/basmala/mir250_ws/install/mir_msgs/include/mir_msgs/mir_msgs/msg/detail/pallet_lifter_status__functions.h
[40.406s] -- Installing: /home/basmala/mir250_ws/install/mir_msgs/include/mir_msgs/mir_msgs/msg/detail/mir_extra__type_support.h
[40.406s] -- Installing: /home/basmala/mir250_ws/install/mir_msgs/include/mir_msgs/mir_msgs/msg/detail/devices__functions.c
[40.406s] -- Installing: /home/basmala/mir250_ws/install/mir_msgs/include/mir_msgs/mir_msgs/msg/detail/pendant__functions.c
[40.406s] -- Installing: /home/basmala/mir250_ws/install/mir_msgs/include/mir_msgs/mir_msgs/msg/detail/web_path__functions.c
[40.407s] -- Installing: /home/basmala/mir250_ws/install/mir_msgs/include/mir_msgs/mir_msgs/msg/detail/path__struct.h
[40.407s] -- Installing: /home/basmala/mir250_ws/install/mir_msgs/include/mir_msgs/mir_msgs/msg/detail/events__type_support.h
[40.407s] -- Installing: /home/basmala/mir250_ws/install/mir_msgs/include/mir_msgs/mir_msgs/msg/detail/user_prompt__type_support.h
[40.407s] -- Installing: /home/basmala/mir250_ws/install/mir_msgs/include/mir_msgs/mir_msgs/msg/detail/external_robot__type_support.h
[40.407s] -- Installing: /home/basmala/mir250_ws/install/mir_msgs/include/mir_msgs/mir_msgs/msg/detail/charging_state__functions.c
[40.407s] -- Installing: /home/basmala/mir250_ws/install/mir_msgs/include/mir_msgs/mir_msgs/msg/detail/local_map_stat__functions.c
[40.408s] -- Installing: /home/basmala/mir250_ws/install/mir_msgs/include/mir_msgs/mir_msgs/msg/detail/power_board_motor_status__functions.h
[40.408s] -- Installing: /home/basmala/mir250_ws/install/mir_msgs/include/mir_msgs/mir_msgs/msg/detail/web_path__type_support.h
[40.408s] -- Installing: /home/basmala/mir250_ws/install/mir_msgs/include/mir_msgs/mir_msgs/msg/detail/path__type_support.h
[40.408s] -- Installing: /home/basmala/mir250_ws/install/mir_msgs/include/mir_msgs/mir_msgs/msg/detail/pose2_d__functions.c
[40.408s] -- Installing: /home/basmala/mir250_ws/install/mir_msgs/include/mir_msgs/mir_msgs/msg/detail/bms_data__type_support.h
[40.408s] -- Installing: /home/basmala/mir250_ws/install/mir_msgs/include/mir_msgs/mir_msgs/msg/detail/plan_segments__struct.h
[40.408s] -- Installing: /home/basmala/mir250_ws/install/mir_msgs/include/mir_msgs/mir_msgs/msg/detail/gripper_state__functions.c
[40.408s] -- Installing: /home/basmala/mir250_ws/install/mir_msgs/include/mir_msgs/mir_msgs/msg/detail/hook_extended_status__struct.h
[40.409s] -- Installing: /home/basmala/mir250_ws/install/mir_msgs/include/mir_msgs/mir_msgs/msg/detail/battery_currents__functions.h
[40.409s] -- Installing: /home/basmala/mir250_ws/install/mir_msgs/include/mir_msgs/mir_msgs/msg/detail/plan_segment__functions.h
[40.409s] -- Installing: /home/basmala/mir250_ws/install/mir_msgs/include/mir_msgs/mir_msgs/msg/detail/event__struct.h
[40.409s] -- Installing: /home/basmala/mir250_ws/install/mir_msgs/include/mir_msgs/mir_msgs/msg/detail/bms_data__functions.h
[40.409s] -- Installing: /home/basmala/mir250_ws/install/mir_msgs/include/mir_msgs/mir_msgs/msg/detail/device__functions.c
[40.409s] -- Installing: /home/basmala/mir250_ws/install/mir_msgs/include/mir_msgs/mir_msgs/msg/detail/world_map__functions.c
[40.409s] -- Installing: /home/basmala/mir250_ws/install/mir_msgs/include/mir_msgs/mir_msgs/msg/user_prompt.h
[40.409s] -- Installing: /home/basmala/mir250_ws/install/mir_msgs/include/mir_msgs/mir_msgs/msg/robot_status.h
[40.410s] -- Installing: /home/basmala/mir250_ws/install/mir_msgs/include/mir_msgs/mir_msgs/msg/mission_ctrl_state.h
[40.410s] -- Installing: /home/basmala/mir250_ws/install/mir_msgs/include/mir_msgs/mir_msgs/msg/web_path.h
[40.410s] -- Installing: /home/basmala/mir250_ws/install/mir_msgs/include/mir_msgs/mir_msgs/msg/safety_status.h
[40.410s] -- Installing: /home/basmala/mir250_ws/install/mir_msgs/include/mir_msgs/mir_msgs/msg/brake_state.h
[40.410s] -- Installing: /home/basmala/mir250_ws/install/mir_msgs/include/mir_msgs/mir_msgs/msg/pose2_d.h
[40.410s] -- Installing: /home/basmala/mir250_ws/install/mir_msgs/include/mir_msgs/mir_msgs/msg/plan_segments.h
[40.410s] -- Installing: /home/basmala/mir250_ws/install/mir_msgs/include/mir_msgs/mir_msgs/msg/hook_extended_status.h
[40.410s] -- Installing: /home/basmala/mir250_ws/install/mir_msgs/include/mir_msgs/mir_msgs/msg/power_board_motor_status.h
[40.410s] -- Installing: /home/basmala/mir250_ws/install/mir_msgs/include/mir_msgs/mir_msgs/msg/gpio.h
[40.410s] -- Installing: /home/basmala/mir250_ws/install/mir_msgs/include/mir_msgs/mir_msgs/msg/local_map_stat.h
[40.411s] -- Installing: /home/basmala/mir250_ws/install/mir_msgs/include/mir_msgs/mir_msgs/msg/resource_state.h
[40.411s] -- Installing: /home/basmala/mir250_ws/install/mir_msgs/include/mir_msgs/mir_msgs/msg/plan_segment.h
[40.411s] -- Installing: /home/basmala/mir250_ws/install/mir_msgs/include/mir_msgs/mir_msgs/msg/external_robot.h
[40.411s] -- Installing: /home/basmala/mir250_ws/install/mir_msgs/include/mir_msgs/mir_msgs/msg/charging_state.h
[40.411s] -- Installing: /home/basmala/mir250_ws/install/mir_msgs/include/mir_msgs/mir_msgs/msg/robot_mode.h
[40.411s] -- Installing: /home/basmala/mir250_ws/install/mir_msgs/include/mir_msgs/mir_msgs/msg/bms_data.h
[40.412s] -- Installing: /home/basmala/mir250_ws/install/mir_msgs/include/mir_msgs/mir_msgs/msg/hook_status.h
[40.412s] -- Installing: /home/basmala/mir250_ws/install/mir_msgs/include/mir_msgs/mir_msgs/msg/height_state.h
[40.412s] -- Installing: /home/basmala/mir250_ws/install/mir_msgs/share/mir_msgs/environment/library_path.sh
[40.412s] -- Installing: /home/basmala/mir250_ws/install/mir_msgs/share/mir_msgs/environment/library_path.dsv
[40.413s] -- Installing: /home/basmala/mir250_ws/install/mir_msgs/lib/libmir_msgs__rosidl_generator_c.so
[40.413s] -- Set runtime path of "/home/basmala/mir250_ws/install/mir_msgs/lib/libmir_msgs__rosidl_generator_c.so" to ""
[40.414s] -- Up-to-date: /home/basmala/mir250_ws/install/mir_msgs/include/mir_msgs/mir_msgs
[40.414s] -- Up-to-date: /home/basmala/mir250_ws/install/mir_msgs/include/mir_msgs/mir_msgs/srv
[40.414s] -- Up-to-date: /home/basmala/mir250_ws/install/mir_msgs/include/mir_msgs/mir_msgs/srv/detail
[40.414s] -- Installing: /home/basmala/mir250_ws/install/mir_msgs/include/mir_msgs/mir_msgs/srv/detail/exec_mission__rosidl_typesupport_fastrtps_c.h
[40.414s] -- Up-to-date: /home/basmala/mir250_ws/install/mir_msgs/include/mir_msgs/mir_msgs/msg
[40.414s] -- Up-to-date: /home/basmala/mir250_ws/install/mir_msgs/include/mir_msgs/mir_msgs/msg/detail
[40.414s] -- Installing: /home/basmala/mir250_ws/install/mir_msgs/include/mir_msgs/mir_msgs/msg/detail/world_map__rosidl_typesupport_fastrtps_c.h
[40.414s] -- Installing: /home/basmala/mir250_ws/install/mir_msgs/include/mir_msgs/mir_msgs/msg/detail/i_os__rosidl_typesupport_fastrtps_c.h
[40.415s] -- Installing: /home/basmala/mir250_ws/install/mir_msgs/include/mir_msgs/mir_msgs/msg/detail/mission_ctrl_command__rosidl_typesupport_fastrtps_c.h
[40.415s] -- Installing: /home/basmala/mir250_ws/install/mir_msgs/include/mir_msgs/mir_msgs/msg/detail/world_model__rosidl_typesupport_fastrtps_c.h
[40.415s] -- Installing: /home/basmala/mir250_ws/install/mir_msgs/include/mir_msgs/mir_msgs/msg/detail/user_prompt__rosidl_typesupport_fastrtps_c.h
[40.415s] -- Installing: /home/basmala/mir250_ws/install/mir_msgs/include/mir_msgs/mir_msgs/msg/detail/hook_extended_status__rosidl_typesupport_fastrtps_c.h
[40.415s] -- Installing: /home/basmala/mir250_ws/install/mir_msgs/include/mir_msgs/mir_msgs/msg/detail/hook_status__rosidl_typesupport_fastrtps_c.h
[40.415s] -- Installing: /home/basmala/mir250_ws/install/mir_msgs/include/mir_msgs/mir_msgs/msg/detail/devices__rosidl_typesupport_fastrtps_c.h
[40.415s] -- Installing: /home/basmala/mir250_ws/install/mir_msgs/include/mir_msgs/mir_msgs/msg/detail/pallet_lifter_status__rosidl_typesupport_fastrtps_c.h
[40.415s] -- Installing: /home/basmala/mir250_ws/install/mir_msgs/include/mir_msgs/mir_msgs/msg/detail/pose2_d__rosidl_typesupport_fastrtps_c.h
[40.415s] -- Installing: /home/basmala/mir250_ws/install/mir_msgs/include/mir_msgs/mir_msgs/msg/detail/power_board_motor_status__rosidl_typesupport_fastrtps_c.h
[40.416s] -- Installing: /home/basmala/mir250_ws/install/mir_msgs/include/mir_msgs/mir_msgs/msg/detail/external_robot__rosidl_typesupport_fastrtps_c.h
[40.416s] -- Installing: /home/basmala/mir250_ws/install/mir_msgs/include/mir_msgs/mir_msgs/msg/detail/plan_segment__rosidl_typesupport_fastrtps_c.h
[40.416s] -- Installing: /home/basmala/mir250_ws/install/mir_msgs/include/mir_msgs/mir_msgs/msg/detail/bms_data__rosidl_typesupport_fastrtps_c.h
[40.416s] -- Installing: /home/basmala/mir250_ws/install/mir_msgs/include/mir_msgs/mir_msgs/msg/detail/mission_ctrl_state__rosidl_typesupport_fastrtps_c.h
[40.416s] -- Installing: /home/basmala/mir250_ws/install/mir_msgs/include/mir_msgs/mir_msgs/msg/detail/resources_state__rosidl_typesupport_fastrtps_c.h
[40.416s] -- Installing: /home/basmala/mir250_ws/install/mir_msgs/include/mir_msgs/mir_msgs/msg/detail/joystick_vel__rosidl_typesupport_fastrtps_c.h
[40.416s] -- Installing: /home/basmala/mir250_ws/install/mir_msgs/include/mir_msgs/mir_msgs/msg/detail/battery_currents__rosidl_typesupport_fastrtps_c.h
[40.417s] -- Installing: /home/basmala/mir250_ws/install/mir_msgs/include/mir_msgs/mir_msgs/msg/detail/external_robots__rosidl_typesupport_fastrtps_c.h
[40.417s] -- Installing: /home/basmala/mir250_ws/install/mir_msgs/include/mir_msgs/mir_msgs/msg/detail/robot_status__rosidl_typesupport_fastrtps_c.h
[40.417s] -- Installing: /home/basmala/mir250_ws/install/mir_msgs/include/mir_msgs/mir_msgs/msg/detail/path__rosidl_typesupport_fastrtps_c.h
[40.417s] -- Installing: /home/basmala/mir250_ws/install/mir_msgs/include/mir_msgs/mir_msgs/msg/detail/gripper_state__rosidl_typesupport_fastrtps_c.h
[40.417s] -- Installing: /home/basmala/mir250_ws/install/mir_msgs/include/mir_msgs/mir_msgs/msg/detail/height_state__rosidl_typesupport_fastrtps_c.h
[40.417s] -- Installing: /home/basmala/mir250_ws/install/mir_msgs/include/mir_msgs/mir_msgs/msg/detail/stamped_encoders__rosidl_typesupport_fastrtps_c.h
[40.417s] -- Installing: /home/basmala/mir250_ws/install/mir_msgs/include/mir_msgs/mir_msgs/msg/detail/plan_segments__rosidl_typesupport_fastrtps_c.h
[40.417s] -- Installing: /home/basmala/mir250_ws/install/mir_msgs/include/mir_msgs/mir_msgs/msg/detail/pendant__rosidl_typesupport_fastrtps_c.h
[40.418s] -- Installing: /home/basmala/mir250_ws/install/mir_msgs/include/mir_msgs/mir_msgs/msg/detail/mir_extra__rosidl_typesupport_fastrtps_c.h
[40.418s] -- Installing: /home/basmala/mir250_ws/install/mir_msgs/include/mir_msgs/mir_msgs/msg/detail/proximity__rosidl_typesupport_fastrtps_c.h
[40.418s] -- Installing: /home/basmala/mir250_ws/install/mir_msgs/include/mir_msgs/mir_msgs/msg/detail/web_path__rosidl_typesupport_fastrtps_c.h
[40.418s] -- Installing: /home/basmala/mir250_ws/install/mir_msgs/include/mir_msgs/mir_msgs/msg/detail/charging_state__rosidl_typesupport_fastrtps_c.h
[40.418s] -- Installing: /home/basmala/mir250_ws/install/mir_msgs/include/mir_msgs/mir_msgs/msg/detail/serial__rosidl_typesupport_fastrtps_c.h
[40.418s] -- Installing: /home/basmala/mir250_ws/install/mir_msgs/include/mir_msgs/mir_msgs/msg/detail/resource_state__rosidl_typesupport_fastrtps_c.h
[40.418s] -- Installing: /home/basmala/mir250_ws/install/mir_msgs/include/mir_msgs/mir_msgs/msg/detail/events__rosidl_typesupport_fastrtps_c.h
[40.419s] -- Installing: /home/basmala/mir250_ws/install/mir_msgs/include/mir_msgs/mir_msgs/msg/detail/encoders__rosidl_typesupport_fastrtps_c.h
[40.419s] -- Installing: /home/basmala/mir250_ws/install/mir_msgs/include/mir_msgs/mir_msgs/msg/detail/trolley__rosidl_typesupport_fastrtps_c.h
[40.419s] -- Installing: /home/basmala/mir250_ws/install/mir_msgs/include/mir_msgs/mir_msgs/msg/detail/robot_state__rosidl_typesupport_fastrtps_c.h
[40.419s] -- Installing: /home/basmala/mir250_ws/install/mir_msgs/include/mir_msgs/mir_msgs/msg/detail/event__rosidl_typesupport_fastrtps_c.h
[40.419s] -- Installing: /home/basmala/mir250_ws/install/mir_msgs/include/mir_msgs/mir_msgs/msg/detail/brake_state__rosidl_typesupport_fastrtps_c.h
[40.419s] -- Installing: /home/basmala/mir250_ws/install/mir_msgs/include/mir_msgs/mir_msgs/msg/detail/twist2_d__rosidl_typesupport_fastrtps_c.h
[40.419s] -- Installing: /home/basmala/mir250_ws/install/mir_msgs/include/mir_msgs/mir_msgs/msg/detail/error__rosidl_typesupport_fastrtps_c.h
[40.419s] -- Installing: /home/basmala/mir250_ws/install/mir_msgs/include/mir_msgs/mir_msgs/msg/detail/gpio__rosidl_typesupport_fastrtps_c.h
[40.420s] -- Installing: /home/basmala/mir250_ws/install/mir_msgs/include/mir_msgs/mir_msgs/msg/detail/device__rosidl_typesupport_fastrtps_c.h
[40.420s] -- Installing: /home/basmala/mir250_ws/install/mir_msgs/include/mir_msgs/mir_msgs/msg/detail/safety_status__rosidl_typesupport_fastrtps_c.h
[40.420s] -- Installing: /home/basmala/mir250_ws/install/mir_msgs/include/mir_msgs/mir_msgs/msg/detail/local_map_stat__rosidl_typesupport_fastrtps_c.h
[40.420s] -- Installing: /home/basmala/mir250_ws/install/mir_msgs/include/mir_msgs/mir_msgs/msg/detail/robot_mode__rosidl_typesupport_fastrtps_c.h
[40.420s] -- Installing: /home/basmala/mir250_ws/install/mir_msgs/include/mir_msgs/mir_msgs/msg/rosidl_typesupport_fastrtps_c__visibility_control.h
[40.420s] -- Installing: /home/basmala/mir250_ws/install/mir_msgs/lib/libmir_msgs__rosidl_typesupport_fastrtps_c.so
[40.421s] -- Set runtime path of "/home/basmala/mir250_ws/install/mir_msgs/lib/libmir_msgs__rosidl_typesupport_fastrtps_c.so" to ""
[40.421s] -- Up-to-date: /home/basmala/mir250_ws/install/mir_msgs/include/mir_msgs/mir_msgs
[40.421s] -- Up-to-date: /home/basmala/mir250_ws/install/mir_msgs/include/mir_msgs/mir_msgs/srv
[40.421s] -- Installing: /home/basmala/mir250_ws/install/mir_msgs/include/mir_msgs/mir_msgs/srv/exec_mission.hpp
[40.422s] -- Up-to-date: /home/basmala/mir250_ws/install/mir_msgs/include/mir_msgs/mir_msgs/srv/detail
[40.422s] -- Installing: /home/basmala/mir250_ws/install/mir_msgs/include/mir_msgs/mir_msgs/srv/detail/exec_mission__traits.hpp
[40.422s] -- Installing: /home/basmala/mir250_ws/install/mir_msgs/include/mir_msgs/mir_msgs/srv/detail/exec_mission__struct.hpp
[40.422s] -- Installing: /home/basmala/mir250_ws/install/mir_msgs/include/mir_msgs/mir_msgs/srv/detail/exec_mission__builder.hpp
[40.422s] -- Installing: /home/basmala/mir250_ws/install/mir_msgs/include/mir_msgs/mir_msgs/srv/detail/exec_mission__type_support.hpp
[40.422s] -- Up-to-date: /home/basmala/mir250_ws/install/mir_msgs/include/mir_msgs/mir_msgs/msg
[40.422s] -- Installing: /home/basmala/mir250_ws/install/mir_msgs/include/mir_msgs/mir_msgs/msg/bms_data.hpp
[40.422s] -- Installing: /home/basmala/mir250_ws/install/mir_msgs/include/mir_msgs/mir_msgs/msg/hook_status.hpp
[40.423s] -- Installing: /home/basmala/mir250_ws/install/mir_msgs/include/mir_msgs/mir_msgs/msg/local_map_stat.hpp
[40.423s] -- Installing: /home/basmala/mir250_ws/install/mir_msgs/include/mir_msgs/mir_msgs/msg/resources_state.hpp
[40.423s] -- Installing: /home/basmala/mir250_ws/install/mir_msgs/include/mir_msgs/mir_msgs/msg/mission_ctrl_command.hpp
[40.423s] -- Installing: /home/basmala/mir250_ws/install/mir_msgs/include/mir_msgs/mir_msgs/msg/serial.hpp
[40.423s] -- Installing: /home/basmala/mir250_ws/install/mir_msgs/include/mir_msgs/mir_msgs/msg/web_path.hpp
[40.423s] -- Installing: /home/basmala/mir250_ws/install/mir_msgs/include/mir_msgs/mir_msgs/msg/device.hpp
[40.423s] -- Installing: /home/basmala/mir250_ws/install/mir_msgs/include/mir_msgs/mir_msgs/msg/events.hpp
[40.423s] -- Installing: /home/basmala/mir250_ws/install/mir_msgs/include/mir_msgs/mir_msgs/msg/pallet_lifter_status.hpp
[40.423s] -- Installing: /home/basmala/mir250_ws/install/mir_msgs/include/mir_msgs/mir_msgs/msg/path.hpp
[40.424s] -- Installing: /home/basmala/mir250_ws/install/mir_msgs/include/mir_msgs/mir_msgs/msg/battery_currents.hpp
[40.424s] -- Installing: /home/basmala/mir250_ws/install/mir_msgs/include/mir_msgs/mir_msgs/msg/i_os.hpp
[40.424s] -- Installing: /home/basmala/mir250_ws/install/mir_msgs/include/mir_msgs/mir_msgs/msg/hook_extended_status.hpp
[40.424s] -- Installing: /home/basmala/mir250_ws/install/mir_msgs/include/mir_msgs/mir_msgs/msg/user_prompt.hpp
[40.424s] -- Installing: /home/basmala/mir250_ws/install/mir_msgs/include/mir_msgs/mir_msgs/msg/mir_extra.hpp
[40.424s] -- Installing: /home/basmala/mir250_ws/install/mir_msgs/include/mir_msgs/mir_msgs/msg/error.hpp
[40.424s] -- Installing: /home/basmala/mir250_ws/install/mir_msgs/include/mir_msgs/mir_msgs/msg/pose2_d.hpp
[40.425s] -- Installing: /home/basmala/mir250_ws/install/mir_msgs/include/mir_msgs/mir_msgs/msg/mission_ctrl_state.hpp
[40.425s] -- Installing: /home/basmala/mir250_ws/install/mir_msgs/include/mir_msgs/mir_msgs/msg/proximity.hpp
[40.425s] -- Installing: /home/basmala/mir250_ws/install/mir_msgs/include/mir_msgs/mir_msgs/msg/power_board_motor_status.hpp
[40.425s] -- Installing: /home/basmala/mir250_ws/install/mir_msgs/include/mir_msgs/mir_msgs/msg/external_robots.hpp
[40.425s] -- Installing: /home/basmala/mir250_ws/install/mir_msgs/include/mir_msgs/mir_msgs/msg/rosidl_generator_cpp__visibility_control.hpp
[40.425s] -- Installing: /home/basmala/mir250_ws/install/mir_msgs/include/mir_msgs/mir_msgs/msg/external_robot.hpp
[40.426s] -- Up-to-date: /home/basmala/mir250_ws/install/mir_msgs/include/mir_msgs/mir_msgs/msg/detail
[40.426s] -- Installing: /home/basmala/mir250_ws/install/mir_msgs/include/mir_msgs/mir_msgs/msg/detail/external_robots__type_support.hpp
[40.426s] -- Installing: /home/basmala/mir250_ws/install/mir_msgs/include/mir_msgs/mir_msgs/msg/detail/trolley__traits.hpp
[40.426s] -- Installing: /home/basmala/mir250_ws/install/mir_msgs/include/mir_msgs/mir_msgs/msg/detail/device__builder.hpp
[40.426s] -- Installing: /home/basmala/mir250_ws/install/mir_msgs/include/mir_msgs/mir_msgs/msg/detail/safety_status__struct.hpp
[40.426s] -- Installing: /home/basmala/mir250_ws/install/mir_msgs/include/mir_msgs/mir_msgs/msg/detail/pose2_d__traits.hpp
[40.426s] -- Installing: /home/basmala/mir250_ws/install/mir_msgs/include/mir_msgs/mir_msgs/msg/detail/plan_segments__builder.hpp
[40.426s] -- Installing: /home/basmala/mir250_ws/install/mir_msgs/include/mir_msgs/mir_msgs/msg/detail/power_board_motor_status__struct.hpp
[40.427s] -- Installing: /home/basmala/mir250_ws/install/mir_msgs/include/mir_msgs/mir_msgs/msg/detail/external_robot__type_support.hpp
[40.427s] -- Installing: /home/basmala/mir250_ws/install/mir_msgs/include/mir_msgs/mir_msgs/msg/detail/device__traits.hpp
[40.427s] -- Installing: /home/basmala/mir250_ws/install/mir_msgs/include/mir_msgs/mir_msgs/msg/detail/resources_state__type_support.hpp
[40.427s] -- Installing: /home/basmala/mir250_ws/install/mir_msgs/include/mir_msgs/mir_msgs/msg/detail/stamped_encoders__traits.hpp
[40.427s] -- Installing: /home/basmala/mir250_ws/install/mir_msgs/include/mir_msgs/mir_msgs/msg/detail/pendant__traits.hpp
[40.427s] -- Installing: /home/basmala/mir250_ws/install/mir_msgs/include/mir_msgs/mir_msgs/msg/detail/gpio__type_support.hpp
[40.427s] -- Installing: /home/basmala/mir250_ws/install/mir_msgs/include/mir_msgs/mir_msgs/msg/detail/external_robots__traits.hpp
[40.428s] -- Installing: /home/basmala/mir250_ws/install/mir_msgs/include/mir_msgs/mir_msgs/msg/detail/joystick_vel__struct.hpp
[40.428s] -- Installing: /home/basmala/mir250_ws/install/mir_msgs/include/mir_msgs/mir_msgs/msg/detail/trolley__type_support.hpp
[40.428s] -- Installing: /home/basmala/mir250_ws/install/mir_msgs/include/mir_msgs/mir_msgs/msg/detail/pendant__type_support.hpp
[40.428s] -- Installing: /home/basmala/mir250_ws/install/mir_msgs/include/mir_msgs/mir_msgs/msg/detail/mir_extra__struct.hpp
[40.428s] -- Installing: /home/basmala/mir250_ws/install/mir_msgs/include/mir_msgs/mir_msgs/msg/detail/trolley__builder.hpp
[40.428s] -- Installing: /home/basmala/mir250_ws/install/mir_msgs/include/mir_msgs/mir_msgs/msg/detail/robot_mode__struct.hpp
[40.428s] -- Installing: /home/basmala/mir250_ws/install/mir_msgs/include/mir_msgs/mir_msgs/msg/detail/gripper_state__struct.hpp
[40.428s] -- Installing: /home/basmala/mir250_ws/install/mir_msgs/include/mir_msgs/mir_msgs/msg/detail/events__builder.hpp
[40.428s] -- Installing: /home/basmala/mir250_ws/install/mir_msgs/include/mir_msgs/mir_msgs/msg/detail/mission_ctrl_state__type_support.hpp
[40.428s] -- Installing: /home/basmala/mir250_ws/install/mir_msgs/include/mir_msgs/mir_msgs/msg/detail/power_board_motor_status__builder.hpp
[40.429s] -- Installing: /home/basmala/mir250_ws/install/mir_msgs/include/mir_msgs/mir_msgs/msg/detail/external_robots__struct.hpp
[40.429s] -- Installing: /home/basmala/mir250_ws/install/mir_msgs/include/mir_msgs/mir_msgs/msg/detail/i_os__type_support.hpp
[40.429s] -- Installing: /home/basmala/mir250_ws/install/mir_msgs/include/mir_msgs/mir_msgs/msg/detail/trolley__struct.hpp
[40.429s] -- Installing: /home/basmala/mir250_ws/install/mir_msgs/include/mir_msgs/mir_msgs/msg/detail/robot_state__builder.hpp
[40.429s] -- Installing: /home/basmala/mir250_ws/install/mir_msgs/include/mir_msgs/mir_msgs/msg/detail/mir_extra__traits.hpp
[40.429s] -- Installing: /home/basmala/mir250_ws/install/mir_msgs/include/mir_msgs/mir_msgs/msg/detail/robot_mode__type_support.hpp
[40.430s] -- Installing: /home/basmala/mir250_ws/install/mir_msgs/include/mir_msgs/mir_msgs/msg/detail/error__struct.hpp
[40.430s] -- Installing: /home/basmala/mir250_ws/install/mir_msgs/include/mir_msgs/mir_msgs/msg/detail/mission_ctrl_state__traits.hpp
[40.430s] -- Installing: /home/basmala/mir250_ws/install/mir_msgs/include/mir_msgs/mir_msgs/msg/detail/robot_mode__builder.hpp
[40.430s] -- Installing: /home/basmala/mir250_ws/install/mir_msgs/include/mir_msgs/mir_msgs/msg/detail/external_robot__builder.hpp
[40.430s] -- Installing: /home/basmala/mir250_ws/install/mir_msgs/include/mir_msgs/mir_msgs/msg/detail/hook_extended_status__struct.hpp
[40.430s] -- Installing: /home/basmala/mir250_ws/install/mir_msgs/include/mir_msgs/mir_msgs/msg/detail/bms_data__struct.hpp
[40.430s] -- Installing: /home/basmala/mir250_ws/install/mir_msgs/include/mir_msgs/mir_msgs/msg/detail/device__type_support.hpp
[40.430s] -- Installing: /home/basmala/mir250_ws/install/mir_msgs/include/mir_msgs/mir_msgs/msg/detail/charging_state__builder.hpp
[40.431s] -- Installing: /home/basmala/mir250_ws/install/mir_msgs/include/mir_msgs/mir_msgs/msg/detail/resources_state__struct.hpp
[40.431s] -- Installing: /home/basmala/mir250_ws/install/mir_msgs/include/mir_msgs/mir_msgs/msg/detail/encoders__traits.hpp
[40.431s] -- Installing: /home/basmala/mir250_ws/install/mir_msgs/include/mir_msgs/mir_msgs/msg/detail/mission_ctrl_state__builder.hpp
[40.431s] -- Installing: /home/basmala/mir250_ws/install/mir_msgs/include/mir_msgs/mir_msgs/msg/detail/battery_currents__traits.hpp
[40.431s] -- Installing: /home/basmala/mir250_ws/install/mir_msgs/include/mir_msgs/mir_msgs/msg/detail/world_map__builder.hpp
[40.431s] -- Installing: /home/basmala/mir250_ws/install/mir_msgs/include/mir_msgs/mir_msgs/msg/detail/hook_status__traits.hpp
[40.431s] -- Installing: /home/basmala/mir250_ws/install/mir_msgs/include/mir_msgs/mir_msgs/msg/detail/plan_segments__struct.hpp
[40.431s] -- Installing: /home/basmala/mir250_ws/install/mir_msgs/include/mir_msgs/mir_msgs/msg/detail/resource_state__struct.hpp
[40.432s] -- Installing: /home/basmala/mir250_ws/install/mir_msgs/include/mir_msgs/mir_msgs/msg/detail/world_model__type_support.hpp
[40.432s] -- Installing: /home/basmala/mir250_ws/install/mir_msgs/include/mir_msgs/mir_msgs/msg/detail/pallet_lifter_status__type_support.hpp
[40.432s] -- Installing: /home/basmala/mir250_ws/install/mir_msgs/include/mir_msgs/mir_msgs/msg/detail/resources_state__builder.hpp
[40.432s] -- Installing: /home/basmala/mir250_ws/install/mir_msgs/include/mir_msgs/mir_msgs/msg/detail/event__traits.hpp
[40.432s] -- Installing: /home/basmala/mir250_ws/install/mir_msgs/include/mir_msgs/mir_msgs/msg/detail/proximity__traits.hpp
[40.432s] -- Installing: /home/basmala/mir250_ws/install/mir_msgs/include/mir_msgs/mir_msgs/msg/detail/local_map_stat__traits.hpp
[40.432s] -- Installing: /home/basmala/mir250_ws/install/mir_msgs/include/mir_msgs/mir_msgs/msg/detail/robot_state__struct.hpp
[40.433s] -- Installing: /home/basmala/mir250_ws/install/mir_msgs/include/mir_msgs/mir_msgs/msg/detail/charging_state__struct.hpp
[40.433s] -- Installing: /home/basmala/mir250_ws/install/mir_msgs/include/mir_msgs/mir_msgs/msg/detail/serial__traits.hpp
[40.433s] -- Installing: /home/basmala/mir250_ws/install/mir_msgs/include/mir_msgs/mir_msgs/msg/detail/resource_state__type_support.hpp
[40.433s] -- Installing: /home/basmala/mir250_ws/install/mir_msgs/include/mir_msgs/mir_msgs/msg/detail/device__struct.hpp
[40.433s] -- Installing: /home/basmala/mir250_ws/install/mir_msgs/include/mir_msgs/mir_msgs/msg/detail/hook_extended_status__type_support.hpp
[40.433s] -- Installing: /home/basmala/mir250_ws/install/mir_msgs/include/mir_msgs/mir_msgs/msg/detail/pendant__builder.hpp
[40.433s] -- Installing: /home/basmala/mir250_ws/install/mir_msgs/include/mir_msgs/mir_msgs/msg/detail/brake_state__traits.hpp
[40.433s] -- Installing: /home/basmala/mir250_ws/install/mir_msgs/include/mir_msgs/mir_msgs/msg/detail/plan_segment__type_support.hpp
[40.434s] -- Installing: /home/basmala/mir250_ws/install/mir_msgs/include/mir_msgs/mir_msgs/msg/detail/local_map_stat__struct.hpp
[40.434s] -- Installing: /home/basmala/mir250_ws/install/mir_msgs/include/mir_msgs/mir_msgs/msg/detail/pose2_d__type_support.hpp
[40.434s] -- Installing: /home/basmala/mir250_ws/install/mir_msgs/include/mir_msgs/mir_msgs/msg/detail/path__type_support.hpp
[40.434s] -- Installing: /home/basmala/mir250_ws/install/mir_msgs/include/mir_msgs/mir_msgs/msg/detail/world_map__traits.hpp
[40.434s] -- Installing: /home/basmala/mir250_ws/install/mir_msgs/include/mir_msgs/mir_msgs/msg/detail/user_prompt__traits.hpp
[40.434s] -- Installing: /home/basmala/mir250_ws/install/mir_msgs/include/mir_msgs/mir_msgs/msg/detail/local_map_stat__type_support.hpp
[40.434s] -- Installing: /home/basmala/mir250_ws/install/mir_msgs/include/mir_msgs/mir_msgs/msg/detail/hook_extended_status__traits.hpp
[40.435s] -- Installing: /home/basmala/mir250_ws/install/mir_msgs/include/mir_msgs/mir_msgs/msg/detail/mission_ctrl_command__builder.hpp
[40.435s] -- Installing: /home/basmala/mir250_ws/install/mir_msgs/include/mir_msgs/mir_msgs/msg/detail/gpio__builder.hpp
[40.435s] -- Installing: /home/basmala/mir250_ws/install/mir_msgs/include/mir_msgs/mir_msgs/msg/detail/battery_currents__struct.hpp
[40.435s] -- Installing: /home/basmala/mir250_ws/install/mir_msgs/include/mir_msgs/mir_msgs/msg/detail/pose2_d__struct.hpp
[40.435s] -- Installing: /home/basmala/mir250_ws/install/mir_msgs/include/mir_msgs/mir_msgs/msg/detail/robot_status__type_support.hpp
[40.435s] -- Installing: /home/basmala/mir250_ws/install/mir_msgs/include/mir_msgs/mir_msgs/msg/detail/plan_segment__traits.hpp
[40.436s] -- Installing: /home/basmala/mir250_ws/install/mir_msgs/include/mir_msgs/mir_msgs/msg/detail/event__type_support.hpp
[40.436s] -- Installing: /home/basmala/mir250_ws/install/mir_msgs/include/mir_msgs/mir_msgs/msg/detail/robot_status__traits.hpp
[40.436s] -- Installing: /home/basmala/mir250_ws/install/mir_msgs/include/mir_msgs/mir_msgs/msg/detail/bms_data__builder.hpp
[40.436s] -- Installing: /home/basmala/mir250_ws/install/mir_msgs/include/mir_msgs/mir_msgs/msg/detail/web_path__traits.hpp
[40.436s] -- Installing: /home/basmala/mir250_ws/install/mir_msgs/include/mir_msgs/mir_msgs/msg/detail/gpio__traits.hpp
[40.436s] -- Installing: /home/basmala/mir250_ws/install/mir_msgs/include/mir_msgs/mir_msgs/msg/detail/safety_status__type_support.hpp
[40.437s] -- Installing: /home/basmala/mir250_ws/install/mir_msgs/include/mir_msgs/mir_msgs/msg/detail/events__type_support.hpp
[40.437s] -- Installing: /home/basmala/mir250_ws/install/mir_msgs/include/mir_msgs/mir_msgs/msg/detail/user_prompt__struct.hpp
[40.437s] -- Installing: /home/basmala/mir250_ws/install/mir_msgs/include/mir_msgs/mir_msgs/msg/detail/height_state__traits.hpp
[40.437s] -- Installing: /home/basmala/mir250_ws/install/mir_msgs/include/mir_msgs/mir_msgs/msg/detail/pendant__struct.hpp
[40.437s] -- Installing: /home/basmala/mir250_ws/install/mir_msgs/include/mir_msgs/mir_msgs/msg/detail/height_state__builder.hpp
[40.437s] -- Installing: /home/basmala/mir250_ws/install/mir_msgs/include/mir_msgs/mir_msgs/msg/detail/event__builder.hpp
[40.437s] -- Installing: /home/basmala/mir250_ws/install/mir_msgs/include/mir_msgs/mir_msgs/msg/detail/hook_status__struct.hpp
[40.438s] -- Installing: /home/basmala/mir250_ws/install/mir_msgs/include/mir_msgs/mir_msgs/msg/detail/path__builder.hpp
[40.438s] -- Installing: /home/basmala/mir250_ws/install/mir_msgs/include/mir_msgs/mir_msgs/msg/detail/serial__builder.hpp
[40.438s] -- Installing: /home/basmala/mir250_ws/install/mir_msgs/include/mir_msgs/mir_msgs/msg/detail/web_path__type_support.hpp
[40.438s] -- Installing: /home/basmala/mir250_ws/install/mir_msgs/include/mir_msgs/mir_msgs/msg/detail/events__traits.hpp
[40.438s] -- Installing: /home/basmala/mir250_ws/install/mir_msgs/include/mir_msgs/mir_msgs/msg/detail/brake_state__builder.hpp
[40.438s] -- Installing: /home/basmala/mir250_ws/install/mir_msgs/include/mir_msgs/mir_msgs/msg/detail/mission_ctrl_command__type_support.hpp
[40.438s] -- Installing: /home/basmala/mir250_ws/install/mir_msgs/include/mir_msgs/mir_msgs/msg/detail/brake_state__type_support.hpp
[40.439s] -- Installing: /home/basmala/mir250_ws/install/mir_msgs/include/mir_msgs/mir_msgs/msg/detail/power_board_motor_status__type_support.hpp
[40.439s] -- Installing: /home/basmala/mir250_ws/install/mir_msgs/include/mir_msgs/mir_msgs/msg/detail/twist2_d__type_support.hpp
[40.439s] -- Installing: /home/basmala/mir250_ws/install/mir_msgs/include/mir_msgs/mir_msgs/msg/detail/charging_state__traits.hpp
[40.439s] -- Installing: /home/basmala/mir250_ws/install/mir_msgs/include/mir_msgs/mir_msgs/msg/detail/web_path__struct.hpp
[40.439s] -- Installing: /home/basmala/mir250_ws/install/mir_msgs/include/mir_msgs/mir_msgs/msg/detail/proximity__type_support.hpp
[40.439s] -- Installing: /home/basmala/mir250_ws/install/mir_msgs/include/mir_msgs/mir_msgs/msg/detail/gpio__struct.hpp
[40.439s] -- Installing: /home/basmala/mir250_ws/install/mir_msgs/include/mir_msgs/mir_msgs/msg/detail/mission_ctrl_state__struct.hpp
[40.439s] -- Installing: /home/basmala/mir250_ws/install/mir_msgs/include/mir_msgs/mir_msgs/msg/detail/user_prompt__type_support.hpp
[40.440s] -- Installing: /home/basmala/mir250_ws/install/mir_msgs/include/mir_msgs/mir_msgs/msg/detail/brake_state__struct.hpp
[40.440s] -- Installing: /home/basmala/mir250_ws/install/mir_msgs/include/mir_msgs/mir_msgs/msg/detail/stamped_encoders__struct.hpp
[40.440s] -- Installing: /home/basmala/mir250_ws/install/mir_msgs/include/mir_msgs/mir_msgs/msg/detail/encoders__builder.hpp
[40.440s] -- Installing: /home/basmala/mir250_ws/install/mir_msgs/include/mir_msgs/mir_msgs/msg/detail/user_prompt__builder.hpp
[40.440s] -- Installing: /home/basmala/mir250_ws/install/mir_msgs/include/mir_msgs/mir_msgs/msg/detail/devices__builder.hpp
[40.440s] -- Installing: /home/basmala/mir250_ws/install/mir_msgs/include/mir_msgs/mir_msgs/msg/detail/error__type_support.hpp
[40.440s] -- Installing: /home/basmala/mir250_ws/install/mir_msgs/include/mir_msgs/mir_msgs/msg/detail/safety_status__traits.hpp
[40.440s] -- Installing: /home/basmala/mir250_ws/install/mir_msgs/include/mir_msgs/mir_msgs/msg/detail/pallet_lifter_status__builder.hpp
[40.441s] -- Installing: /home/basmala/mir250_ws/install/mir_msgs/include/mir_msgs/mir_msgs/msg/detail/robot_mode__traits.hpp
[40.441s] -- Installing: /home/basmala/mir250_ws/install/mir_msgs/include/mir_msgs/mir_msgs/msg/detail/proximity__builder.hpp
[40.441s] -- Installing: /home/basmala/mir250_ws/install/mir_msgs/include/mir_msgs/mir_msgs/msg/detail/safety_status__builder.hpp
[40.441s] -- Installing: /home/basmala/mir250_ws/install/mir_msgs/include/mir_msgs/mir_msgs/msg/detail/world_model__traits.hpp
[40.441s] -- Installing: /home/basmala/mir250_ws/install/mir_msgs/include/mir_msgs/mir_msgs/msg/detail/gripper_state__traits.hpp
[40.441s] -- Installing: /home/basmala/mir250_ws/install/mir_msgs/include/mir_msgs/mir_msgs/msg/detail/proximity__struct.hpp
[40.441s] -- Installing: /home/basmala/mir250_ws/install/mir_msgs/include/mir_msgs/mir_msgs/msg/detail/twist2_d__builder.hpp
[40.441s] -- Installing: /home/basmala/mir250_ws/install/mir_msgs/include/mir_msgs/mir_msgs/msg/detail/i_os__struct.hpp
[40.442s] -- Installing: /home/basmala/mir250_ws/install/mir_msgs/include/mir_msgs/mir_msgs/msg/detail/stamped_encoders__builder.hpp
[40.442s] -- Installing: /home/basmala/mir250_ws/install/mir_msgs/include/mir_msgs/mir_msgs/msg/detail/world_map__type_support.hpp
[40.442s] -- Installing: /home/basmala/mir250_ws/install/mir_msgs/include/mir_msgs/mir_msgs/msg/detail/error__traits.hpp
[40.442s] -- Installing: /home/basmala/mir250_ws/install/mir_msgs/include/mir_msgs/mir_msgs/msg/detail/resource_state__traits.hpp
[40.442s] -- Installing: /home/basmala/mir250_ws/install/mir_msgs/include/mir_msgs/mir_msgs/msg/detail/pallet_lifter_status__traits.hpp
[40.442s] -- Installing: /home/basmala/mir250_ws/install/mir_msgs/include/mir_msgs/mir_msgs/msg/detail/twist2_d__struct.hpp
[40.443s] -- Installing: /home/basmala/mir250_ws/install/mir_msgs/include/mir_msgs/mir_msgs/msg/detail/robot_state__traits.hpp
[40.443s] -- Installing: /home/basmala/mir250_ws/install/mir_msgs/include/mir_msgs/mir_msgs/msg/detail/external_robot__traits.hpp
[40.443s] -- Installing: /home/basmala/mir250_ws/install/mir_msgs/include/mir_msgs/mir_msgs/msg/detail/gripper_state__type_support.hpp
[40.443s] -- Installing: /home/basmala/mir250_ws/install/mir_msgs/include/mir_msgs/mir_msgs/msg/detail/resource_state__builder.hpp
[40.443s] -- Installing: /home/basmala/mir250_ws/install/mir_msgs/include/mir_msgs/mir_msgs/msg/detail/gripper_state__builder.hpp
[40.443s] -- Installing: /home/basmala/mir250_ws/install/mir_msgs/include/mir_msgs/mir_msgs/msg/detail/i_os__traits.hpp
[40.443s] -- Installing: /home/basmala/mir250_ws/install/mir_msgs/include/mir_msgs/mir_msgs/msg/detail/pallet_lifter_status__struct.hpp
[40.444s] -- Installing: /home/basmala/mir250_ws/install/mir_msgs/include/mir_msgs/mir_msgs/msg/detail/battery_currents__type_support.hpp
[40.444s] -- Installing: /home/basmala/mir250_ws/install/mir_msgs/include/mir_msgs/mir_msgs/msg/detail/external_robots__builder.hpp
[40.444s] -- Installing: /home/basmala/mir250_ws/install/mir_msgs/include/mir_msgs/mir_msgs/msg/detail/world_model__struct.hpp
[40.444s] -- Installing: /home/basmala/mir250_ws/install/mir_msgs/include/mir_msgs/mir_msgs/msg/detail/robot_status__struct.hpp
[40.444s] -- Installing: /home/basmala/mir250_ws/install/mir_msgs/include/mir_msgs/mir_msgs/msg/detail/serial__struct.hpp
[40.444s] -- Installing: /home/basmala/mir250_ws/install/mir_msgs/include/mir_msgs/mir_msgs/msg/detail/encoders__struct.hpp
[40.444s] -- Installing: /home/basmala/mir250_ws/install/mir_msgs/include/mir_msgs/mir_msgs/msg/detail/world_map__struct.hpp
[40.445s] -- Installing: /home/basmala/mir250_ws/install/mir_msgs/include/mir_msgs/mir_msgs/msg/detail/path__traits.hpp
[40.445s] -- Installing: /home/basmala/mir250_ws/install/mir_msgs/include/mir_msgs/mir_msgs/msg/detail/charging_state__type_support.hpp
[40.445s] -- Installing: /home/basmala/mir250_ws/install/mir_msgs/include/mir_msgs/mir_msgs/msg/detail/web_path__builder.hpp
[40.445s] -- Installing: /home/basmala/mir250_ws/install/mir_msgs/include/mir_msgs/mir_msgs/msg/detail/resources_state__traits.hpp
[40.445s] -- Installing: /home/basmala/mir250_ws/install/mir_msgs/include/mir_msgs/mir_msgs/msg/detail/local_map_stat__builder.hpp
[40.445s] -- Installing: /home/basmala/mir250_ws/install/mir_msgs/include/mir_msgs/mir_msgs/msg/detail/world_model__builder.hpp
[40.445s] -- Installing: /home/basmala/mir250_ws/install/mir_msgs/include/mir_msgs/mir_msgs/msg/detail/height_state__type_support.hpp
[40.445s] -- Installing: /home/basmala/mir250_ws/install/mir_msgs/include/mir_msgs/mir_msgs/msg/detail/serial__type_support.hpp
[40.446s] -- Installing: /home/basmala/mir250_ws/install/mir_msgs/include/mir_msgs/mir_msgs/msg/detail/devices__type_support.hpp
[40.446s] -- Installing: /home/basmala/mir250_ws/install/mir_msgs/include/mir_msgs/mir_msgs/msg/detail/plan_segments__traits.hpp
[40.446s] -- Installing: /home/basmala/mir250_ws/install/mir_msgs/include/mir_msgs/mir_msgs/msg/detail/plan_segment__builder.hpp
[40.446s] -- Installing: /home/basmala/mir250_ws/install/mir_msgs/include/mir_msgs/mir_msgs/msg/detail/pose2_d__builder.hpp
[40.446s] -- Installing: /home/basmala/mir250_ws/install/mir_msgs/include/mir_msgs/mir_msgs/msg/detail/path__struct.hpp
[40.446s] -- Installing: /home/basmala/mir250_ws/install/mir_msgs/include/mir_msgs/mir_msgs/msg/detail/mir_extra__type_support.hpp
[40.447s] -- Installing: /home/basmala/mir250_ws/install/mir_msgs/include/mir_msgs/mir_msgs/msg/detail/power_board_motor_status__traits.hpp
[40.447s] -- Installing: /home/basmala/mir250_ws/install/mir_msgs/include/mir_msgs/mir_msgs/msg/detail/bms_data__type_support.hpp
[40.447s] -- Installing: /home/basmala/mir250_ws/install/mir_msgs/include/mir_msgs/mir_msgs/msg/detail/mission_ctrl_command__struct.hpp
[40.447s] -- Installing: /home/basmala/mir250_ws/install/mir_msgs/include/mir_msgs/mir_msgs/msg/detail/encoders__type_support.hpp
[40.447s] -- Installing: /home/basmala/mir250_ws/install/mir_msgs/include/mir_msgs/mir_msgs/msg/detail/bms_data__traits.hpp
[40.447s] -- Installing: /home/basmala/mir250_ws/install/mir_msgs/include/mir_msgs/mir_msgs/msg/detail/plan_segments__type_support.hpp
[40.447s] -- Installing: /home/basmala/mir250_ws/install/mir_msgs/include/mir_msgs/mir_msgs/msg/detail/stamped_encoders__type_support.hpp
[40.448s] -- Installing: /home/basmala/mir250_ws/install/mir_msgs/include/mir_msgs/mir_msgs/msg/detail/mission_ctrl_command__traits.hpp
[40.448s] -- Installing: /home/basmala/mir250_ws/install/mir_msgs/include/mir_msgs/mir_msgs/msg/detail/error__builder.hpp
[40.448s] -- Installing: /home/basmala/mir250_ws/install/mir_msgs/include/mir_msgs/mir_msgs/msg/detail/height_state__struct.hpp
[40.448s] -- Installing: /home/basmala/mir250_ws/install/mir_msgs/include/mir_msgs/mir_msgs/msg/detail/hook_status__type_support.hpp
[40.448s] -- Installing: /home/basmala/mir250_ws/install/mir_msgs/include/mir_msgs/mir_msgs/msg/detail/robot_state__type_support.hpp
[40.448s] -- Installing: /home/basmala/mir250_ws/install/mir_msgs/include/mir_msgs/mir_msgs/msg/detail/mir_extra__builder.hpp
[40.448s] -- Installing: /home/basmala/mir250_ws/install/mir_msgs/include/mir_msgs/mir_msgs/msg/detail/i_os__builder.hpp
[40.448s] -- Installing: /home/basmala/mir250_ws/install/mir_msgs/include/mir_msgs/mir_msgs/msg/detail/devices__traits.hpp
[40.449s] -- Installing: /home/basmala/mir250_ws/install/mir_msgs/include/mir_msgs/mir_msgs/msg/detail/event__struct.hpp
[40.449s] -- Installing: /home/basmala/mir250_ws/install/mir_msgs/include/mir_msgs/mir_msgs/msg/detail/devices__struct.hpp
[40.449s] -- Installing: /home/basmala/mir250_ws/install/mir_msgs/include/mir_msgs/mir_msgs/msg/detail/hook_extended_status__builder.hpp
[40.449s] -- Installing: /home/basmala/mir250_ws/install/mir_msgs/include/mir_msgs/mir_msgs/msg/detail/external_robot__struct.hpp
[40.449s] -- Installing: /home/basmala/mir250_ws/install/mir_msgs/include/mir_msgs/mir_msgs/msg/detail/robot_status__builder.hpp
[40.449s] -- Installing: /home/basmala/mir250_ws/install/mir_msgs/include/mir_msgs/mir_msgs/msg/detail/twist2_d__traits.hpp
[40.449s] -- Installing: /home/basmala/mir250_ws/install/mir_msgs/include/mir_msgs/mir_msgs/msg/detail/battery_currents__builder.hpp
[40.450s] -- Installing: /home/basmala/mir250_ws/install/mir_msgs/include/mir_msgs/mir_msgs/msg/detail/hook_status__builder.hpp
[40.450s] -- Installing: /home/basmala/mir250_ws/install/mir_msgs/include/mir_msgs/mir_msgs/msg/detail/joystick_vel__type_support.hpp
[40.450s] -- Installing: /home/basmala/mir250_ws/install/mir_msgs/include/mir_msgs/mir_msgs/msg/detail/joystick_vel__builder.hpp
[40.450s] -- Installing: /home/basmala/mir250_ws/install/mir_msgs/include/mir_msgs/mir_msgs/msg/detail/joystick_vel__traits.hpp
[40.450s] -- Installing: /home/basmala/mir250_ws/install/mir_msgs/include/mir_msgs/mir_msgs/msg/detail/events__struct.hpp
[40.450s] -- Installing: /home/basmala/mir250_ws/install/mir_msgs/include/mir_msgs/mir_msgs/msg/detail/plan_segment__struct.hpp
[40.450s] -- Installing: /home/basmala/mir250_ws/install/mir_msgs/include/mir_msgs/mir_msgs/msg/plan_segments.hpp
[40.451s] -- Installing: /home/basmala/mir250_ws/install/mir_msgs/include/mir_msgs/mir_msgs/msg/robot_state.hpp
[40.451s] -- Installing: /home/basmala/mir250_ws/install/mir_msgs/include/mir_msgs/mir_msgs/msg/plan_segment.hpp
[40.451s] -- Installing: /home/basmala/mir250_ws/install/mir_msgs/include/mir_msgs/mir_msgs/msg/gripper_state.hpp
[40.451s] -- Installing: /home/basmala/mir250_ws/install/mir_msgs/include/mir_msgs/mir_msgs/msg/safety_status.hpp
[40.451s] -- Installing: /home/basmala/mir250_ws/install/mir_msgs/include/mir_msgs/mir_msgs/msg/world_model.hpp
[40.451s] -- Installing: /home/basmala/mir250_ws/install/mir_msgs/include/mir_msgs/mir_msgs/msg/joystick_vel.hpp
[40.451s] -- Installing: /home/basmala/mir250_ws/install/mir_msgs/include/mir_msgs/mir_msgs/msg/encoders.hpp
[40.451s] -- Installing: /home/basmala/mir250_ws/install/mir_msgs/include/mir_msgs/mir_msgs/msg/trolley.hpp
[40.451s] -- Installing: /home/basmala/mir250_ws/install/mir_msgs/include/mir_msgs/mir_msgs/msg/world_map.hpp
[40.452s] -- Installing: /home/basmala/mir250_ws/install/mir_msgs/include/mir_msgs/mir_msgs/msg/twist2_d.hpp
[40.452s] -- Installing: /home/basmala/mir250_ws/install/mir_msgs/include/mir_msgs/mir_msgs/msg/resource_state.hpp
[40.452s] -- Installing: /home/basmala/mir250_ws/install/mir_msgs/include/mir_msgs/mir_msgs/msg/pendant.hpp
[40.452s] -- Installing: /home/basmala/mir250_ws/install/mir_msgs/include/mir_msgs/mir_msgs/msg/brake_state.hpp
[40.452s] -- Installing: /home/basmala/mir250_ws/install/mir_msgs/include/mir_msgs/mir_msgs/msg/robot_status.hpp
[40.452s] -- Installing: /home/basmala/mir250_ws/install/mir_msgs/include/mir_msgs/mir_msgs/msg/stamped_encoders.hpp
[40.452s] -- Installing: /home/basmala/mir250_ws/install/mir_msgs/include/mir_msgs/mir_msgs/msg/robot_mode.hpp
[40.452s] -- Installing: /home/basmala/mir250_ws/install/mir_msgs/include/mir_msgs/mir_msgs/msg/gpio.hpp
[40.452s] -- Installing: /home/basmala/mir250_ws/install/mir_msgs/include/mir_msgs/mir_msgs/msg/devices.hpp
[40.453s] -- Installing: /home/basmala/mir250_ws/install/mir_msgs/include/mir_msgs/mir_msgs/msg/height_state.hpp
[40.453s] -- Installing: /home/basmala/mir250_ws/install/mir_msgs/include/mir_msgs/mir_msgs/msg/charging_state.hpp
[40.453s] -- Installing: /home/basmala/mir250_ws/install/mir_msgs/include/mir_msgs/mir_msgs/msg/event.hpp
[40.453s] -- Up-to-date: /home/basmala/mir250_ws/install/mir_msgs/include/mir_msgs/mir_msgs
[40.453s] -- Up-to-date: /home/basmala/mir250_ws/install/mir_msgs/include/mir_msgs/mir_msgs/srv
[40.453s] -- Up-to-date: /home/basmala/mir250_ws/install/mir_msgs/include/mir_msgs/mir_msgs/srv/detail
[40.453s] -- Installing: /home/basmala/mir250_ws/install/mir_msgs/include/mir_msgs/mir_msgs/srv/detail/dds_fastrtps
[40.453s] -- Installing: /home/basmala/mir250_ws/install/mir_msgs/include/mir_msgs/mir_msgs/srv/detail/exec_mission__rosidl_typesupport_fastrtps_cpp.hpp
[40.453s] -- Up-to-date: /home/basmala/mir250_ws/install/mir_msgs/include/mir_msgs/mir_msgs/msg
[40.454s] -- Installing: /home/basmala/mir250_ws/install/mir_msgs/include/mir_msgs/mir_msgs/msg/rosidl_typesupport_fastrtps_cpp__visibility_control.h
[40.454s] -- Up-to-date: /home/basmala/mir250_ws/install/mir_msgs/include/mir_msgs/mir_msgs/msg/detail
[40.454s] -- Installing: /home/basmala/mir250_ws/install/mir_msgs/include/mir_msgs/mir_msgs/msg/detail/trolley__rosidl_typesupport_fastrtps_cpp.hpp
[40.454s] -- Installing: /home/basmala/mir250_ws/install/mir_msgs/include/mir_msgs/mir_msgs/msg/detail/hook_status__rosidl_typesupport_fastrtps_cpp.hpp
[40.454s] -- Installing: /home/basmala/mir250_ws/install/mir_msgs/include/mir_msgs/mir_msgs/msg/detail/event__rosidl_typesupport_fastrtps_cpp.hpp
[40.454s] -- Installing: /home/basmala/mir250_ws/install/mir_msgs/include/mir_msgs/mir_msgs/msg/detail/web_path__rosidl_typesupport_fastrtps_cpp.hpp
[40.454s] -- Installing: /home/basmala/mir250_ws/install/mir_msgs/include/mir_msgs/mir_msgs/msg/detail/mission_ctrl_command__rosidl_typesupport_fastrtps_cpp.hpp
[40.454s] -- Installing: /home/basmala/mir250_ws/install/mir_msgs/include/mir_msgs/mir_msgs/msg/detail/i_os__rosidl_typesupport_fastrtps_cpp.hpp
[40.454s] -- Installing: /home/basmala/mir250_ws/install/mir_msgs/include/mir_msgs/mir_msgs/msg/detail/brake_state__rosidl_typesupport_fastrtps_cpp.hpp
[40.454s] -- Installing: /home/basmala/mir250_ws/install/mir_msgs/include/mir_msgs/mir_msgs/msg/detail/hook_extended_status__rosidl_typesupport_fastrtps_cpp.hpp
[40.455s] -- Installing: /home/basmala/mir250_ws/install/mir_msgs/include/mir_msgs/mir_msgs/msg/detail/external_robot__rosidl_typesupport_fastrtps_cpp.hpp
[40.455s] -- Installing: /home/basmala/mir250_ws/install/mir_msgs/include/mir_msgs/mir_msgs/msg/detail/device__rosidl_typesupport_fastrtps_cpp.hpp
[40.455s] -- Installing: /home/basmala/mir250_ws/install/mir_msgs/include/mir_msgs/mir_msgs/msg/detail/pendant__rosidl_typesupport_fastrtps_cpp.hpp
[40.455s] -- Installing: /home/basmala/mir250_ws/install/mir_msgs/include/mir_msgs/mir_msgs/msg/detail/pose2_d__rosidl_typesupport_fastrtps_cpp.hpp
[40.455s] -- Installing: /home/basmala/mir250_ws/install/mir_msgs/include/mir_msgs/mir_msgs/msg/detail/pallet_lifter_status__rosidl_typesupport_fastrtps_cpp.hpp
[40.455s] -- Installing: /home/basmala/mir250_ws/install/mir_msgs/include/mir_msgs/mir_msgs/msg/detail/resource_state__rosidl_typesupport_fastrtps_cpp.hpp
[40.455s] -- Installing: /home/basmala/mir250_ws/install/mir_msgs/include/mir_msgs/mir_msgs/msg/detail/gripper_state__rosidl_typesupport_fastrtps_cpp.hpp
[40.455s] -- Installing: /home/basmala/mir250_ws/install/mir_msgs/include/mir_msgs/mir_msgs/msg/detail/robot_state__rosidl_typesupport_fastrtps_cpp.hpp
[40.456s] -- Installing: /home/basmala/mir250_ws/install/mir_msgs/include/mir_msgs/mir_msgs/msg/detail/plan_segments__rosidl_typesupport_fastrtps_cpp.hpp
[40.456s] -- Installing: /home/basmala/mir250_ws/install/mir_msgs/include/mir_msgs/mir_msgs/msg/detail/world_model__rosidl_typesupport_fastrtps_cpp.hpp
[40.456s] -- Installing: /home/basmala/mir250_ws/install/mir_msgs/include/mir_msgs/mir_msgs/msg/detail/encoders__rosidl_typesupport_fastrtps_cpp.hpp
[40.456s] -- Installing: /home/basmala/mir250_ws/install/mir_msgs/include/mir_msgs/mir_msgs/msg/detail/devices__rosidl_typesupport_fastrtps_cpp.hpp
[40.456s] -- Installing: /home/basmala/mir250_ws/install/mir_msgs/include/mir_msgs/mir_msgs/msg/detail/gpio__rosidl_typesupport_fastrtps_cpp.hpp
[40.456s] -- Installing: /home/basmala/mir250_ws/install/mir_msgs/include/mir_msgs/mir_msgs/msg/detail/path__rosidl_typesupport_fastrtps_cpp.hpp
[40.456s] -- Installing: /home/basmala/mir250_ws/install/mir_msgs/include/mir_msgs/mir_msgs/msg/detail/serial__rosidl_typesupport_fastrtps_cpp.hpp
[40.456s] -- Installing: /home/basmala/mir250_ws/install/mir_msgs/include/mir_msgs/mir_msgs/msg/detail/plan_segment__rosidl_typesupport_fastrtps_cpp.hpp
[40.457s] -- Installing: /home/basmala/mir250_ws/install/mir_msgs/include/mir_msgs/mir_msgs/msg/detail/user_prompt__rosidl_typesupport_fastrtps_cpp.hpp
[40.457s] -- Installing: /home/basmala/mir250_ws/install/mir_msgs/include/mir_msgs/mir_msgs/msg/detail/events__rosidl_typesupport_fastrtps_cpp.hpp
[40.457s] -- Installing: /home/basmala/mir250_ws/install/mir_msgs/include/mir_msgs/mir_msgs/msg/detail/mission_ctrl_state__rosidl_typesupport_fastrtps_cpp.hpp
[40.457s] -- Installing: /home/basmala/mir250_ws/install/mir_msgs/include/mir_msgs/mir_msgs/msg/detail/charging_state__rosidl_typesupport_fastrtps_cpp.hpp
[40.457s] -- Installing: /home/basmala/mir250_ws/install/mir_msgs/include/mir_msgs/mir_msgs/msg/detail/proximity__rosidl_typesupport_fastrtps_cpp.hpp
[40.457s] -- Installing: /home/basmala/mir250_ws/install/mir_msgs/include/mir_msgs/mir_msgs/msg/detail/battery_currents__rosidl_typesupport_fastrtps_cpp.hpp
[40.457s] -- Installing: /home/basmala/mir250_ws/install/mir_msgs/include/mir_msgs/mir_msgs/msg/detail/external_robots__rosidl_typesupport_fastrtps_cpp.hpp
[40.457s] -- Installing: /home/basmala/mir250_ws/install/mir_msgs/include/mir_msgs/mir_msgs/msg/detail/safety_status__rosidl_typesupport_fastrtps_cpp.hpp
[40.458s] -- Installing: /home/basmala/mir250_ws/install/mir_msgs/include/mir_msgs/mir_msgs/msg/detail/resources_state__rosidl_typesupport_fastrtps_cpp.hpp
[40.458s] -- Installing: /home/basmala/mir250_ws/install/mir_msgs/include/mir_msgs/mir_msgs/msg/detail/robot_mode__rosidl_typesupport_fastrtps_cpp.hpp
[40.458s] -- Installing: /home/basmala/mir250_ws/install/mir_msgs/include/mir_msgs/mir_msgs/msg/detail/bms_data__rosidl_typesupport_fastrtps_cpp.hpp
[40.458s] -- Installing: /home/basmala/mir250_ws/install/mir_msgs/include/mir_msgs/mir_msgs/msg/detail/joystick_vel__rosidl_typesupport_fastrtps_cpp.hpp
[40.458s] -- Installing: /home/basmala/mir250_ws/install/mir_msgs/include/mir_msgs/mir_msgs/msg/detail/world_map__rosidl_typesupport_fastrtps_cpp.hpp
[40.458s] -- Installing: /home/basmala/mir250_ws/install/mir_msgs/include/mir_msgs/mir_msgs/msg/detail/dds_fastrtps
[40.458s] -- Installing: /home/basmala/mir250_ws/install/mir_msgs/include/mir_msgs/mir_msgs/msg/detail/stamped_encoders__rosidl_typesupport_fastrtps_cpp.hpp
[40.459s] -- Installing: /home/basmala/mir250_ws/install/mir_msgs/include/mir_msgs/mir_msgs/msg/detail/error__rosidl_typesupport_fastrtps_cpp.hpp
[40.459s] -- Installing: /home/basmala/mir250_ws/install/mir_msgs/include/mir_msgs/mir_msgs/msg/detail/robot_status__rosidl_typesupport_fastrtps_cpp.hpp
[40.459s] -- Installing: /home/basmala/mir250_ws/install/mir_msgs/include/mir_msgs/mir_msgs/msg/detail/local_map_stat__rosidl_typesupport_fastrtps_cpp.hpp
[40.459s] -- Installing: /home/basmala/mir250_ws/install/mir_msgs/include/mir_msgs/mir_msgs/msg/detail/height_state__rosidl_typesupport_fastrtps_cpp.hpp
[40.459s] -- Installing: /home/basmala/mir250_ws/install/mir_msgs/include/mir_msgs/mir_msgs/msg/detail/power_board_motor_status__rosidl_typesupport_fastrtps_cpp.hpp
[40.459s] -- Installing: /home/basmala/mir250_ws/install/mir_msgs/include/mir_msgs/mir_msgs/msg/detail/twist2_d__rosidl_typesupport_fastrtps_cpp.hpp
[40.459s] -- Installing: /home/basmala/mir250_ws/install/mir_msgs/include/mir_msgs/mir_msgs/msg/detail/mir_extra__rosidl_typesupport_fastrtps_cpp.hpp
[40.460s] -- Installing: /home/basmala/mir250_ws/install/mir_msgs/lib/libmir_msgs__rosidl_typesupport_fastrtps_cpp.so
[40.461s] -- Set runtime path of "/home/basmala/mir250_ws/install/mir_msgs/lib/libmir_msgs__rosidl_typesupport_fastrtps_cpp.so" to ""
[40.461s] -- Up-to-date: /home/basmala/mir250_ws/install/mir_msgs/include/mir_msgs/mir_msgs
[40.461s] -- Up-to-date: /home/basmala/mir250_ws/install/mir_msgs/include/mir_msgs/mir_msgs/srv
[40.461s] -- Up-to-date: /home/basmala/mir250_ws/install/mir_msgs/include/mir_msgs/mir_msgs/srv/detail
[40.461s] -- Installing: /home/basmala/mir250_ws/install/mir_msgs/include/mir_msgs/mir_msgs/srv/detail/exec_mission__rosidl_typesupport_introspection_c.h
[40.461s] -- Installing: /home/basmala/mir250_ws/install/mir_msgs/include/mir_msgs/mir_msgs/srv/detail/exec_mission__type_support.c
[40.462s] -- Up-to-date: /home/basmala/mir250_ws/install/mir_msgs/include/mir_msgs/mir_msgs/msg
[40.462s] -- Up-to-date: /home/basmala/mir250_ws/install/mir_msgs/include/mir_msgs/mir_msgs/msg/detail
[40.462s] -- Installing: /home/basmala/mir250_ws/install/mir_msgs/include/mir_msgs/mir_msgs/msg/detail/mission_ctrl_state__rosidl_typesupport_introspection_c.h
[40.462s] -- Installing: /home/basmala/mir250_ws/install/mir_msgs/include/mir_msgs/mir_msgs/msg/detail/web_path__type_support.c
[40.462s] -- Installing: /home/basmala/mir250_ws/install/mir_msgs/include/mir_msgs/mir_msgs/msg/detail/robot_state__type_support.c
[40.462s] -- Installing: /home/basmala/mir250_ws/install/mir_msgs/include/mir_msgs/mir_msgs/msg/detail/robot_status__rosidl_typesupport_introspection_c.h
[40.462s] -- Installing: /home/basmala/mir250_ws/install/mir_msgs/include/mir_msgs/mir_msgs/msg/detail/twist2_d__rosidl_typesupport_introspection_c.h
[40.462s] -- Installing: /home/basmala/mir250_ws/install/mir_msgs/include/mir_msgs/mir_msgs/msg/detail/i_os__rosidl_typesupport_introspection_c.h
[40.462s] -- Installing: /home/basmala/mir250_ws/install/mir_msgs/include/mir_msgs/mir_msgs/msg/detail/charging_state__type_support.c
[40.462s] -- Installing: /home/basmala/mir250_ws/install/mir_msgs/include/mir_msgs/mir_msgs/msg/detail/serial__rosidl_typesupport_introspection_c.h
[40.463s] -- Installing: /home/basmala/mir250_ws/install/mir_msgs/include/mir_msgs/mir_msgs/msg/detail/robot_state__rosidl_typesupport_introspection_c.h
[40.463s] -- Installing: /home/basmala/mir250_ws/install/mir_msgs/include/mir_msgs/mir_msgs/msg/detail/gripper_state__type_support.c
[40.463s] -- Installing: /home/basmala/mir250_ws/install/mir_msgs/include/mir_msgs/mir_msgs/msg/detail/height_state__rosidl_typesupport_introspection_c.h
[40.463s] -- Installing: /home/basmala/mir250_ws/install/mir_msgs/include/mir_msgs/mir_msgs/msg/detail/event__rosidl_typesupport_introspection_c.h
[40.463s] -- Installing: /home/basmala/mir250_ws/install/mir_msgs/include/mir_msgs/mir_msgs/msg/detail/mission_ctrl_state__type_support.c
[40.463s] -- Installing: /home/basmala/mir250_ws/install/mir_msgs/include/mir_msgs/mir_msgs/msg/detail/hook_status__rosidl_typesupport_introspection_c.h
[40.463s] -- Installing: /home/basmala/mir250_ws/install/mir_msgs/include/mir_msgs/mir_msgs/msg/detail/charging_state__rosidl_typesupport_introspection_c.h
[40.463s] -- Installing: /home/basmala/mir250_ws/install/mir_msgs/include/mir_msgs/mir_msgs/msg/detail/robot_status__type_support.c
[40.464s] -- Installing: /home/basmala/mir250_ws/install/mir_msgs/include/mir_msgs/mir_msgs/msg/detail/brake_state__rosidl_typesupport_introspection_c.h
[40.464s] -- Installing: /home/basmala/mir250_ws/install/mir_msgs/include/mir_msgs/mir_msgs/msg/detail/proximity__type_support.c
[40.464s] -- Installing: /home/basmala/mir250_ws/install/mir_msgs/include/mir_msgs/mir_msgs/msg/detail/encoders__type_support.c
[40.464s] -- Installing: /home/basmala/mir250_ws/install/mir_msgs/include/mir_msgs/mir_msgs/msg/detail/robot_mode__rosidl_typesupport_introspection_c.h
[40.464s] -- Installing: /home/basmala/mir250_ws/install/mir_msgs/include/mir_msgs/mir_msgs/msg/detail/path__rosidl_typesupport_introspection_c.h
[40.464s] -- Installing: /home/basmala/mir250_ws/install/mir_msgs/include/mir_msgs/mir_msgs/msg/detail/hook_extended_status__rosidl_typesupport_introspection_c.h
[40.464s] -- Installing: /home/basmala/mir250_ws/install/mir_msgs/include/mir_msgs/mir_msgs/msg/detail/serial__type_support.c
[40.465s] -- Installing: /home/basmala/mir250_ws/install/mir_msgs/include/mir_msgs/mir_msgs/msg/detail/devices__type_support.c
[40.465s] -- Installing: /home/basmala/mir250_ws/install/mir_msgs/include/mir_msgs/mir_msgs/msg/detail/i_os__type_support.c
[40.465s] -- Installing: /home/basmala/mir250_ws/install/mir_msgs/include/mir_msgs/mir_msgs/msg/detail/event__type_support.c
[40.465s] -- Installing: /home/basmala/mir250_ws/install/mir_msgs/include/mir_msgs/mir_msgs/msg/detail/pallet_lifter_status__rosidl_typesupport_introspection_c.h
[40.465s] -- Installing: /home/basmala/mir250_ws/install/mir_msgs/include/mir_msgs/mir_msgs/msg/detail/pose2_d__type_support.c
[40.465s] -- Installing: /home/basmala/mir250_ws/install/mir_msgs/include/mir_msgs/mir_msgs/msg/detail/external_robot__type_support.c
[40.465s] -- Installing: /home/basmala/mir250_ws/install/mir_msgs/include/mir_msgs/mir_msgs/msg/detail/events__rosidl_typesupport_introspection_c.h
[40.465s] -- Installing: /home/basmala/mir250_ws/install/mir_msgs/include/mir_msgs/mir_msgs/msg/detail/stamped_encoders__rosidl_typesupport_introspection_c.h
[40.466s] -- Installing: /home/basmala/mir250_ws/install/mir_msgs/include/mir_msgs/mir_msgs/msg/detail/resources_state__rosidl_typesupport_introspection_c.h
[40.466s] -- Installing: /home/basmala/mir250_ws/install/mir_msgs/include/mir_msgs/mir_msgs/msg/detail/devices__rosidl_typesupport_introspection_c.h
[40.466s] -- Installing: /home/basmala/mir250_ws/install/mir_msgs/include/mir_msgs/mir_msgs/msg/detail/error__rosidl_typesupport_introspection_c.h
[40.466s] -- Installing: /home/basmala/mir250_ws/install/mir_msgs/include/mir_msgs/mir_msgs/msg/detail/battery_currents__rosidl_typesupport_introspection_c.h
[40.466s] -- Installing: /home/basmala/mir250_ws/install/mir_msgs/include/mir_msgs/mir_msgs/msg/detail/plan_segment__type_support.c
[40.466s] -- Installing: /home/basmala/mir250_ws/install/mir_msgs/include/mir_msgs/mir_msgs/msg/detail/trolley__rosidl_typesupport_introspection_c.h
[40.466s] -- Installing: /home/basmala/mir250_ws/install/mir_msgs/include/mir_msgs/mir_msgs/msg/detail/mir_extra__type_support.c
[40.467s] -- Installing: /home/basmala/mir250_ws/install/mir_msgs/include/mir_msgs/mir_msgs/msg/detail/safety_status__rosidl_typesupport_introspection_c.h
[40.467s] -- Installing: /home/basmala/mir250_ws/install/mir_msgs/include/mir_msgs/mir_msgs/msg/detail/local_map_stat__rosidl_typesupport_introspection_c.h
[40.467s] -- Installing: /home/basmala/mir250_ws/install/mir_msgs/include/mir_msgs/mir_msgs/msg/detail/mission_ctrl_command__type_support.c
[40.467s] -- Installing: /home/basmala/mir250_ws/install/mir_msgs/include/mir_msgs/mir_msgs/msg/detail/hook_extended_status__type_support.c
[40.467s] -- Installing: /home/basmala/mir250_ws/install/mir_msgs/include/mir_msgs/mir_msgs/msg/detail/joystick_vel__rosidl_typesupport_introspection_c.h
[40.467s] -- Installing: /home/basmala/mir250_ws/install/mir_msgs/include/mir_msgs/mir_msgs/msg/detail/plan_segments__type_support.c
[40.467s] -- Installing: /home/basmala/mir250_ws/install/mir_msgs/include/mir_msgs/mir_msgs/msg/detail/gripper_state__rosidl_typesupport_introspection_c.h
[40.467s] -- Installing: /home/basmala/mir250_ws/install/mir_msgs/include/mir_msgs/mir_msgs/msg/detail/local_map_stat__type_support.c
[40.468s] -- Installing: /home/basmala/mir250_ws/install/mir_msgs/include/mir_msgs/mir_msgs/msg/detail/gpio__rosidl_typesupport_introspection_c.h
[40.468s] -- Installing: /home/basmala/mir250_ws/install/mir_msgs/include/mir_msgs/mir_msgs/msg/detail/plan_segment__rosidl_typesupport_introspection_c.h
[40.468s] -- Installing: /home/basmala/mir250_ws/install/mir_msgs/include/mir_msgs/mir_msgs/msg/detail/world_model__rosidl_typesupport_introspection_c.h
[40.468s] -- Installing: /home/basmala/mir250_ws/install/mir_msgs/include/mir_msgs/mir_msgs/msg/detail/brake_state__type_support.c
[40.468s] -- Installing: /home/basmala/mir250_ws/install/mir_msgs/include/mir_msgs/mir_msgs/msg/detail/power_board_motor_status__type_support.c
[40.468s] -- Installing: /home/basmala/mir250_ws/install/mir_msgs/include/mir_msgs/mir_msgs/msg/detail/mir_extra__rosidl_typesupport_introspection_c.h
[40.468s] -- Installing: /home/basmala/mir250_ws/install/mir_msgs/include/mir_msgs/mir_msgs/msg/detail/mission_ctrl_command__rosidl_typesupport_introspection_c.h
[40.468s] -- Installing: /home/basmala/mir250_ws/install/mir_msgs/include/mir_msgs/mir_msgs/msg/detail/world_model__type_support.c
[40.469s] -- Installing: /home/basmala/mir250_ws/install/mir_msgs/include/mir_msgs/mir_msgs/msg/detail/safety_status__type_support.c
[40.469s] -- Installing: /home/basmala/mir250_ws/install/mir_msgs/include/mir_msgs/mir_msgs/msg/detail/pose2_d__rosidl_typesupport_introspection_c.h
[40.469s] -- Installing: /home/basmala/mir250_ws/install/mir_msgs/include/mir_msgs/mir_msgs/msg/detail/robot_mode__type_support.c
[40.469s] -- Installing: /home/basmala/mir250_ws/install/mir_msgs/include/mir_msgs/mir_msgs/msg/detail/resources_state__type_support.c
[40.469s] -- Installing: /home/basmala/mir250_ws/install/mir_msgs/include/mir_msgs/mir_msgs/msg/detail/external_robots__rosidl_typesupport_introspection_c.h
[40.469s] -- Installing: /home/basmala/mir250_ws/install/mir_msgs/include/mir_msgs/mir_msgs/msg/detail/web_path__rosidl_typesupport_introspection_c.h
[40.469s] -- Installing: /home/basmala/mir250_ws/install/mir_msgs/include/mir_msgs/mir_msgs/msg/detail/height_state__type_support.c
[40.469s] -- Installing: /home/basmala/mir250_ws/install/mir_msgs/include/mir_msgs/mir_msgs/msg/detail/trolley__type_support.c
[40.470s] -- Installing: /home/basmala/mir250_ws/install/mir_msgs/include/mir_msgs/mir_msgs/msg/detail/events__type_support.c
[40.470s] -- Installing: /home/basmala/mir250_ws/install/mir_msgs/include/mir_msgs/mir_msgs/msg/detail/pendant__rosidl_typesupport_introspection_c.h
[40.470s] -- Installing: /home/basmala/mir250_ws/install/mir_msgs/include/mir_msgs/mir_msgs/msg/detail/encoders__rosidl_typesupport_introspection_c.h
[40.470s] -- Installing: /home/basmala/mir250_ws/install/mir_msgs/include/mir_msgs/mir_msgs/msg/detail/world_map__rosidl_typesupport_introspection_c.h
[40.470s] -- Installing: /home/basmala/mir250_ws/install/mir_msgs/include/mir_msgs/mir_msgs/msg/detail/pendant__type_support.c
[40.470s] -- Installing: /home/basmala/mir250_ws/install/mir_msgs/include/mir_msgs/mir_msgs/msg/detail/battery_currents__type_support.c
[40.470s] -- Installing: /home/basmala/mir250_ws/install/mir_msgs/include/mir_msgs/mir_msgs/msg/detail/resource_state__type_support.c
[40.470s] -- Installing: /home/basmala/mir250_ws/install/mir_msgs/include/mir_msgs/mir_msgs/msg/detail/hook_status__type_support.c
[40.471s] -- Installing: /home/basmala/mir250_ws/install/mir_msgs/include/mir_msgs/mir_msgs/msg/detail/external_robots__type_support.c
[40.471s] -- Installing: /home/basmala/mir250_ws/install/mir_msgs/include/mir_msgs/mir_msgs/msg/detail/path__type_support.c
[40.471s] -- Installing: /home/basmala/mir250_ws/install/mir_msgs/include/mir_msgs/mir_msgs/msg/detail/user_prompt__type_support.c
[40.471s] -- Installing: /home/basmala/mir250_ws/install/mir_msgs/include/mir_msgs/mir_msgs/msg/detail/power_board_motor_status__rosidl_typesupport_introspection_c.h
[40.471s] -- Installing: /home/basmala/mir250_ws/install/mir_msgs/include/mir_msgs/mir_msgs/msg/detail/bms_data__type_support.c
[40.471s] -- Installing: /home/basmala/mir250_ws/install/mir_msgs/include/mir_msgs/mir_msgs/msg/detail/user_prompt__rosidl_typesupport_introspection_c.h
[40.472s] -- Installing: /home/basmala/mir250_ws/install/mir_msgs/include/mir_msgs/mir_msgs/msg/detail/pallet_lifter_status__type_support.c
[40.472s] -- Installing: /home/basmala/mir250_ws/install/mir_msgs/include/mir_msgs/mir_msgs/msg/detail/stamped_encoders__type_support.c
[40.472s] -- Installing: /home/basmala/mir250_ws/install/mir_msgs/include/mir_msgs/mir_msgs/msg/detail/device__type_support.c
[40.472s] -- Installing: /home/basmala/mir250_ws/install/mir_msgs/include/mir_msgs/mir_msgs/msg/detail/twist2_d__type_support.c
[40.472s] -- Installing: /home/basmala/mir250_ws/install/mir_msgs/include/mir_msgs/mir_msgs/msg/detail/world_map__type_support.c
[40.472s] -- Installing: /home/basmala/mir250_ws/install/mir_msgs/include/mir_msgs/mir_msgs/msg/detail/proximity__rosidl_typesupport_introspection_c.h
[40.472s] -- Installing: /home/basmala/mir250_ws/install/mir_msgs/include/mir_msgs/mir_msgs/msg/detail/plan_segments__rosidl_typesupport_introspection_c.h
[40.472s] -- Installing: /home/basmala/mir250_ws/install/mir_msgs/include/mir_msgs/mir_msgs/msg/detail/device__rosidl_typesupport_introspection_c.h
[40.473s] -- Installing: /home/basmala/mir250_ws/install/mir_msgs/include/mir_msgs/mir_msgs/msg/detail/bms_data__rosidl_typesupport_introspection_c.h
[40.473s] -- Installing: /home/basmala/mir250_ws/install/mir_msgs/include/mir_msgs/mir_msgs/msg/detail/error__type_support.c
[40.473s] -- Installing: /home/basmala/mir250_ws/install/mir_msgs/include/mir_msgs/mir_msgs/msg/detail/resource_state__rosidl_typesupport_introspection_c.h
[40.473s] -- Installing: /home/basmala/mir250_ws/install/mir_msgs/include/mir_msgs/mir_msgs/msg/detail/external_robot__rosidl_typesupport_introspection_c.h
[40.473s] -- Installing: /home/basmala/mir250_ws/install/mir_msgs/include/mir_msgs/mir_msgs/msg/detail/gpio__type_support.c
[40.473s] -- Installing: /home/basmala/mir250_ws/install/mir_msgs/include/mir_msgs/mir_msgs/msg/detail/joystick_vel__type_support.c
[40.473s] -- Installing: /home/basmala/mir250_ws/install/mir_msgs/include/mir_msgs/mir_msgs/msg/rosidl_typesupport_introspection_c__visibility_control.h
[40.474s] -- Installing: /home/basmala/mir250_ws/install/mir_msgs/lib/libmir_msgs__rosidl_typesupport_introspection_c.so
[40.475s] -- Set runtime path of "/home/basmala/mir250_ws/install/mir_msgs/lib/libmir_msgs__rosidl_typesupport_introspection_c.so" to ""
[40.475s] -- Installing: /home/basmala/mir250_ws/install/mir_msgs/lib/libmir_msgs__rosidl_typesupport_c.so
[40.475s] -- Set runtime path of "/home/basmala/mir250_ws/install/mir_msgs/lib/libmir_msgs__rosidl_typesupport_c.so" to ""
[40.475s] -- Up-to-date: /home/basmala/mir250_ws/install/mir_msgs/include/mir_msgs/mir_msgs
[40.475s] -- Up-to-date: /home/basmala/mir250_ws/install/mir_msgs/include/mir_msgs/mir_msgs/srv
[40.475s] -- Up-to-date: /home/basmala/mir250_ws/install/mir_msgs/include/mir_msgs/mir_msgs/srv/detail
[40.475s] -- Installing: /home/basmala/mir250_ws/install/mir_msgs/include/mir_msgs/mir_msgs/srv/detail/exec_mission__type_support.cpp
[40.476s] -- Installing: /home/basmala/mir250_ws/install/mir_msgs/include/mir_msgs/mir_msgs/srv/detail/exec_mission__rosidl_typesupport_introspection_cpp.hpp
[40.476s] -- Up-to-date: /home/basmala/mir250_ws/install/mir_msgs/include/mir_msgs/mir_msgs/msg
[40.476s] -- Up-to-date: /home/basmala/mir250_ws/install/mir_msgs/include/mir_msgs/mir_msgs/msg/detail
[40.476s] -- Installing: /home/basmala/mir250_ws/install/mir_msgs/include/mir_msgs/mir_msgs/msg/detail/resource_state__rosidl_typesupport_introspection_cpp.hpp
[40.476s] -- Installing: /home/basmala/mir250_ws/install/mir_msgs/include/mir_msgs/mir_msgs/msg/detail/devices__type_support.cpp
[40.476s] -- Installing: /home/basmala/mir250_ws/install/mir_msgs/include/mir_msgs/mir_msgs/msg/detail/joystick_vel__type_support.cpp
[40.476s] -- Installing: /home/basmala/mir250_ws/install/mir_msgs/include/mir_msgs/mir_msgs/msg/detail/web_path__type_support.cpp
[40.476s] -- Installing: /home/basmala/mir250_ws/install/mir_msgs/include/mir_msgs/mir_msgs/msg/detail/mission_ctrl_command__type_support.cpp
[40.476s] -- Installing: /home/basmala/mir250_ws/install/mir_msgs/include/mir_msgs/mir_msgs/msg/detail/world_map__type_support.cpp
[40.476s] -- Installing: /home/basmala/mir250_ws/install/mir_msgs/include/mir_msgs/mir_msgs/msg/detail/local_map_stat__rosidl_typesupport_introspection_cpp.hpp
[40.477s] -- Installing: /home/basmala/mir250_ws/install/mir_msgs/include/mir_msgs/mir_msgs/msg/detail/world_map__rosidl_typesupport_introspection_cpp.hpp
[40.477s] -- Installing: /home/basmala/mir250_ws/install/mir_msgs/include/mir_msgs/mir_msgs/msg/detail/robot_mode__type_support.cpp
[40.477s] -- Installing: /home/basmala/mir250_ws/install/mir_msgs/include/mir_msgs/mir_msgs/msg/detail/proximity__type_support.cpp
[40.477s] -- Installing: /home/basmala/mir250_ws/install/mir_msgs/include/mir_msgs/mir_msgs/msg/detail/device__type_support.cpp
[40.477s] -- Installing: /home/basmala/mir250_ws/install/mir_msgs/include/mir_msgs/mir_msgs/msg/detail/user_prompt__type_support.cpp
[40.477s] -- Installing: /home/basmala/mir250_ws/install/mir_msgs/include/mir_msgs/mir_msgs/msg/detail/event__rosidl_typesupport_introspection_cpp.hpp
[40.477s] -- Installing: /home/basmala/mir250_ws/install/mir_msgs/include/mir_msgs/mir_msgs/msg/detail/event__type_support.cpp
[40.478s] -- Installing: /home/basmala/mir250_ws/install/mir_msgs/include/mir_msgs/mir_msgs/msg/detail/twist2_d__type_support.cpp
[40.478s] -- Installing: /home/basmala/mir250_ws/install/mir_msgs/include/mir_msgs/mir_msgs/msg/detail/resources_state__rosidl_typesupport_introspection_cpp.hpp
[40.478s] -- Installing: /home/basmala/mir250_ws/install/mir_msgs/include/mir_msgs/mir_msgs/msg/detail/safety_status__type_support.cpp
[40.478s] -- Installing: /home/basmala/mir250_ws/install/mir_msgs/include/mir_msgs/mir_msgs/msg/detail/proximity__rosidl_typesupport_introspection_cpp.hpp
[40.478s] -- Installing: /home/basmala/mir250_ws/install/mir_msgs/include/mir_msgs/mir_msgs/msg/detail/height_state__rosidl_typesupport_introspection_cpp.hpp
[40.478s] -- Installing: /home/basmala/mir250_ws/install/mir_msgs/include/mir_msgs/mir_msgs/msg/detail/trolley__rosidl_typesupport_introspection_cpp.hpp
[40.478s] -- Installing: /home/basmala/mir250_ws/install/mir_msgs/include/mir_msgs/mir_msgs/msg/detail/external_robot__rosidl_typesupport_introspection_cpp.hpp
[40.479s] -- Installing: /home/basmala/mir250_ws/install/mir_msgs/include/mir_msgs/mir_msgs/msg/detail/pendant__rosidl_typesupport_introspection_cpp.hpp
[40.479s] -- Installing: /home/basmala/mir250_ws/install/mir_msgs/include/mir_msgs/mir_msgs/msg/detail/resource_state__type_support.cpp
[40.479s] -- Installing: /home/basmala/mir250_ws/install/mir_msgs/include/mir_msgs/mir_msgs/msg/detail/power_board_motor_status__type_support.cpp
[40.479s] -- Installing: /home/basmala/mir250_ws/install/mir_msgs/include/mir_msgs/mir_msgs/msg/detail/i_os__type_support.cpp
[40.479s] -- Installing: /home/basmala/mir250_ws/install/mir_msgs/include/mir_msgs/mir_msgs/msg/detail/battery_currents__type_support.cpp
[40.479s] -- Installing: /home/basmala/mir250_ws/install/mir_msgs/include/mir_msgs/mir_msgs/msg/detail/bms_data__rosidl_typesupport_introspection_cpp.hpp
[40.480s] -- Installing: /home/basmala/mir250_ws/install/mir_msgs/include/mir_msgs/mir_msgs/msg/detail/i_os__rosidl_typesupport_introspection_cpp.hpp
[40.480s] -- Installing: /home/basmala/mir250_ws/install/mir_msgs/include/mir_msgs/mir_msgs/msg/detail/pendant__type_support.cpp
[40.480s] -- Installing: /home/basmala/mir250_ws/install/mir_msgs/include/mir_msgs/mir_msgs/msg/detail/events__rosidl_typesupport_introspection_cpp.hpp
[40.480s] -- Installing: /home/basmala/mir250_ws/install/mir_msgs/include/mir_msgs/mir_msgs/msg/detail/mission_ctrl_state__type_support.cpp
[40.480s] -- Installing: /home/basmala/mir250_ws/install/mir_msgs/include/mir_msgs/mir_msgs/msg/detail/trolley__type_support.cpp
[40.480s] -- Installing: /home/basmala/mir250_ws/install/mir_msgs/include/mir_msgs/mir_msgs/msg/detail/external_robot__type_support.cpp
[40.480s] -- Installing: /home/basmala/mir250_ws/install/mir_msgs/include/mir_msgs/mir_msgs/msg/detail/battery_currents__rosidl_typesupport_introspection_cpp.hpp
[40.481s] -- Installing: /home/basmala/mir250_ws/install/mir_msgs/include/mir_msgs/mir_msgs/msg/detail/world_model__rosidl_typesupport_introspection_cpp.hpp
[40.481s] -- Installing: /home/basmala/mir250_ws/install/mir_msgs/include/mir_msgs/mir_msgs/msg/detail/local_map_stat__type_support.cpp
[40.481s] -- Installing: /home/basmala/mir250_ws/install/mir_msgs/include/mir_msgs/mir_msgs/msg/detail/power_board_motor_status__rosidl_typesupport_introspection_cpp.hpp
[40.481s] -- Installing: /home/basmala/mir250_ws/install/mir_msgs/include/mir_msgs/mir_msgs/msg/detail/mir_extra__type_support.cpp
[40.481s] -- Installing: /home/basmala/mir250_ws/install/mir_msgs/include/mir_msgs/mir_msgs/msg/detail/plan_segment__rosidl_typesupport_introspection_cpp.hpp
[40.481s] -- Installing: /home/basmala/mir250_ws/install/mir_msgs/include/mir_msgs/mir_msgs/msg/detail/user_prompt__rosidl_typesupport_introspection_cpp.hpp
[40.481s] -- Installing: /home/basmala/mir250_ws/install/mir_msgs/include/mir_msgs/mir_msgs/msg/detail/brake_state__type_support.cpp
[40.481s] -- Installing: /home/basmala/mir250_ws/install/mir_msgs/include/mir_msgs/mir_msgs/msg/detail/robot_mode__rosidl_typesupport_introspection_cpp.hpp
[40.482s] -- Installing: /home/basmala/mir250_ws/install/mir_msgs/include/mir_msgs/mir_msgs/msg/detail/events__type_support.cpp
[40.482s] -- Installing: /home/basmala/mir250_ws/install/mir_msgs/include/mir_msgs/mir_msgs/msg/detail/world_model__type_support.cpp
[40.482s] -- Installing: /home/basmala/mir250_ws/install/mir_msgs/include/mir_msgs/mir_msgs/msg/detail/gripper_state__type_support.cpp
[40.482s] -- Installing: /home/basmala/mir250_ws/install/mir_msgs/include/mir_msgs/mir_msgs/msg/detail/plan_segments__type_support.cpp
[40.482s] -- Installing: /home/basmala/mir250_ws/install/mir_msgs/include/mir_msgs/mir_msgs/msg/detail/mission_ctrl_state__rosidl_typesupport_introspection_cpp.hpp
[40.482s] -- Installing: /home/basmala/mir250_ws/install/mir_msgs/include/mir_msgs/mir_msgs/msg/detail/brake_state__rosidl_typesupport_introspection_cpp.hpp
[40.482s] -- Installing: /home/basmala/mir250_ws/install/mir_msgs/include/mir_msgs/mir_msgs/msg/detail/stamped_encoders__type_support.cpp
[40.482s] -- Installing: /home/basmala/mir250_ws/install/mir_msgs/include/mir_msgs/mir_msgs/msg/detail/hook_status__rosidl_typesupport_introspection_cpp.hpp
[40.483s] -- Installing: /home/basmala/mir250_ws/install/mir_msgs/include/mir_msgs/mir_msgs/msg/detail/robot_status__type_support.cpp
[40.483s] -- Installing: /home/basmala/mir250_ws/install/mir_msgs/include/mir_msgs/mir_msgs/msg/detail/serial__rosidl_typesupport_introspection_cpp.hpp
[40.483s] -- Installing: /home/basmala/mir250_ws/install/mir_msgs/include/mir_msgs/mir_msgs/msg/detail/path__rosidl_typesupport_introspection_cpp.hpp
[40.483s] -- Installing: /home/basmala/mir250_ws/install/mir_msgs/include/mir_msgs/mir_msgs/msg/detail/stamped_encoders__rosidl_typesupport_introspection_cpp.hpp
[40.483s] -- Installing: /home/basmala/mir250_ws/install/mir_msgs/include/mir_msgs/mir_msgs/msg/detail/resources_state__type_support.cpp
[40.483s] -- Installing: /home/basmala/mir250_ws/install/mir_msgs/include/mir_msgs/mir_msgs/msg/detail/pallet_lifter_status__rosidl_typesupport_introspection_cpp.hpp
[40.483s] -- Installing: /home/basmala/mir250_ws/install/mir_msgs/include/mir_msgs/mir_msgs/msg/detail/robot_status__rosidl_typesupport_introspection_cpp.hpp
[40.483s] -- Installing: /home/basmala/mir250_ws/install/mir_msgs/include/mir_msgs/mir_msgs/msg/detail/charging_state__type_support.cpp
[40.484s] -- Installing: /home/basmala/mir250_ws/install/mir_msgs/include/mir_msgs/mir_msgs/msg/detail/devices__rosidl_typesupport_introspection_cpp.hpp
[40.484s] -- Installing: /home/basmala/mir250_ws/install/mir_msgs/include/mir_msgs/mir_msgs/msg/detail/plan_segments__rosidl_typesupport_introspection_cpp.hpp
[40.484s] -- Installing: /home/basmala/mir250_ws/install/mir_msgs/include/mir_msgs/mir_msgs/msg/detail/pallet_lifter_status__type_support.cpp
[40.484s] -- Installing: /home/basmala/mir250_ws/install/mir_msgs/include/mir_msgs/mir_msgs/msg/detail/gripper_state__rosidl_typesupport_introspection_cpp.hpp
[40.484s] -- Installing: /home/basmala/mir250_ws/install/mir_msgs/include/mir_msgs/mir_msgs/msg/detail/pose2_d__type_support.cpp
[40.484s] -- Installing: /home/basmala/mir250_ws/install/mir_msgs/include/mir_msgs/mir_msgs/msg/detail/joystick_vel__rosidl_typesupport_introspection_cpp.hpp
[40.484s] -- Installing: /home/basmala/mir250_ws/install/mir_msgs/include/mir_msgs/mir_msgs/msg/detail/robot_state__rosidl_typesupport_introspection_cpp.hpp
[40.485s] -- Installing: /home/basmala/mir250_ws/install/mir_msgs/include/mir_msgs/mir_msgs/msg/detail/hook_extended_status__rosidl_typesupport_introspection_cpp.hpp
[40.485s] -- Installing: /home/basmala/mir250_ws/install/mir_msgs/include/mir_msgs/mir_msgs/msg/detail/hook_extended_status__type_support.cpp
[40.485s] -- Installing: /home/basmala/mir250_ws/install/mir_msgs/include/mir_msgs/mir_msgs/msg/detail/gpio__type_support.cpp
[40.485s] -- Installing: /home/basmala/mir250_ws/install/mir_msgs/include/mir_msgs/mir_msgs/msg/detail/path__type_support.cpp
[40.485s] -- Installing: /home/basmala/mir250_ws/install/mir_msgs/include/mir_msgs/mir_msgs/msg/detail/mir_extra__rosidl_typesupport_introspection_cpp.hpp
[40.485s] -- Installing: /home/basmala/mir250_ws/install/mir_msgs/include/mir_msgs/mir_msgs/msg/detail/encoders__type_support.cpp
[40.485s] -- Installing: /home/basmala/mir250_ws/install/mir_msgs/include/mir_msgs/mir_msgs/msg/detail/safety_status__rosidl_typesupport_introspection_cpp.hpp
[40.485s] -- Installing: /home/basmala/mir250_ws/install/mir_msgs/include/mir_msgs/mir_msgs/msg/detail/external_robots__type_support.cpp
[40.485s] -- Installing: /home/basmala/mir250_ws/install/mir_msgs/include/mir_msgs/mir_msgs/msg/detail/robot_state__type_support.cpp
[40.486s] -- Installing: /home/basmala/mir250_ws/install/mir_msgs/include/mir_msgs/mir_msgs/msg/detail/error__rosidl_typesupport_introspection_cpp.hpp
[40.486s] -- Installing: /home/basmala/mir250_ws/install/mir_msgs/include/mir_msgs/mir_msgs/msg/detail/serial__type_support.cpp
[40.486s] -- Installing: /home/basmala/mir250_ws/install/mir_msgs/include/mir_msgs/mir_msgs/msg/detail/height_state__type_support.cpp
[40.486s] -- Installing: /home/basmala/mir250_ws/install/mir_msgs/include/mir_msgs/mir_msgs/msg/detail/error__type_support.cpp
[40.486s] -- Installing: /home/basmala/mir250_ws/install/mir_msgs/include/mir_msgs/mir_msgs/msg/detail/web_path__rosidl_typesupport_introspection_cpp.hpp
[40.486s] -- Installing: /home/basmala/mir250_ws/install/mir_msgs/include/mir_msgs/mir_msgs/msg/detail/device__rosidl_typesupport_introspection_cpp.hpp
[40.486s] -- Installing: /home/basmala/mir250_ws/install/mir_msgs/include/mir_msgs/mir_msgs/msg/detail/bms_data__type_support.cpp
[40.487s] -- Installing: /home/basmala/mir250_ws/install/mir_msgs/include/mir_msgs/mir_msgs/msg/detail/twist2_d__rosidl_typesupport_introspection_cpp.hpp
[40.487s] -- Installing: /home/basmala/mir250_ws/install/mir_msgs/include/mir_msgs/mir_msgs/msg/detail/plan_segment__type_support.cpp
[40.487s] -- Installing: /home/basmala/mir250_ws/install/mir_msgs/include/mir_msgs/mir_msgs/msg/detail/charging_state__rosidl_typesupport_introspection_cpp.hpp
[40.487s] -- Installing: /home/basmala/mir250_ws/install/mir_msgs/include/mir_msgs/mir_msgs/msg/detail/mission_ctrl_command__rosidl_typesupport_introspection_cpp.hpp
[40.487s] -- Installing: /home/basmala/mir250_ws/install/mir_msgs/include/mir_msgs/mir_msgs/msg/detail/pose2_d__rosidl_typesupport_introspection_cpp.hpp
[40.487s] -- Installing: /home/basmala/mir250_ws/install/mir_msgs/include/mir_msgs/mir_msgs/msg/detail/gpio__rosidl_typesupport_introspection_cpp.hpp
[40.487s] -- Installing: /home/basmala/mir250_ws/install/mir_msgs/include/mir_msgs/mir_msgs/msg/detail/hook_status__type_support.cpp
[40.488s] -- Installing: /home/basmala/mir250_ws/install/mir_msgs/include/mir_msgs/mir_msgs/msg/detail/external_robots__rosidl_typesupport_introspection_cpp.hpp
[40.488s] -- Installing: /home/basmala/mir250_ws/install/mir_msgs/include/mir_msgs/mir_msgs/msg/detail/encoders__rosidl_typesupport_introspection_cpp.hpp
[40.488s] -- Installing: /home/basmala/mir250_ws/install/mir_msgs/lib/libmir_msgs__rosidl_typesupport_introspection_cpp.so
[40.490s] -- Set runtime path of "/home/basmala/mir250_ws/install/mir_msgs/lib/libmir_msgs__rosidl_typesupport_introspection_cpp.so" to ""
[40.490s] -- Installing: /home/basmala/mir250_ws/install/mir_msgs/lib/libmir_msgs__rosidl_typesupport_cpp.so
[40.490s] -- Set runtime path of "/home/basmala/mir250_ws/install/mir_msgs/lib/libmir_msgs__rosidl_typesupport_cpp.so" to ""
[40.490s] -- Installing: /home/basmala/mir250_ws/install/mir_msgs/share/mir_msgs/environment/pythonpath.sh
[40.490s] -- Installing: /home/basmala/mir250_ws/install/mir_msgs/share/mir_msgs/environment/pythonpath.dsv
[40.491s] -- Installing: /home/basmala/mir250_ws/install/mir_msgs/local/lib/python3.10/dist-packages/mir_msgs-1.1.3-py3.10.egg-info
[40.492s] -- Installing: /home/basmala/mir250_ws/install/mir_msgs/local/lib/python3.10/dist-packages/mir_msgs-1.1.3-py3.10.egg-info/dependency_links.txt
[40.492s] -- Installing: /home/basmala/mir250_ws/install/mir_msgs/local/lib/python3.10/dist-packages/mir_msgs-1.1.3-py3.10.egg-info/PKG-INFO
[40.492s] -- Installing: /home/basmala/mir250_ws/install/mir_msgs/local/lib/python3.10/dist-packages/mir_msgs-1.1.3-py3.10.egg-info/SOURCES.txt
[40.492s] -- Installing: /home/basmala/mir250_ws/install/mir_msgs/local/lib/python3.10/dist-packages/mir_msgs-1.1.3-py3.10.egg-info/top_level.txt
[40.492s] -- Installing: /home/basmala/mir250_ws/install/mir_msgs/local/lib/python3.10/dist-packages/mir_msgs
[40.493s] -- Installing: /home/basmala/mir250_ws/install/mir_msgs/local/lib/python3.10/dist-packages/mir_msgs/libmir_msgs__rosidl_generator_py.so
[40.493s] -- Installing: /home/basmala/mir250_ws/install/mir_msgs/local/lib/python3.10/dist-packages/mir_msgs/_mir_msgs_s.ep.rosidl_typesupport_fastrtps_c.c
[40.493s] -- Installing: /home/basmala/mir250_ws/install/mir_msgs/local/lib/python3.10/dist-packages/mir_msgs/srv
[40.493s] -- Installing: /home/basmala/mir250_ws/install/mir_msgs/local/lib/python3.10/dist-packages/mir_msgs/srv/__init__.py
[40.493s] -- Installing: /home/basmala/mir250_ws/install/mir_msgs/local/lib/python3.10/dist-packages/mir_msgs/srv/_exec_mission.py
[40.494s] -- Installing: /home/basmala/mir250_ws/install/mir_msgs/local/lib/python3.10/dist-packages/mir_msgs/srv/_exec_mission_s.c
[40.494s] -- Installing: /home/basmala/mir250_ws/install/mir_msgs/local/lib/python3.10/dist-packages/mir_msgs/msg
[40.494s] -- Installing: /home/basmala/mir250_ws/install/mir_msgs/local/lib/python3.10/dist-packages/mir_msgs/msg/_trolley_s.c
[40.494s] -- Installing: /home/basmala/mir250_ws/install/mir_msgs/local/lib/python3.10/dist-packages/mir_msgs/msg/_safety_status.py
[40.494s] -- Installing: /home/basmala/mir250_ws/install/mir_msgs/local/lib/python3.10/dist-packages/mir_msgs/msg/_gripper_state.py
[40.494s] -- Installing: /home/basmala/mir250_ws/install/mir_msgs/local/lib/python3.10/dist-packages/mir_msgs/msg/_web_path_s.c
[40.494s] -- Installing: /home/basmala/mir250_ws/install/mir_msgs/local/lib/python3.10/dist-packages/mir_msgs/msg/_twist2_d.py
[40.495s] -- Installing: /home/basmala/mir250_ws/install/mir_msgs/local/lib/python3.10/dist-packages/mir_msgs/msg/_height_state_s.c
[40.495s] -- Installing: /home/basmala/mir250_ws/install/mir_msgs/local/lib/python3.10/dist-packages/mir_msgs/msg/_serial_s.c
[40.495s] -- Installing: /home/basmala/mir250_ws/install/mir_msgs/local/lib/python3.10/dist-packages/mir_msgs/msg/_external_robots_s.c
[40.495s] -- Installing: /home/basmala/mir250_ws/install/mir_msgs/local/lib/python3.10/dist-packages/mir_msgs/msg/_hook_status_s.c
[40.495s] -- Installing: /home/basmala/mir250_ws/install/mir_msgs/local/lib/python3.10/dist-packages/mir_msgs/msg/_hook_extended_status.py
[40.495s] -- Installing: /home/basmala/mir250_ws/install/mir_msgs/local/lib/python3.10/dist-packages/mir_msgs/msg/_hook_status.py
[40.495s] -- Installing: /home/basmala/mir250_ws/install/mir_msgs/local/lib/python3.10/dist-packages/mir_msgs/msg/_stamped_encoders.py
[40.496s] -- Installing: /home/basmala/mir250_ws/install/mir_msgs/local/lib/python3.10/dist-packages/mir_msgs/msg/_resource_state_s.c
[40.496s] -- Installing: /home/basmala/mir250_ws/install/mir_msgs/local/lib/python3.10/dist-packages/mir_msgs/msg/_device.py
[40.496s] -- Installing: /home/basmala/mir250_ws/install/mir_msgs/local/lib/python3.10/dist-packages/mir_msgs/msg/_local_map_stat_s.c
[40.496s] -- Installing: /home/basmala/mir250_ws/install/mir_msgs/local/lib/python3.10/dist-packages/mir_msgs/msg/_plan_segments_s.c
[40.496s] -- Installing: /home/basmala/mir250_ws/install/mir_msgs/local/lib/python3.10/dist-packages/mir_msgs/msg/_hook_extended_status_s.c
[40.496s] -- Installing: /home/basmala/mir250_ws/install/mir_msgs/local/lib/python3.10/dist-packages/mir_msgs/msg/_world_model.py
[40.496s] -- Installing: /home/basmala/mir250_ws/install/mir_msgs/local/lib/python3.10/dist-packages/mir_msgs/msg/_robot_status_s.c
[40.496s] -- Installing: /home/basmala/mir250_ws/install/mir_msgs/local/lib/python3.10/dist-packages/mir_msgs/msg/_plan_segments.py
[40.497s] -- Installing: /home/basmala/mir250_ws/install/mir_msgs/local/lib/python3.10/dist-packages/mir_msgs/msg/_mission_ctrl_command_s.c
[40.497s] -- Installing: /home/basmala/mir250_ws/install/mir_msgs/local/lib/python3.10/dist-packages/mir_msgs/msg/_resources_state.py
[40.497s] -- Installing: /home/basmala/mir250_ws/install/mir_msgs/local/lib/python3.10/dist-packages/mir_msgs/msg/_charging_state_s.c
[40.497s] -- Installing: /home/basmala/mir250_ws/install/mir_msgs/local/lib/python3.10/dist-packages/mir_msgs/msg/_robot_mode.py
[40.497s] -- Installing: /home/basmala/mir250_ws/install/mir_msgs/local/lib/python3.10/dist-packages/mir_msgs/msg/_events_s.c
[40.497s] -- Installing: /home/basmala/mir250_ws/install/mir_msgs/local/lib/python3.10/dist-packages/mir_msgs/msg/_event.py
[40.497s] -- Installing: /home/basmala/mir250_ws/install/mir_msgs/local/lib/python3.10/dist-packages/mir_msgs/msg/_pose2_d.py
[40.497s] -- Installing: /home/basmala/mir250_ws/install/mir_msgs/local/lib/python3.10/dist-packages/mir_msgs/msg/__init__.py
[40.497s] -- Installing: /home/basmala/mir250_ws/install/mir_msgs/local/lib/python3.10/dist-packages/mir_msgs/msg/_robot_mode_s.c
[40.498s] -- Installing: /home/basmala/mir250_ws/install/mir_msgs/local/lib/python3.10/dist-packages/mir_msgs/msg/_trolley.py
[40.498s] -- Installing: /home/basmala/mir250_ws/install/mir_msgs/local/lib/python3.10/dist-packages/mir_msgs/msg/_devices_s.c
[40.498s] -- Installing: /home/basmala/mir250_ws/install/mir_msgs/local/lib/python3.10/dist-packages/mir_msgs/msg/_pendant.py
[40.498s] -- Installing: /home/basmala/mir250_ws/install/mir_msgs/local/lib/python3.10/dist-packages/mir_msgs/msg/_path_s.c
[40.498s] -- Installing: /home/basmala/mir250_ws/install/mir_msgs/local/lib/python3.10/dist-packages/mir_msgs/msg/_brake_state.py
[40.498s] -- Installing: /home/basmala/mir250_ws/install/mir_msgs/local/lib/python3.10/dist-packages/mir_msgs/msg/_mission_ctrl_state_s.c
[40.498s] -- Installing: /home/basmala/mir250_ws/install/mir_msgs/local/lib/python3.10/dist-packages/mir_msgs/msg/_external_robot_s.c
[40.498s] -- Installing: /home/basmala/mir250_ws/install/mir_msgs/local/lib/python3.10/dist-packages/mir_msgs/msg/_pallet_lifter_status.py
[40.498s] -- Installing: /home/basmala/mir250_ws/install/mir_msgs/local/lib/python3.10/dist-packages/mir_msgs/msg/_robot_state_s.c
[40.499s] -- Installing: /home/basmala/mir250_ws/install/mir_msgs/local/lib/python3.10/dist-packages/mir_msgs/msg/_user_prompt_s.c
[40.499s] -- Installing: /home/basmala/mir250_ws/install/mir_msgs/local/lib/python3.10/dist-packages/mir_msgs/msg/_i_os.py
[40.499s] -- Installing: /home/basmala/mir250_ws/install/mir_msgs/local/lib/python3.10/dist-packages/mir_msgs/msg/_brake_state_s.c
[40.499s] -- Installing: /home/basmala/mir250_ws/install/mir_msgs/local/lib/python3.10/dist-packages/mir_msgs/msg/_charging_state.py
[40.499s] -- Installing: /home/basmala/mir250_ws/install/mir_msgs/local/lib/python3.10/dist-packages/mir_msgs/msg/_robot_status.py
[40.499s] -- Installing: /home/basmala/mir250_ws/install/mir_msgs/local/lib/python3.10/dist-packages/mir_msgs/msg/_i_os_s.c
[40.499s] -- Installing: /home/basmala/mir250_ws/install/mir_msgs/local/lib/python3.10/dist-packages/mir_msgs/msg/_world_map.py
[40.499s] -- Installing: /home/basmala/mir250_ws/install/mir_msgs/local/lib/python3.10/dist-packages/mir_msgs/msg/_proximity_s.c
[40.499s] -- Installing: /home/basmala/mir250_ws/install/mir_msgs/local/lib/python3.10/dist-packages/mir_msgs/msg/_gpio.py
[40.500s] -- Installing: /home/basmala/mir250_ws/install/mir_msgs/local/lib/python3.10/dist-packages/mir_msgs/msg/_device_s.c
[40.500s] -- Installing: /home/basmala/mir250_ws/install/mir_msgs/local/lib/python3.10/dist-packages/mir_msgs/msg/_safety_status_s.c
[40.500s] -- Installing: /home/basmala/mir250_ws/install/mir_msgs/local/lib/python3.10/dist-packages/mir_msgs/msg/_local_map_stat.py
[40.500s] -- Installing: /home/basmala/mir250_ws/install/mir_msgs/local/lib/python3.10/dist-packages/mir_msgs/msg/_external_robots.py
[40.500s] -- Installing: /home/basmala/mir250_ws/install/mir_msgs/local/lib/python3.10/dist-packages/mir_msgs/msg/_devices.py
[40.500s] -- Installing: /home/basmala/mir250_ws/install/mir_msgs/local/lib/python3.10/dist-packages/mir_msgs/msg/_pendant_s.c
[40.500s] -- Installing: /home/basmala/mir250_ws/install/mir_msgs/local/lib/python3.10/dist-packages/mir_msgs/msg/_encoders_s.c
[40.500s] -- Installing: /home/basmala/mir250_ws/install/mir_msgs/local/lib/python3.10/dist-packages/mir_msgs/msg/_bms_data.py
[40.501s] -- Installing: /home/basmala/mir250_ws/install/mir_msgs/local/lib/python3.10/dist-packages/mir_msgs/msg/_web_path.py
[40.501s] -- Installing: /home/basmala/mir250_ws/install/mir_msgs/local/lib/python3.10/dist-packages/mir_msgs/msg/_mission_ctrl_command.py
[40.501s] -- Installing: /home/basmala/mir250_ws/install/mir_msgs/local/lib/python3.10/dist-packages/mir_msgs/msg/_pallet_lifter_status_s.c
[40.501s] -- Installing: /home/basmala/mir250_ws/install/mir_msgs/local/lib/python3.10/dist-packages/mir_msgs/msg/_encoders.py
[40.501s] -- Installing: /home/basmala/mir250_ws/install/mir_msgs/local/lib/python3.10/dist-packages/mir_msgs/msg/_battery_currents_s.c
[40.501s] -- Installing: /home/basmala/mir250_ws/install/mir_msgs/local/lib/python3.10/dist-packages/mir_msgs/msg/_resources_state_s.c
[40.501s] -- Installing: /home/basmala/mir250_ws/install/mir_msgs/local/lib/python3.10/dist-packages/mir_msgs/msg/_proximity.py
[40.501s] -- Installing: /home/basmala/mir250_ws/install/mir_msgs/local/lib/python3.10/dist-packages/mir_msgs/msg/_twist2_d_s.c
[40.502s] -- Installing: /home/basmala/mir250_ws/install/mir_msgs/local/lib/python3.10/dist-packages/mir_msgs/msg/_path.py
[40.502s] -- Installing: /home/basmala/mir250_ws/install/mir_msgs/local/lib/python3.10/dist-packages/mir_msgs/msg/_height_state.py
[40.502s] -- Installing: /home/basmala/mir250_ws/install/mir_msgs/local/lib/python3.10/dist-packages/mir_msgs/msg/_plan_segment.py
[40.502s] -- Installing: /home/basmala/mir250_ws/install/mir_msgs/local/lib/python3.10/dist-packages/mir_msgs/msg/_error_s.c
[40.502s] -- Installing: /home/basmala/mir250_ws/install/mir_msgs/local/lib/python3.10/dist-packages/mir_msgs/msg/_mission_ctrl_state.py
[40.502s] -- Installing: /home/basmala/mir250_ws/install/mir_msgs/local/lib/python3.10/dist-packages/mir_msgs/msg/_bms_data_s.c
[40.502s] -- Installing: /home/basmala/mir250_ws/install/mir_msgs/local/lib/python3.10/dist-packages/mir_msgs/msg/_world_map_s.c
[40.503s] -- Installing: /home/basmala/mir250_ws/install/mir_msgs/local/lib/python3.10/dist-packages/mir_msgs/msg/_external_robot.py
[40.503s] -- Installing: /home/basmala/mir250_ws/install/mir_msgs/local/lib/python3.10/dist-packages/mir_msgs/msg/_gripper_state_s.c
[40.503s] -- Installing: /home/basmala/mir250_ws/install/mir_msgs/local/lib/python3.10/dist-packages/mir_msgs/msg/_plan_segment_s.c
[40.503s] -- Installing: /home/basmala/mir250_ws/install/mir_msgs/local/lib/python3.10/dist-packages/mir_msgs/msg/_power_board_motor_status.py
[40.503s] -- Installing: /home/basmala/mir250_ws/install/mir_msgs/local/lib/python3.10/dist-packages/mir_msgs/msg/_stamped_encoders_s.c
[40.503s] -- Installing: /home/basmala/mir250_ws/install/mir_msgs/local/lib/python3.10/dist-packages/mir_msgs/msg/_events.py
[40.503s] -- Installing: /home/basmala/mir250_ws/install/mir_msgs/local/lib/python3.10/dist-packages/mir_msgs/msg/_robot_state.py
[40.503s] -- Installing: /home/basmala/mir250_ws/install/mir_msgs/local/lib/python3.10/dist-packages/mir_msgs/msg/_event_s.c
[40.504s] -- Installing: /home/basmala/mir250_ws/install/mir_msgs/local/lib/python3.10/dist-packages/mir_msgs/msg/_mir_extra.py
[40.504s] -- Installing: /home/basmala/mir250_ws/install/mir_msgs/local/lib/python3.10/dist-packages/mir_msgs/msg/_joystick_vel.py
[40.504s] -- Installing: /home/basmala/mir250_ws/install/mir_msgs/local/lib/python3.10/dist-packages/mir_msgs/msg/_world_model_s.c
[40.504s] -- Installing: /home/basmala/mir250_ws/install/mir_msgs/local/lib/python3.10/dist-packages/mir_msgs/msg/_gpio_s.c
[40.504s] -- Installing: /home/basmala/mir250_ws/install/mir_msgs/local/lib/python3.10/dist-packages/mir_msgs/msg/_serial.py
[40.504s] -- Installing: /home/basmala/mir250_ws/install/mir_msgs/local/lib/python3.10/dist-packages/mir_msgs/msg/_resource_state.py
[40.504s] -- Installing: /home/basmala/mir250_ws/install/mir_msgs/local/lib/python3.10/dist-packages/mir_msgs/msg/_joystick_vel_s.c
[40.504s] -- Installing: /home/basmala/mir250_ws/install/mir_msgs/local/lib/python3.10/dist-packages/mir_msgs/msg/_power_board_motor_status_s.c
[40.505s] -- Installing: /home/basmala/mir250_ws/install/mir_msgs/local/lib/python3.10/dist-packages/mir_msgs/msg/_pose2_d_s.c
[40.505s] -- Installing: /home/basmala/mir250_ws/install/mir_msgs/local/lib/python3.10/dist-packages/mir_msgs/msg/_error.py
[40.505s] -- Installing: /home/basmala/mir250_ws/install/mir_msgs/local/lib/python3.10/dist-packages/mir_msgs/msg/_mir_extra_s.c
[40.505s] -- Installing: /home/basmala/mir250_ws/install/mir_msgs/local/lib/python3.10/dist-packages/mir_msgs/msg/_user_prompt.py
[40.505s] -- Installing: /home/basmala/mir250_ws/install/mir_msgs/local/lib/python3.10/dist-packages/mir_msgs/msg/_battery_currents.py
[40.505s] -- Installing: /home/basmala/mir250_ws/install/mir_msgs/local/lib/python3.10/dist-packages/mir_msgs/__init__.py
[40.505s] -- Installing: /home/basmala/mir250_ws/install/mir_msgs/local/lib/python3.10/dist-packages/mir_msgs/mir_msgs_s__rosidl_typesupport_fastrtps_c.cpython-310-x86_64-linux-gnu.so
[40.506s] -- Installing: /home/basmala/mir250_ws/install/mir_msgs/local/lib/python3.10/dist-packages/mir_msgs/_mir_msgs_s.ep.rosidl_typesupport_introspection_c.c
[40.506s] -- Installing: /home/basmala/mir250_ws/install/mir_msgs/local/lib/python3.10/dist-packages/mir_msgs/_mir_msgs_s.ep.rosidl_typesupport_c.c
[40.506s] -- Installing: /home/basmala/mir250_ws/install/mir_msgs/local/lib/python3.10/dist-packages/mir_msgs/mir_msgs_s__rosidl_typesupport_introspection_c.cpython-310-x86_64-linux-gnu.so
[40.506s] -- Installing: /home/basmala/mir250_ws/install/mir_msgs/local/lib/python3.10/dist-packages/mir_msgs/mir_msgs_s__rosidl_typesupport_c.cpython-310-x86_64-linux-gnu.so
[40.619s] Listing '/home/basmala/mir250_ws/install/mir_msgs/local/lib/python3.10/dist-packages/mir_msgs'...
[40.619s] Compiling '/home/basmala/mir250_ws/install/mir_msgs/local/lib/python3.10/dist-packages/mir_msgs/__init__.py'...
[40.619s] Listing '/home/basmala/mir250_ws/install/mir_msgs/local/lib/python3.10/dist-packages/mir_msgs/msg'...
[40.619s] Compiling '/home/basmala/mir250_ws/install/mir_msgs/local/lib/python3.10/dist-packages/mir_msgs/msg/__init__.py'...
[40.620s] Compiling '/home/basmala/mir250_ws/install/mir_msgs/local/lib/python3.10/dist-packages/mir_msgs/msg/_battery_currents.py'...
[40.620s] Compiling '/home/basmala/mir250_ws/install/mir_msgs/local/lib/python3.10/dist-packages/mir_msgs/msg/_bms_data.py'...
[40.620s] Compiling '/home/basmala/mir250_ws/install/mir_msgs/local/lib/python3.10/dist-packages/mir_msgs/msg/_brake_state.py'...
[40.620s] Compiling '/home/basmala/mir250_ws/install/mir_msgs/local/lib/python3.10/dist-packages/mir_msgs/msg/_charging_state.py'...
[40.620s] Compiling '/home/basmala/mir250_ws/install/mir_msgs/local/lib/python3.10/dist-packages/mir_msgs/msg/_device.py'...
[40.620s] Compiling '/home/basmala/mir250_ws/install/mir_msgs/local/lib/python3.10/dist-packages/mir_msgs/msg/_devices.py'...
[40.620s] Compiling '/home/basmala/mir250_ws/install/mir_msgs/local/lib/python3.10/dist-packages/mir_msgs/msg/_encoders.py'...
[40.620s] Compiling '/home/basmala/mir250_ws/install/mir_msgs/local/lib/python3.10/dist-packages/mir_msgs/msg/_error.py'...
[40.620s] Compiling '/home/basmala/mir250_ws/install/mir_msgs/local/lib/python3.10/dist-packages/mir_msgs/msg/_event.py'...
[40.620s] Compiling '/home/basmala/mir250_ws/install/mir_msgs/local/lib/python3.10/dist-packages/mir_msgs/msg/_events.py'...
[40.620s] Compiling '/home/basmala/mir250_ws/install/mir_msgs/local/lib/python3.10/dist-packages/mir_msgs/msg/_external_robot.py'...
[40.620s] Compiling '/home/basmala/mir250_ws/install/mir_msgs/local/lib/python3.10/dist-packages/mir_msgs/msg/_external_robots.py'...
[40.620s] Compiling '/home/basmala/mir250_ws/install/mir_msgs/local/lib/python3.10/dist-packages/mir_msgs/msg/_gpio.py'...
[40.620s] Compiling '/home/basmala/mir250_ws/install/mir_msgs/local/lib/python3.10/dist-packages/mir_msgs/msg/_gripper_state.py'...
[40.620s] Compiling '/home/basmala/mir250_ws/install/mir_msgs/local/lib/python3.10/dist-packages/mir_msgs/msg/_height_state.py'...
[40.620s] Compiling '/home/basmala/mir250_ws/install/mir_msgs/local/lib/python3.10/dist-packages/mir_msgs/msg/_hook_extended_status.py'...
[40.620s] Compiling '/home/basmala/mir250_ws/install/mir_msgs/local/lib/python3.10/dist-packages/mir_msgs/msg/_hook_status.py'...
[40.620s] Compiling '/home/basmala/mir250_ws/install/mir_msgs/local/lib/python3.10/dist-packages/mir_msgs/msg/_i_os.py'...
[40.620s] Compiling '/home/basmala/mir250_ws/install/mir_msgs/local/lib/python3.10/dist-packages/mir_msgs/msg/_joystick_vel.py'...
[40.620s] Compiling '/home/basmala/mir250_ws/install/mir_msgs/local/lib/python3.10/dist-packages/mir_msgs/msg/_local_map_stat.py'...
[40.621s] Compiling '/home/basmala/mir250_ws/install/mir_msgs/local/lib/python3.10/dist-packages/mir_msgs/msg/_mir_extra.py'...
[40.621s] Compiling '/home/basmala/mir250_ws/install/mir_msgs/local/lib/python3.10/dist-packages/mir_msgs/msg/_mission_ctrl_command.py'...
[40.621s] Compiling '/home/basmala/mir250_ws/install/mir_msgs/local/lib/python3.10/dist-packages/mir_msgs/msg/_mission_ctrl_state.py'...
[40.621s] Compiling '/home/basmala/mir250_ws/install/mir_msgs/local/lib/python3.10/dist-packages/mir_msgs/msg/_pallet_lifter_status.py'...
[40.621s] Compiling '/home/basmala/mir250_ws/install/mir_msgs/local/lib/python3.10/dist-packages/mir_msgs/msg/_path.py'...
[40.621s] Compiling '/home/basmala/mir250_ws/install/mir_msgs/local/lib/python3.10/dist-packages/mir_msgs/msg/_pendant.py'...
[40.621s] Compiling '/home/basmala/mir250_ws/install/mir_msgs/local/lib/python3.10/dist-packages/mir_msgs/msg/_plan_segment.py'...
[40.621s] Compiling '/home/basmala/mir250_ws/install/mir_msgs/local/lib/python3.10/dist-packages/mir_msgs/msg/_plan_segments.py'...
[40.621s] Compiling '/home/basmala/mir250_ws/install/mir_msgs/local/lib/python3.10/dist-packages/mir_msgs/msg/_pose2_d.py'...
[40.621s] Compiling '/home/basmala/mir250_ws/install/mir_msgs/local/lib/python3.10/dist-packages/mir_msgs/msg/_power_board_motor_status.py'...
[40.621s] Compiling '/home/basmala/mir250_ws/install/mir_msgs/local/lib/python3.10/dist-packages/mir_msgs/msg/_proximity.py'...
[40.621s] Compiling '/home/basmala/mir250_ws/install/mir_msgs/local/lib/python3.10/dist-packages/mir_msgs/msg/_resource_state.py'...
[40.621s] Compiling '/home/basmala/mir250_ws/install/mir_msgs/local/lib/python3.10/dist-packages/mir_msgs/msg/_resources_state.py'...
[40.621s] Compiling '/home/basmala/mir250_ws/install/mir_msgs/local/lib/python3.10/dist-packages/mir_msgs/msg/_robot_mode.py'...
[40.621s] Compiling '/home/basmala/mir250_ws/install/mir_msgs/local/lib/python3.10/dist-packages/mir_msgs/msg/_robot_state.py'...
[40.621s] Compiling '/home/basmala/mir250_ws/install/mir_msgs/local/lib/python3.10/dist-packages/mir_msgs/msg/_robot_status.py'...
[40.621s] Compiling '/home/basmala/mir250_ws/install/mir_msgs/local/lib/python3.10/dist-packages/mir_msgs/msg/_safety_status.py'...
[40.621s] Compiling '/home/basmala/mir250_ws/install/mir_msgs/local/lib/python3.10/dist-packages/mir_msgs/msg/_serial.py'...
[40.621s] Compiling '/home/basmala/mir250_ws/install/mir_msgs/local/lib/python3.10/dist-packages/mir_msgs/msg/_stamped_encoders.py'...
[40.621s] Compiling '/home/basmala/mir250_ws/install/mir_msgs/local/lib/python3.10/dist-packages/mir_msgs/msg/_trolley.py'...
[40.621s] Compiling '/home/basmala/mir250_ws/install/mir_msgs/local/lib/python3.10/dist-packages/mir_msgs/msg/_twist2_d.py'...
[40.621s] Compiling '/home/basmala/mir250_ws/install/mir_msgs/local/lib/python3.10/dist-packages/mir_msgs/msg/_user_prompt.py'...
[40.622s] Compiling '/home/basmala/mir250_ws/install/mir_msgs/local/lib/python3.10/dist-packages/mir_msgs/msg/_web_path.py'...
[40.622s] Compiling '/home/basmala/mir250_ws/install/mir_msgs/local/lib/python3.10/dist-packages/mir_msgs/msg/_world_map.py'...
[40.622s] Compiling '/home/basmala/mir250_ws/install/mir_msgs/local/lib/python3.10/dist-packages/mir_msgs/msg/_world_model.py'...
[40.622s] Listing '/home/basmala/mir250_ws/install/mir_msgs/local/lib/python3.10/dist-packages/mir_msgs/srv'...
[40.622s] Compiling '/home/basmala/mir250_ws/install/mir_msgs/local/lib/python3.10/dist-packages/mir_msgs/srv/__init__.py'...
[40.622s] Compiling '/home/basmala/mir250_ws/install/mir_msgs/local/lib/python3.10/dist-packages/mir_msgs/srv/_exec_mission.py'...
[40.625s] -- Installing: /home/basmala/mir250_ws/install/mir_msgs/local/lib/python3.10/dist-packages/mir_msgs/mir_msgs_s__rosidl_typesupport_fastrtps_c.cpython-310-x86_64-linux-gnu.so
[40.626s] -- Set runtime path of "/home/basmala/mir250_ws/install/mir_msgs/local/lib/python3.10/dist-packages/mir_msgs/mir_msgs_s__rosidl_typesupport_fastrtps_c.cpython-310-x86_64-linux-gnu.so" to ""
[40.626s] -- Installing: /home/basmala/mir250_ws/install/mir_msgs/local/lib/python3.10/dist-packages/mir_msgs/mir_msgs_s__rosidl_typesupport_introspection_c.cpython-310-x86_64-linux-gnu.so
[40.626s] -- Set runtime path of "/home/basmala/mir250_ws/install/mir_msgs/local/lib/python3.10/dist-packages/mir_msgs/mir_msgs_s__rosidl_typesupport_introspection_c.cpython-310-x86_64-linux-gnu.so" to ""
[40.627s] -- Installing: /home/basmala/mir250_ws/install/mir_msgs/local/lib/python3.10/dist-packages/mir_msgs/mir_msgs_s__rosidl_typesupport_c.cpython-310-x86_64-linux-gnu.so
[40.627s] -- Set runtime path of "/home/basmala/mir250_ws/install/mir_msgs/local/lib/python3.10/dist-packages/mir_msgs/mir_msgs_s__rosidl_typesupport_c.cpython-310-x86_64-linux-gnu.so" to ""
[40.627s] -- Installing: /home/basmala/mir250_ws/install/mir_msgs/lib/libmir_msgs__rosidl_generator_py.so
[40.628s] -- Set runtime path of "/home/basmala/mir250_ws/install/mir_msgs/lib/libmir_msgs__rosidl_generator_py.so" to ""
[40.628s] -- Installing: /home/basmala/mir250_ws/install/mir_msgs/share/ament_index/resource_index/rust_packages/mir_msgs
[40.628s] -- Installing: /home/basmala/mir250_ws/install/mir_msgs/share/mir_msgs/rust
[40.628s] -- Installing: /home/basmala/mir250_ws/install/mir_msgs/share/mir_msgs/rust/Cargo.toml
[40.629s] -- Installing: /home/basmala/mir250_ws/install/mir_msgs/share/mir_msgs/rust/build.rs
[40.629s] -- Installing: /home/basmala/mir250_ws/install/mir_msgs/share/mir_msgs/rust/src
[40.629s] -- Installing: /home/basmala/mir250_ws/install/mir_msgs/share/mir_msgs/rust/src/srv
[40.629s] -- Installing: /home/basmala/mir250_ws/install/mir_msgs/share/mir_msgs/rust/src/srv/rmw.rs
[40.629s] -- Installing: /home/basmala/mir250_ws/install/mir_msgs/share/mir_msgs/rust/src/msg.rs
[40.629s] -- Installing: /home/basmala/mir250_ws/install/mir_msgs/share/mir_msgs/rust/src/msg
[40.629s] -- Installing: /home/basmala/mir250_ws/install/mir_msgs/share/mir_msgs/rust/src/msg/rmw.rs
[40.629s] -- Installing: /home/basmala/mir250_ws/install/mir_msgs/share/mir_msgs/rust/src/srv.rs
[40.630s] -- Installing: /home/basmala/mir250_ws/install/mir_msgs/share/mir_msgs/rust/src/lib.rs
[40.630s] -- Installing: /home/basmala/mir250_ws/install/mir_msgs/share/mir_msgs/msg/BatteryCurrents.idl
[40.630s] -- Installing: /home/basmala/mir250_ws/install/mir_msgs/share/mir_msgs/msg/BMSData.idl
[40.630s] -- Installing: /home/basmala/mir250_ws/install/mir_msgs/share/mir_msgs/msg/BrakeState.idl
[40.630s] -- Installing: /home/basmala/mir250_ws/install/mir_msgs/share/mir_msgs/msg/ChargingState.idl
[40.630s] -- Installing: /home/basmala/mir250_ws/install/mir_msgs/share/mir_msgs/msg/Device.idl
[40.630s] -- Installing: /home/basmala/mir250_ws/install/mir_msgs/share/mir_msgs/msg/Devices.idl
[40.631s] -- Installing: /home/basmala/mir250_ws/install/mir_msgs/share/mir_msgs/msg/Encoders.idl
[40.631s] -- Installing: /home/basmala/mir250_ws/install/mir_msgs/share/mir_msgs/msg/Error.idl
[40.631s] -- Installing: /home/basmala/mir250_ws/install/mir_msgs/share/mir_msgs/msg/Event.idl
[40.631s] -- Installing: /home/basmala/mir250_ws/install/mir_msgs/share/mir_msgs/msg/Events.idl
[40.631s] -- Installing: /home/basmala/mir250_ws/install/mir_msgs/share/mir_msgs/msg/ExternalRobot.idl
[40.631s] -- Installing: /home/basmala/mir250_ws/install/mir_msgs/share/mir_msgs/msg/ExternalRobots.idl
[40.632s] -- Installing: /home/basmala/mir250_ws/install/mir_msgs/share/mir_msgs/msg/Gpio.idl
[40.632s] -- Installing: /home/basmala/mir250_ws/install/mir_msgs/share/mir_msgs/msg/GripperState.idl
[40.632s] -- Installing: /home/basmala/mir250_ws/install/mir_msgs/share/mir_msgs/msg/HeightState.idl
[40.632s] -- Installing: /home/basmala/mir250_ws/install/mir_msgs/share/mir_msgs/msg/HookExtendedStatus.idl
[40.632s] -- Installing: /home/basmala/mir250_ws/install/mir_msgs/share/mir_msgs/msg/HookStatus.idl
[40.632s] -- Installing: /home/basmala/mir250_ws/install/mir_msgs/share/mir_msgs/msg/IOs.idl
[40.633s] -- Installing: /home/basmala/mir250_ws/install/mir_msgs/share/mir_msgs/msg/JoystickVel.idl
[40.633s] -- Installing: /home/basmala/mir250_ws/install/mir_msgs/share/mir_msgs/msg/LocalMapStat.idl
[40.633s] -- Installing: /home/basmala/mir250_ws/install/mir_msgs/share/mir_msgs/msg/MirExtra.idl
[40.633s] -- Installing: /home/basmala/mir250_ws/install/mir_msgs/share/mir_msgs/msg/MissionCtrlCommand.idl
[40.633s] -- Installing: /home/basmala/mir250_ws/install/mir_msgs/share/mir_msgs/msg/MissionCtrlState.idl
[40.633s] -- Installing: /home/basmala/mir250_ws/install/mir_msgs/share/mir_msgs/msg/PalletLifterStatus.idl
[40.634s] -- Installing: /home/basmala/mir250_ws/install/mir_msgs/share/mir_msgs/msg/Path.idl
[40.634s] -- Installing: /home/basmala/mir250_ws/install/mir_msgs/share/mir_msgs/msg/Pendant.idl
[40.634s] -- Installing: /home/basmala/mir250_ws/install/mir_msgs/share/mir_msgs/msg/PlanSegment.idl
[40.634s] -- Installing: /home/basmala/mir250_ws/install/mir_msgs/share/mir_msgs/msg/PlanSegments.idl
[40.634s] -- Installing: /home/basmala/mir250_ws/install/mir_msgs/share/mir_msgs/msg/Pose2D.idl
[40.634s] -- Installing: /home/basmala/mir250_ws/install/mir_msgs/share/mir_msgs/msg/PowerBoardMotorStatus.idl
[40.635s] -- Installing: /home/basmala/mir250_ws/install/mir_msgs/share/mir_msgs/msg/Proximity.idl
[40.635s] -- Installing: /home/basmala/mir250_ws/install/mir_msgs/share/mir_msgs/msg/ResourcesState.idl
[40.635s] -- Installing: /home/basmala/mir250_ws/install/mir_msgs/share/mir_msgs/msg/ResourceState.idl
[40.635s] -- Installing: /home/basmala/mir250_ws/install/mir_msgs/share/mir_msgs/msg/RobotMode.idl
[40.635s] -- Installing: /home/basmala/mir250_ws/install/mir_msgs/share/mir_msgs/msg/RobotState.idl
[40.635s] -- Installing: /home/basmala/mir250_ws/install/mir_msgs/share/mir_msgs/msg/RobotStatus.idl
[40.636s] -- Installing: /home/basmala/mir250_ws/install/mir_msgs/share/mir_msgs/msg/SafetyStatus.idl
[40.636s] -- Installing: /home/basmala/mir250_ws/install/mir_msgs/share/mir_msgs/msg/Serial.idl
[40.636s] -- Installing: /home/basmala/mir250_ws/install/mir_msgs/share/mir_msgs/msg/StampedEncoders.idl
[40.636s] -- Installing: /home/basmala/mir250_ws/install/mir_msgs/share/mir_msgs/msg/Trolley.idl
[40.636s] -- Installing: /home/basmala/mir250_ws/install/mir_msgs/share/mir_msgs/msg/Twist2D.idl
[40.637s] -- Installing: /home/basmala/mir250_ws/install/mir_msgs/share/mir_msgs/msg/UserPrompt.idl
[40.637s] -- Installing: /home/basmala/mir250_ws/install/mir_msgs/share/mir_msgs/msg/WebPath.idl
[40.637s] -- Installing: /home/basmala/mir250_ws/install/mir_msgs/share/mir_msgs/msg/WorldMap.idl
[40.637s] -- Installing: /home/basmala/mir250_ws/install/mir_msgs/share/mir_msgs/msg/WorldModel.idl
[40.637s] -- Installing: /home/basmala/mir250_ws/install/mir_msgs/share/mir_msgs/srv/ExecMission.idl
[40.637s] -- Installing: /home/basmala/mir250_ws/install/mir_msgs/share/mir_msgs/msg/BatteryCurrents.msg
[40.643s] -- Installing: /home/basmala/mir250_ws/install/mir_msgs/share/mir_msgs/msg/BMSData.msg
[40.644s] -- Installing: /home/basmala/mir250_ws/install/mir_msgs/share/mir_msgs/msg/BrakeState.msg
[40.644s] -- Installing: /home/basmala/mir250_ws/install/mir_msgs/share/mir_msgs/msg/ChargingState.msg
[40.645s] -- Installing: /home/basmala/mir250_ws/install/mir_msgs/share/mir_msgs/msg/Device.msg
[40.645s] -- Installing: /home/basmala/mir250_ws/install/mir_msgs/share/mir_msgs/msg/Devices.msg
[40.645s] -- Installing: /home/basmala/mir250_ws/install/mir_msgs/share/mir_msgs/msg/Encoders.msg
[40.646s] -- Installing: /home/basmala/mir250_ws/install/mir_msgs/share/mir_msgs/msg/Error.msg
[40.646s] -- Installing: /home/basmala/mir250_ws/install/mir_msgs/share/mir_msgs/msg/Event.msg
[40.646s] -- Installing: /home/basmala/mir250_ws/install/mir_msgs/share/mir_msgs/msg/Events.msg
[40.647s] -- Installing: /home/basmala/mir250_ws/install/mir_msgs/share/mir_msgs/msg/ExternalRobot.msg
[40.647s] -- Installing: /home/basmala/mir250_ws/install/mir_msgs/share/mir_msgs/msg/ExternalRobots.msg
[40.647s] -- Installing: /home/basmala/mir250_ws/install/mir_msgs/share/mir_msgs/msg/Gpio.msg
[40.648s] -- Installing: /home/basmala/mir250_ws/install/mir_msgs/share/mir_msgs/msg/GripperState.msg
[40.648s] -- Installing: /home/basmala/mir250_ws/install/mir_msgs/share/mir_msgs/msg/HeightState.msg
[40.648s] -- Installing: /home/basmala/mir250_ws/install/mir_msgs/share/mir_msgs/msg/HookExtendedStatus.msg
[40.648s] -- Installing: /home/basmala/mir250_ws/install/mir_msgs/share/mir_msgs/msg/HookStatus.msg
[40.649s] -- Installing: /home/basmala/mir250_ws/install/mir_msgs/share/mir_msgs/msg/IOs.msg
[40.649s] -- Installing: /home/basmala/mir250_ws/install/mir_msgs/share/mir_msgs/msg/JoystickVel.msg
[40.650s] -- Installing: /home/basmala/mir250_ws/install/mir_msgs/share/mir_msgs/msg/LocalMapStat.msg
[40.650s] -- Installing: /home/basmala/mir250_ws/install/mir_msgs/share/mir_msgs/msg/MirExtra.msg
[40.650s] -- Installing: /home/basmala/mir250_ws/install/mir_msgs/share/mir_msgs/msg/MissionCtrlCommand.msg
[40.651s] -- Installing: /home/basmala/mir250_ws/install/mir_msgs/share/mir_msgs/msg/MissionCtrlState.msg
[40.651s] -- Installing: /home/basmala/mir250_ws/install/mir_msgs/share/mir_msgs/msg/PalletLifterStatus.msg
[40.652s] -- Installing: /home/basmala/mir250_ws/install/mir_msgs/share/mir_msgs/msg/Path.msg
[40.652s] -- Installing: /home/basmala/mir250_ws/install/mir_msgs/share/mir_msgs/msg/Pendant.msg
[40.652s] -- Installing: /home/basmala/mir250_ws/install/mir_msgs/share/mir_msgs/msg/PlanSegment.msg
[40.652s] -- Installing: /home/basmala/mir250_ws/install/mir_msgs/share/mir_msgs/msg/PlanSegments.msg
[40.653s] -- Installing: /home/basmala/mir250_ws/install/mir_msgs/share/mir_msgs/msg/Pose2D.msg
[40.653s] -- Installing: /home/basmala/mir250_ws/install/mir_msgs/share/mir_msgs/msg/PowerBoardMotorStatus.msg
[40.653s] -- Installing: /home/basmala/mir250_ws/install/mir_msgs/share/mir_msgs/msg/Proximity.msg
[40.654s] -- Installing: /home/basmala/mir250_ws/install/mir_msgs/share/mir_msgs/msg/ResourcesState.msg
[40.654s] -- Installing: /home/basmala/mir250_ws/install/mir_msgs/share/mir_msgs/msg/ResourceState.msg
[40.654s] -- Installing: /home/basmala/mir250_ws/install/mir_msgs/share/mir_msgs/msg/RobotMode.msg
[40.654s] -- Installing: /home/basmala/mir250_ws/install/mir_msgs/share/mir_msgs/msg/RobotState.msg
[40.655s] -- Installing: /home/basmala/mir250_ws/install/mir_msgs/share/mir_msgs/msg/RobotStatus.msg
[40.655s] -- Installing: /home/basmala/mir250_ws/install/mir_msgs/share/mir_msgs/msg/SafetyStatus.msg
[40.655s] -- Installing: /home/basmala/mir250_ws/install/mir_msgs/share/mir_msgs/msg/Serial.msg
[40.655s] -- Installing: /home/basmala/mir250_ws/install/mir_msgs/share/mir_msgs/msg/StampedEncoders.msg
[40.656s] -- Installing: /home/basmala/mir250_ws/install/mir_msgs/share/mir_msgs/msg/Trolley.msg
[40.656s] -- Installing: /home/basmala/mir250_ws/install/mir_msgs/share/mir_msgs/msg/Twist2D.msg
[40.656s] -- Installing: /home/basmala/mir250_ws/install/mir_msgs/share/mir_msgs/msg/UserPrompt.msg
[40.656s] -- Installing: /home/basmala/mir250_ws/install/mir_msgs/share/mir_msgs/msg/WebPath.msg
[40.657s] -- Installing: /home/basmala/mir250_ws/install/mir_msgs/share/mir_msgs/msg/WorldMap.msg
[40.657s] -- Installing: /home/basmala/mir250_ws/install/mir_msgs/share/mir_msgs/msg/WorldModel.msg
[40.657s] -- Installing: /home/basmala/mir250_ws/install/mir_msgs/share/mir_msgs/srv/ExecMission.srv
[40.658s] -- Installing: /home/basmala/mir250_ws/install/mir_msgs/share/mir_msgs/srv/ExecMission_Request.msg
[40.658s] -- Installing: /home/basmala/mir250_ws/install/mir_msgs/share/mir_msgs/srv/ExecMission_Response.msg
[40.658s] -- Installing: /home/basmala/mir250_ws/install/mir_msgs/share/ament_index/resource_index/package_run_dependencies/mir_msgs
[40.658s] -- Installing: /home/basmala/mir250_ws/install/mir_msgs/share/ament_index/resource_index/parent_prefix_path/mir_msgs
[40.659s] -- Installing: /home/basmala/mir250_ws/install/mir_msgs/share/mir_msgs/environment/ament_prefix_path.sh
[40.659s] -- Installing: /home/basmala/mir250_ws/install/mir_msgs/share/mir_msgs/environment/ament_prefix_path.dsv
[40.659s] -- Installing: /home/basmala/mir250_ws/install/mir_msgs/share/mir_msgs/environment/path.sh
[40.659s] -- Installing: /home/basmala/mir250_ws/install/mir_msgs/share/mir_msgs/environment/path.dsv
[40.660s] -- Installing: /home/basmala/mir250_ws/install/mir_msgs/share/mir_msgs/local_setup.bash
[40.660s] -- Installing: /home/basmala/mir250_ws/install/mir_msgs/share/mir_msgs/local_setup.sh
[40.660s] -- Installing: /home/basmala/mir250_ws/install/mir_msgs/share/mir_msgs/local_setup.zsh
[40.660s] -- Installing: /home/basmala/mir250_ws/install/mir_msgs/share/mir_msgs/local_setup.dsv
[40.660s] -- Installing: /home/basmala/mir250_ws/install/mir_msgs/share/mir_msgs/package.dsv
[40.661s] -- Installing: /home/basmala/mir250_ws/install/mir_msgs/share/ament_index/resource_index/packages/mir_msgs
[40.661s] -- Installing: /home/basmala/mir250_ws/install/mir_msgs/share/mir_msgs/cmake/export_mir_msgs__rosidl_generator_cExport.cmake
[40.661s] -- Installing: /home/basmala/mir250_ws/install/mir_msgs/share/mir_msgs/cmake/export_mir_msgs__rosidl_generator_cExport-noconfig.cmake
[40.661s] -- Installing: /home/basmala/mir250_ws/install/mir_msgs/share/mir_msgs/cmake/export_mir_msgs__rosidl_typesupport_fastrtps_cExport.cmake
[40.662s] -- Installing: /home/basmala/mir250_ws/install/mir_msgs/share/mir_msgs/cmake/export_mir_msgs__rosidl_typesupport_fastrtps_cExport-noconfig.cmake
[40.662s] -- Installing: /home/basmala/mir250_ws/install/mir_msgs/share/mir_msgs/cmake/export_mir_msgs__rosidl_generator_cppExport.cmake
[40.662s] -- Installing: /home/basmala/mir250_ws/install/mir_msgs/share/mir_msgs/cmake/export_mir_msgs__rosidl_typesupport_fastrtps_cppExport.cmake
[40.662s] -- Installing: /home/basmala/mir250_ws/install/mir_msgs/share/mir_msgs/cmake/export_mir_msgs__rosidl_typesupport_fastrtps_cppExport-noconfig.cmake
[40.662s] -- Installing: /home/basmala/mir250_ws/install/mir_msgs/share/mir_msgs/cmake/mir_msgs__rosidl_typesupport_introspection_cExport.cmake
[40.663s] -- Installing: /home/basmala/mir250_ws/install/mir_msgs/share/mir_msgs/cmake/mir_msgs__rosidl_typesupport_introspection_cExport-noconfig.cmake
[40.663s] -- Installing: /home/basmala/mir250_ws/install/mir_msgs/share/mir_msgs/cmake/mir_msgs__rosidl_typesupport_cExport.cmake
[40.663s] -- Installing: /home/basmala/mir250_ws/install/mir_msgs/share/mir_msgs/cmake/mir_msgs__rosidl_typesupport_cExport-noconfig.cmake
[40.663s] -- Installing: /home/basmala/mir250_ws/install/mir_msgs/share/mir_msgs/cmake/mir_msgs__rosidl_typesupport_introspection_cppExport.cmake
[40.664s] -- Installing: /home/basmala/mir250_ws/install/mir_msgs/share/mir_msgs/cmake/mir_msgs__rosidl_typesupport_introspection_cppExport-noconfig.cmake
[40.664s] -- Installing: /home/basmala/mir250_ws/install/mir_msgs/share/mir_msgs/cmake/mir_msgs__rosidl_typesupport_cppExport.cmake
[40.664s] -- Installing: /home/basmala/mir250_ws/install/mir_msgs/share/mir_msgs/cmake/mir_msgs__rosidl_typesupport_cppExport-noconfig.cmake
[40.665s] -- Installing: /home/basmala/mir250_ws/install/mir_msgs/share/mir_msgs/cmake/export_mir_msgs__rosidl_generator_pyExport.cmake
[40.665s] -- Installing: /home/basmala/mir250_ws/install/mir_msgs/share/mir_msgs/cmake/export_mir_msgs__rosidl_generator_pyExport-noconfig.cmake
[40.665s] -- Installing: /home/basmala/mir250_ws/install/mir_msgs/share/mir_msgs/cmake/rosidl_cmake-extras.cmake
[40.665s] -- Installing: /home/basmala/mir250_ws/install/mir_msgs/share/mir_msgs/cmake/ament_cmake_export_dependencies-extras.cmake
[40.666s] -- Installing: /home/basmala/mir250_ws/install/mir_msgs/share/mir_msgs/cmake/ament_cmake_export_include_directories-extras.cmake
[40.666s] -- Installing: /home/basmala/mir250_ws/install/mir_msgs/share/mir_msgs/cmake/ament_cmake_export_libraries-extras.cmake
[40.666s] -- Installing: /home/basmala/mir250_ws/install/mir_msgs/share/mir_msgs/cmake/ament_cmake_export_targets-extras.cmake
[40.666s] -- Installing: /home/basmala/mir250_ws/install/mir_msgs/share/mir_msgs/cmake/rosidl_cmake_export_typesupport_targets-extras.cmake
[40.666s] -- Installing: /home/basmala/mir250_ws/install/mir_msgs/share/mir_msgs/cmake/rosidl_cmake_export_typesupport_libraries-extras.cmake
[40.667s] -- Installing: /home/basmala/mir250_ws/install/mir_msgs/share/mir_msgs/cmake/mir_msgsConfig.cmake
[40.667s] -- Installing: /home/basmala/mir250_ws/install/mir_msgs/share/mir_msgs/cmake/mir_msgsConfig-version.cmake
[40.667s] -- Installing: /home/basmala/mir250_ws/install/mir_msgs/share/mir_msgs/package.xml
[40.672s] Invoked command in '/home/basmala/mir250_ws/build/mir_msgs' returned '0': CMAKE_PREFIX_PATH=/opt/ros/humble /usr/bin/cmake --install /home/basmala/mir250_ws/build/mir_msgs
